crop,region,soil_type,rainfall_mm,temperature_c,humidity_pct,nitrogen_kg_ha,phosphorus_kg_ha,potassium_kg_ha,ph,area_hectares,yield_tonnes_per_hectare
Sugarcane,West,Sandy,635.717468602799,24.721491955131057,62.36998693737837,70.2243417962268,63.47848720931841,54.77586628238019,6.6865431578206325,0.2404862514361803,78.83
Cotton,North,Black,960.7596340630387,23.632048562803746,93.44386863260306,31.683131654816286,29.28397170285424,46.60552347933446,6.615824667582557,1.754333173054612,2.14
Maize,West,Alluvial,1455.8150643410609,22.173152668550674,52.60063184698286,81.31860460595222,40.63107114917066,48.52359836469718,5.525592838733994,2.020272208095463,3.2
Cotton,West,Red,1169.404320439834,25.121669404021635,47.522535832764305,73.51102630404881,22.7250458227346,33.38960812544485,7.698219525136475,0.45145389506429107,2.14
Cotton,West,Laterite,1544.2138987176745,23.880998539677957,62.09549842999427,81.03795598235638,39.08045520659998,23.759499007425113,5.284028747553504,0.5708483209575029,1.8
Wheat,North,Sandy,1024.896158096273,31.364939929541507,59.00174316958923,67.60001429427335,38.46385105377013,37.72776279787076,7.5406264089389605,0.3322717987322805,3.72
Maize,North,Black,990.7447708524182,23.42111453092923,68.98968977163265,40.200125342678085,63.30434201306724,44.394183464123856,5.039019465988996,5.086295989287954,2.65
Maize,Central,Alluvial,1427.537555976112,29.254116392333387,76.89304535237586,73.4893903243067,48.063412092306244,48.603958109003116,7.949765945562424,0.4790845670539408,3.76
Maize,South,Alluvial,952.2357085481955,29.079134915574052,59.38206195264914,110.51010167989821,39.491538495737586,32.2640133012118,6.829921868358956,0.1,3.34
Cotton,South,Laterite,704.059028055645,19.494465041849935,96.6016818315052,54.74569740264032,39.297547188083655,29.876957248534765,6.087591605348922,3.667074046886918,2.2
Sugarcane,Central,Alluvial,1095.0262352852094,24.471502422755773,83.46045562605474,58.06770288655676,33.11278116483204,35.23181620329083,5.393376546484569,3.2514137424232272,90.64
Maize,Central,Alluvial,1336.7541945977182,26.449689241277003,53.54709652470992,91.37197510811102,36.41378196889464,51.98376412328854,6.487211029881566,1.2195798432111393,3.32
Soybean,West,Laterite,752.2157460756372,28.327059260613,63.813669803815074,49.049404984262296,41.23195338406217,12.938403999287988,6.86700005183847,3.190698776345332,2.28
Cotton,Central,Sandy,1176.7130619034099,25.818153383986527,72.9260436370346,85.64529694514448,69.08348767722401,35.7951890145937,6.545903344123807,1.1942806786991174,2.71
Wheat,East,Red,972.0290474007011,32.20957162710395,52.56629540395456,91.10103594484053,46.02692474153624,29.589646241259608,6.1742208183876075,0.5085319389551131,3.5
Sugarcane,South,Red,1135.4049353701168,27.52372989123825,34.029568300228824,65.92441799922088,24.469958469854404,47.45609973885553,5.918290636955244,1.1104418689210604,78.51
Soybean,Central,Black,1094.0601631135296,29.22757268532091,93.94068145956575,61.256283683316745,79.12064568501987,56.07359349599938,7.445047725957817,1.3344688477392024,2.83
Soybean,East,Sandy,875.7086825092518,24.03913273282372,48.39492765344475,44.77379450292199,55.51708657984004,15.551939436138554,6.244283935294428,0.1,3.39
Wheat,East,Black,968.1436416854373,29.300398755087624,77.7863660118454,60.22345739730612,54.57960193264181,44.76534896059082,6.7961665985624755,0.24056371480239735,5.15
Sugarcane,East,Red,894.0316519798587,36.681948029518324,75.50643981111,94.19419746707932,36.75999545498085,53.265766875137274,6.937193260099537,4.155128191508559,74.66
Cotton,East,Laterite,1035.624466011917,29.632926814447018,52.76225119411795,100.95638696424245,51.96281209727486,25.275793693936716,5.506735741185445,0.9965607134819238,2.09
Rice,West,Alluvial,746.1708395981316,32.515077373347864,94.39856231006922,81.5918190497573,44.56450394489177,54.52469195698704,6.418914840012157,0.8053395534222065,3.68
Sugarcane,East,Red,817.8745193515529,25.542252589967763,65.96883740324087,64.63867684307182,19.61077820563657,25.083474211578295,7.550579743808903,4.384889759831463,90.45
Wheat,West,Sandy,875.8118783442123,31.621230020156986,67.06652441083172,81.83274611166601,46.80459324683965,48.8878580986399,6.732493755964618,0.3358190211908093,4.49
Soybean,West,Red,1117.5108716864167,32.05784311919959,41.92615911348658,59.54191037204751,21.175913066008288,57.58513366813879,6.856561387966478,0.4892127467888944,3.45
Cotton,East,Sandy,575.3398212135462,28.22724310427291,33.32016110221357,84.4773700271106,44.47064251670653,28.62689304719589,6.160791447552218,3.519946397240065,3.14
Sugarcane,South,Sandy,967.8611095477204,26.626245314560883,61.36138115626016,98.67155241549989,45.86985541652778,36.035090754050785,7.370195248894914,0.6560491378875235,89.56
Rice,East,Sandy,787.5373007339443,19.52456374016533,84.45893687579894,68.36613473139668,26.31525849925992,56.7031745689228,8.061569375345409,2.006052988257375,3.55
Rice,East,Black,876.5764258945202,26.838077631176162,37.07259888224384,59.92260406911298,41.763463135023315,4.509365182850175,5.8792942630534,2.6908550690418847,5.17
Maize,East,Laterite,801.9492407454709,29.826117364618426,67.18030697087582,67.80705779685066,48.91688553663784,47.304914141547556,7.128445585879522,0.5039100297697379,3.22
Maize,South,Red,1058.3715942748927,23.173785186819686,66.22406372210081,107.18777769005229,32.31148208222715,66.97173112870036,5.398957047695282,0.5844723714132056,3.14
Wheat,North,Laterite,952.86601152433,20.649585330145698,83.61541000662274,149.78324879738236,46.857431060296626,0.0,6.986774251562677,1.4525605219613824,5.21
Sugarcane,North,Alluvial,1213.4830670963763,27.509758394495993,80.24719954079505,96.21458925959739,59.08458304189938,56.16067965999818,6.852325570045949,3.1424903108746953,60.2
Sugarcane,West,Red,1120.5194216249918,28.153329599667774,67.10422299412288,78.17107171579896,52.632296678947974,52.374740867332655,5.584688892387312,1.6165663585357328,105.52
Soybean,West,Laterite,538.8861746829864,20.263143793801625,63.59654692534679,55.662250800123836,35.351389895296506,39.193067191911005,7.24044160098668,0.13942140729233365,2.9
Soybean,South,Laterite,712.0002828114013,27.203858457631878,54.20211486338999,54.11080431859921,61.797838373761294,46.14780211888588,5.703122822078733,0.8641434291925296,2.71
Soybean,Central,Alluvial,948.0678141627964,28.44963779304387,47.81846974636791,90.69135012418816,51.293527088969455,43.68492929320862,8.046246514808658,0.802860138115858,3.25
Maize,North,Sandy,987.1194417990774,33.60651849600894,55.60400316201609,60.50495557580852,37.463366738633674,31.836476770003333,6.614889089015511,3.296377299013268,3.95
Sugarcane,West,Red,738.4657690762531,24.617404323807033,48.39782093798386,105.56210234739603,30.74814852574775,58.55735046129159,6.376677239563389,0.6840333718979643,81.51
Sugarcane,North,Red,1391.1923111543642,37.4321085753145,63.423456390418885,64.91719811501866,49.280867391088215,39.906102558684246,5.966133704904249,4.629668676313022,77.87
Rice,South,Alluvial,1259.4063222316706,27.26942610416814,64.47901606607729,115.5765997952885,56.280415876941866,45.904267341840864,6.98631897252832,0.8158889757021116,7.14
Maize,South,Sandy,506.5777472507331,20.99028733880865,60.879787667662214,69.76680521146716,57.01128895289368,25.5990671334446,6.772921524424219,0.43161156849750004,4.07
Cotton,Central,Red,1103.6279081075454,25.349072193842364,66.64028363163715,108.33601658414777,49.2445621765541,4.976147422957013,6.613912722939356,1.552796331432484,3.41
Maize,Central,Red,986.2610389832663,21.435768149730656,58.11215780366857,96.82544818944582,34.885629483784385,22.317449252730842,5.899751958278382,0.9767826184229697,3.67
Cotton,South,Red,1373.1625121713782,26.163810538572942,77.6249175748126,101.17333669647516,48.52187991167732,67.43760360340062,6.285733756003143,2.0859219167249914,2.34
Rice,West,Sandy,529.0348217369103,29.342332085055837,68.43072881457084,78.28666192595337,27.08740947691313,49.66304468165916,5.909810351073966,4.947053971569228,4.85
Wheat,North,Alluvial,1617.9564433720152,28.340942819820384,57.73967221179352,63.39442822199704,44.35043914422685,33.51938793233537,5.128124914050598,5.652836522284921,3.47
Sugarcane,East,Red,747.1163015200142,21.34937377973379,47.501989264774565,105.23762520459434,66.97457222437076,48.585595052802,6.388177770908997,0.515896013839976,94.93
Rice,Central,Laterite,1113.5580456796074,20.727534737313764,63.77630841855359,124.82853214636023,24.888076278203656,46.34280239651443,5.6090564980856525,0.3541219104667413,4.26
Sugarcane,East,Sandy,818.0929069282994,29.096945207645,82.11722948341928,54.94069374935964,31.697696324164745,12.986451762298277,8.114806610630328,5.625390912895089,78.05
Soybean,West,Black,887.152324371693,30.2204948998464,73.84166473606292,91.88872727186285,54.201431998919,52.74824894269956,8.001652765553695,3.347182962132935,2.42
Wheat,Central,Alluvial,493.17460315592757,24.555347522982473,76.3725459950835,91.79385065946128,26.854153006968758,11.378426643940827,6.782405720240192,0.6067450329765435,3.78
Wheat,East,Laterite,1359.0660291749687,14.311639089754344,75.86073312384178,84.14506593126988,63.020877328489405,30.568746626082643,5.035814423439271,3.269043634964843,4.11
Rice,West,Red,919.1057943275481,21.208004865493802,83.23492689013867,115.7781992624128,54.64186040716534,25.298042289353567,6.866220136902951,2.7022761751461384,5.15
Wheat,North,Black,939.5026261900971,31.931501843308396,77.93166286277,60.61121972652353,55.26774534629748,43.0160546835027,6.325454965643338,0.5848854361131086,4.37
Cotton,West,Alluvial,1693.7445716548236,23.307348562073063,67.23606303867112,107.4591322446644,57.06788736146546,43.16473773407686,7.391660352240705,4.724338086218815,2.19
Wheat,Central,Sandy,1287.8328126989763,25.263839875488696,58.8938678993413,73.06607164370389,20.61380966944009,0.0,7.315127153584591,0.7766397962103052,3.72
Sugarcane,South,Black,799.4916171483043,29.76669826688818,78.1396324494698,21.588416393942715,23.77535766053416,58.45138081793135,5.894583136454202,1.3085418206224442,67.4
Sugarcane,North,Black,816.923229890657,25.46864995596489,28.713480522265613,43.563700720735405,59.80151952953203,40.93673043135577,6.207826322747387,1.879433652358541,95.9
Sugarcane,East,Laterite,1077.9403631784594,33.98711430411564,84.01088507970789,80.89224904361299,35.39633823352976,54.44277840718458,6.149238077158322,0.4245636434539162,118.42
Sugarcane,Central,Alluvial,1231.218974054132,25.13281737799579,75.35015242944813,110.50205692131375,38.915708797875865,40.497230144109345,6.166234573091938,1.889833188772171,91.14
Cotton,South,Laterite,1525.7326149424425,22.696732609266544,89.57900331770642,107.03299179260262,50.618370735350325,42.6405303741305,5.232829495027305,2.450202049723971,2.25
Maize,West,Laterite,517.5701923633533,32.91136101508786,48.20613497054903,82.6342789802758,42.26960004587145,18.484764810400865,6.80590864030499,0.2141619592599608,2.31
Soybean,South,Red,1218.1057922062246,27.239030466917285,82.43044403340429,51.367598624631846,56.21028931087011,28.331076769710027,6.565085567329676,0.9539706273786102,2.7
Rice,Central,Sandy,1266.3007934305142,21.60801075731495,74.95340894027503,49.810036375370565,48.67746906419875,36.77408638354352,6.238781835411433,1.8938071114503754,5.16
Sugarcane,Central,Black,763.147944599383,29.359121863426818,55.8879386269735,90.51331306735669,37.03345967709022,50.440288171749174,6.7196187393915485,5.213250848189929,93.92
Wheat,South,Alluvial,891.9220295418156,25.528364182577462,62.95470896206996,78.94315463325458,38.57584939123861,33.23967598132025,6.76111092961742,4.432511626668433,4.7
Sugarcane,West,Sandy,510.900506633269,21.270680214508523,61.905935350709946,104.2740247434825,43.875212091394246,29.21176379965127,7.432576149212405,0.3718576670519715,107.69
Wheat,South,Sandy,849.7318913046311,27.475578864896715,59.525489807665096,71.69816873134475,45.84928157045259,26.448865702447158,7.216635955342484,1.8858233683072336,3.75
Soybean,Central,Alluvial,1069.6282254167327,26.209517488187444,44.770272869043886,60.701112015619394,52.07097078689168,45.37715313605655,7.32549937259029,0.20632105823021832,2.59
Soybean,Central,Sandy,1478.235238456607,18.562905600606413,82.61504248481515,73.04491339974271,42.48332250378377,38.626212469049264,5.781686172117054,0.6959370287879967,3.15
Soybean,East,Red,1505.9096376845955,21.70338002429638,50.80501212581966,79.67287911639995,38.73137927370013,26.75817649857524,5.603173324308646,1.8189791352465499,2.88
Wheat,East,Sandy,691.2101495156842,36.32672833230623,49.2537094468114,29.181544230801634,37.29917635245478,37.09606672053087,7.261049669909428,0.1697322716920653,3.0
Sugarcane,North,Red,1437.3577539570424,27.406547861785256,82.98746402477046,91.82326864895597,33.51813591109972,28.70702073624338,7.86652046403475,4.393966301272315,69.33
Soybean,Central,Black,415.1964234367455,33.73335238197867,43.95945328758687,83.56752572134502,64.07224578234812,25.325178940121738,7.17873382644051,3.53205070708127,3.18
Cotton,East,Black,824.5210244295153,28.544091000837792,60.460472182142546,103.67579135832612,26.901789355136085,16.028309783869393,6.7638867763905415,1.2825899802718363,2.51
Wheat,South,Laterite,909.4569678769606,33.18567992117019,50.086008388794255,99.50009156065417,21.093104598459853,19.616932726042283,6.505514525369978,1.3535803968476587,3.24
Wheat,West,Red,1075.5368172263043,29.77874317055108,89.55094956407024,107.08232872527387,53.370879924696695,39.208977841502076,8.788540210365918,4.263371692490275,4.19
Sugarcane,South,Black,1031.953102164066,22.268355132063434,82.15632376049963,122.01745779602429,47.22099171089269,9.602433964683314,7.166338074893938,0.10350754146693414,76.01
Wheat,West,Sandy,1109.709557265418,30.03412556220669,52.67482618576306,83.48898236663487,70.96602283757414,27.361741759730933,6.340080424484418,0.31069160000311535,4.68
Wheat,East,Alluvial,945.1127723469351,22.236114219977665,50.04436851342628,24.833778554697936,38.74857481974773,49.70557347003661,8.087064471417712,0.7363513507773366,4.25
Soybean,North,Alluvial,1287.8766065138498,31.64684517749651,76.50859133482582,101.5310385121556,39.5653646587392,54.72984050985831,7.87771506128622,0.9063221945556253,3.43
Sugarcane,South,Red,1207.5506912232154,28.088620258796354,71.50024717586722,109.97850276520444,27.645229072418957,45.552285988942565,5.353615282090365,8.755555762056794,95.22
Soybean,South,Laterite,913.1311385658662,27.093862619194432,59.68878136838489,74.31471967356056,41.511032119672215,52.23869931241772,5.517987606608869,0.319074722744752,3.11
Soybean,South,Sandy,1252.7181070571044,24.807344846901263,58.301641873363565,29.5863106444122,13.99315655491868,40.294909751298604,6.335056316585144,0.722237838142186,2.76
Sugarcane,West,Red,1620.5306021563238,30.992216511841438,61.491877717157,105.99635998291916,11.683464353589642,24.210049437530852,7.520629851216524,3.519939460664999,72.27
Rice,East,Alluvial,798.0224635630993,26.211736604582683,78.5289918362929,79.51637239474432,31.84904981419772,50.287472436989205,6.036228601186036,3.0682405344052217,5.65
Soybean,South,Red,1502.6009547802228,17.450524158274924,88.5606122798924,46.6351168152942,40.99479869132963,47.30042856708788,5.684117548072483,2.127359456649009,3.0
Cotton,South,Sandy,824.957405020003,18.42874291561345,92.34082038188723,73.31344681963957,31.19556849701305,31.900700052760314,7.151242122703499,0.7966366435006059,2.03
Cotton,North,Black,1423.0977867851493,20.65363840694757,53.983344026714185,79.87720484961112,31.322471869235486,30.663767028123168,4.956254701386794,0.2506206559582541,1.74
Wheat,North,Sandy,836.2191998940201,30.920901051895836,65.87030682774376,73.30512141406626,17.375464510262074,39.31517464842031,6.218985836644052,8.214439562209556,3.61
Cotton,East,Black,1229.698727546878,31.301252932590018,85.15270002655643,67.36232125976707,49.47335362828863,56.996185029749235,5.640942904263811,0.5791715337726877,2.92
Wheat,East,Black,1053.8899331793907,28.624988626632735,51.94149308308825,103.79860791140861,29.310072247538894,34.36102952165626,6.493414209521633,3.723975327952457,4.58
Rice,Central,Black,464.422459622833,28.572043975935532,54.76882559910921,113.77863768807848,64.89307369281411,0.0,5.741841619577224,4.507746395007899,4.84
Sugarcane,North,Red,1574.6657117456953,34.230673185950366,76.95305118438209,128.29828486054885,38.96125282163922,46.50167917111187,6.378610564136399,1.1628526651205038,108.38
Sugarcane,Central,Alluvial,731.364403297586,28.71424196039998,57.96974737346026,54.906855053920665,24.22845047691314,23.359885017915186,6.8372064192618645,3.8053461109592606,57.02
Sugarcane,West,Red,619.1202065929626,30.19054782751153,42.86887049643063,112.51952018571637,5.414414707134007,46.6759148684159,6.60381340754642,0.6543348934193401,86.87
Cotton,Central,Alluvial,808.1683657985475,26.946263316574836,52.59623966088732,84.77244693219328,21.577818507563943,46.09980060155352,6.0701943601991974,4.412934612336639,2.9
Rice,South,Sandy,1759.374169978935,24.694724930026197,79.85448683978005,89.39475023931115,39.04909265563704,63.07843143470332,6.226497408063046,2.0210177536806215,4.06
Cotton,Central,Laterite,623.8859237259587,25.59882534874749,68.73550079816798,110.36021717579284,4.355276616577726,38.51187256913621,8.303641168138942,0.43226686277928117,2.03
Cotton,East,Sandy,1053.4730553050883,37.25384409644258,41.566420883720305,78.7526222931364,28.111889715047546,47.440010974010384,7.206268204678898,3.088677850680146,2.28
Rice,West,Red,663.0513020976542,21.56640718722628,55.865949427313154,75.43694999453734,32.018193631800784,42.00608406026252,6.314485967858916,4.899673650098335,4.25
Rice,South,Red,714.4875285505159,28.571557977066448,92.34086365692126,62.66169646678542,28.897093214471532,53.18161225175382,6.642658626396859,1.6899400720746314,4.39
Rice,Central,Alluvial,520.1732292611348,19.42305571103015,63.95767815745389,50.83428325178474,31.23242047936421,0.0,6.861205097290254,2.857342959080131,4.27
Rice,West,Red,1094.550461139526,23.94741724852537,61.34903058681883,64.18947427426633,33.01932234065252,29.842358244569436,5.890463214511892,3.167514911178571,4.29
Sugarcane,West,Black,951.6340446253549,30.869130429829507,65.12313404609304,84.27749843241263,28.222973278144323,36.297010564364896,6.50172658821069,3.0967268647195336,84.16
Maize,South,Red,660.5901269280132,17.950190345648245,68.07696546327912,78.74270610194154,62.049033037307794,40.70124082719663,5.641316255195339,1.2118168453851348,3.21
Maize,Central,Alluvial,1261.9610403875324,31.523696439871582,59.13775800027872,70.48455721014726,30.748854754836344,21.79063617339854,5.705031453325109,2.6937059110604356,3.5
Rice,West,Alluvial,1293.6162145623239,37.23771804719633,85.10808767818375,71.25605819229841,0.5776978693405823,44.44558548145774,7.200350439514726,1.5904951090686055,4.47
Maize,West,Black,1122.1655824542313,28.825802584092557,57.935540486581345,106.28359338154377,15.456011461380243,53.23375721854187,7.304465646156728,1.071123737418582,3.98
Maize,North,Alluvial,1351.2009817522417,33.3095704727151,79.9065015018619,84.39085861838294,49.02884497169974,29.609459556667623,7.42268454026515,0.36259445483057695,3.34
Rice,West,Laterite,895.2969202105888,28.24019039428935,92.33667204256098,55.1654716853931,46.75660857046719,25.417827552039775,6.4427553022843576,4.794630016823225,4.14
Maize,North,Sandy,1096.7124089753427,30.55544427103929,70.66584844903838,81.4475200979122,32.123030571663655,45.93164321330578,6.105309558272026,1.071983784749036,3.64
Cotton,Central,Red,896.4551028135876,29.268831299919952,49.285362707650535,95.40240771552266,18.830253134277953,42.388748798049015,6.508504179076142,0.5477306198409939,2.33
Wheat,Central,Laterite,547.8000646186955,24.44972096168207,67.82363024420776,103.9111126018501,50.672141324763984,43.50243989383137,5.0675968014345205,0.5549242978589541,3.36
Wheat,Central,Red,1065.7739202494074,24.001586912036007,56.54351274720036,94.10349064964824,16.19345381975184,18.21630073622267,7.6103086738378565,0.5543766837908789,3.41
Rice,East,Laterite,1047.6033719123375,32.907285287422404,78.4711874115744,101.21333649994743,45.6043993418538,81.0413374470466,4.5,0.1,5.21
Sugarcane,Central,Red,990.941707617383,26.7889307098801,68.10870922647382,92.6514883757931,33.56301396192154,2.977154847422888,7.278451901708636,1.153286901682125,56.48
Rice,West,Black,1112.162617073032,26.291139327529322,63.21419341219667,29.827987428195428,47.49438858065058,52.98460184517819,5.708430768490215,4.427090645568738,5.07
Sugarcane,South,Alluvial,1423.570730112958,26.187564912142058,49.87455617377367,75.99293713994258,32.40215404579369,29.237117882965485,6.49352510363895,0.1,92.6
Wheat,North,Alluvial,938.6740055257977,28.53203384919749,37.085901927725004,77.74353879459058,61.90405765702034,85.32677015962574,5.819102670358894,6.274475408658751,4.88
Rice,East,Black,712.8493692276322,21.072397435706044,52.82688765324435,130.98408387365149,12.326628402120605,46.58904345600364,5.831310328256965,0.39476405910003626,4.75
Soybean,Central,Laterite,925.6746971625982,26.08928204217184,74.76569562959193,98.9844287948215,48.62954270964498,56.00255892141911,4.547635409625082,2.537906902853142,3.57
Cotton,Central,Sandy,958.9479899911593,28.552796419323485,82.74200122536655,72.72632102425435,34.80817621155077,47.46880872979005,5.4841538405898556,3.077291632623184,2.74
Maize,South,Laterite,1295.0765721844577,20.604571770993612,60.34847068912392,60.682393472615246,29.442087495874574,3.3355747936887283,7.228327011299332,2.6569227340411907,4.75
Sugarcane,South,Alluvial,1031.9989309975358,28.046158639528716,50.82968516292386,71.39894573244727,58.82757788005734,41.68548215914988,5.52016810776535,0.8285342838221332,120.0
Soybean,East,Sandy,655.5431925942278,22.511867291113692,67.84590878497629,59.79015639990406,24.735994952573453,45.40876403229095,5.486196967195499,2.433523919261467,2.44
Maize,North,Red,1241.6373590712674,28.562187311581077,75.32754646518708,134.49608919695206,43.512012540512224,47.10190717417977,6.413553292828556,1.2810116274268641,6.16
Maize,Central,Sandy,1193.5383516381523,37.79255983456685,76.65787868264327,79.61828739735996,41.83055392030279,57.74598068023778,4.63729534065782,0.33021429931261115,4.41
Rice,East,Laterite,1032.1307355293843,26.39568265563035,67.91810685390173,100.62075245941419,21.544902262121465,43.40771961946892,6.2193738966739485,0.44861289067067484,4.79
Maize,West,Black,1284.473939091346,21.606832312207374,96.05417044385793,92.8834048166532,52.383334090351426,52.07064507703611,6.706778740684584,0.1,3.2
Cotton,West,Red,1334.6821033730175,28.185418600140558,84.03323971276939,96.43335892635545,70.31568079861773,28.5882794869459,6.796787738527576,0.8068454935414433,2.37
Soybean,East,Laterite,886.7678529142662,29.371050562411522,46.65820827994135,57.983849047975085,64.29539616921095,13.528629001674297,5.670074033104569,2.603829185039785,2.7
Maize,Central,Red,729.9516299470592,22.315385082565193,42.987935190461236,113.43183972382657,45.95707624979757,26.144462668804366,7.4663312535266755,6.950653717586664,4.13
Rice,East,Sandy,996.4370740896252,18.4075998691471,48.0450845142125,77.79198407638017,36.579854566907855,28.861295673232913,7.3170005147139,0.2867206672364137,3.95
Cotton,Central,Alluvial,1160.983517630749,22.330703162356336,82.52542233937227,117.5100288704214,52.24432431928187,26.16299227627041,5.117898277925123,0.8716863828766115,2.5
Wheat,South,Laterite,968.3935183889919,26.75824158261331,39.36112713635383,90.6417150299021,54.520516203010715,21.645533002706227,7.07153259672458,0.4005601497619877,4.61
Soybean,East,Black,703.4729251732908,24.723432281853963,71.86339561270366,123.84950312699081,41.364523633384266,25.636767864678973,6.62126947546306,2.861639505065714,2.66
Maize,Central,Sandy,1048.8015917562157,32.3874697517791,62.44996562669536,95.00794259640196,4.15408953496015,33.39188369173796,6.907947199683251,5.041079192333441,3.66
Rice,East,Laterite,389.9497990028484,29.58556536842741,46.32811331973993,75.35971598410963,16.6556113119608,24.695569192915684,6.007006584912052,0.24207981436971912,3.82
Wheat,East,Black,902.6616783371398,27.50992844481378,68.73266325028287,115.14061360053219,46.89494719955908,78.50995841939914,5.465652023957818,4.678219036630662,5.55
Wheat,Central,Laterite,1255.3497698470492,18.275203903614557,62.35334013000027,83.45775746310701,44.87038861976085,19.00375447968111,6.381031207623368,0.6335159390247326,3.59
Sugarcane,Central,Sandy,1271.6315102364329,30.152012029279327,77.10404264097448,93.4520942949882,33.07092783674917,46.598917146767064,6.8025934861275035,0.5047932129205842,94.28
Cotton,North,Laterite,100.0,36.895886338545345,40.59521668807953,82.23130830542947,44.11840118733959,31.88754835774892,6.817243518136631,0.11660274097929342,1.83
Maize,East,Red,942.224768664042,31.31153192207264,51.59657772280613,66.47659483344859,18.03439035616071,48.05236518481196,6.77403359573368,0.16778147256210213,3.24
Rice,West,Sandy,1179.7827385663775,23.711526689690977,51.896936756242745,76.01443246379347,37.313385436282935,36.36885052856561,5.639662101253508,0.14347490291897239,4.45
Sugarcane,East,Laterite,647.1753782703056,26.318238201670137,74.92468703772134,97.79126776090048,34.960239631801926,52.761012845497945,7.596470574703879,1.1826698587569824,71.67
Cotton,East,Alluvial,888.4135975281015,29.29540029251185,61.43548737398388,104.30415273757993,10.539118500001518,34.00603425272322,7.454193971861781,2.1496580610329823,2.46
Sugarcane,Central,Laterite,1362.3150267728518,33.93330601321971,82.71196777931483,29.50910823607856,41.30926124772998,41.30972702807398,6.697311238786167,0.40771333855099584,62.98
Soybean,East,Red,854.750975026677,23.471244325774087,59.01808546369976,88.00786514995202,17.118158871876425,6.886832131681281,5.737568369899021,0.4908776378150119,2.87
Cotton,East,Black,1479.5925006715918,24.672429275499283,68.30975914635272,78.05248049293813,53.13779034231733,19.37890435586852,6.710041584717452,0.37965174952905834,2.45
Cotton,West,Black,777.6442850649953,26.784167230253754,87.26360261080387,45.74637671492336,45.02090388862429,16.686652851607157,6.157731899667942,3.28555888816143,2.37
Maize,Central,Black,1422.9640514854095,26.346586442039055,38.40602355361658,101.43777794137729,29.977141830840036,62.74607193333193,6.218188893222201,0.29509811533406244,4.47
Cotton,East,Alluvial,1010.0690664613649,30.961797853205816,65.43497246770865,125.16605624515299,24.733603776440162,53.98071311566433,7.036450411633249,0.15247765136503466,2.96
Sugarcane,South,Red,736.5018138399208,28.311488433351823,64.52639206014749,117.04180568494479,19.12346250558796,42.9230047839325,6.164714002352203,0.1,78.55
Cotton,North,Sandy,1423.9642248757916,20.01411621398735,53.182351991177455,21.667797410708197,32.86063994995534,55.682201419552214,7.631289692581135,0.1,2.32
Maize,West,Black,638.0575139255347,23.716089825955617,62.542061323841736,88.11323883242174,51.58845431854866,24.792816835086207,7.004413528377486,1.582282332547712,3.76
Maize,East,Red,761.2083267822012,23.86001363527949,69.6826980782059,63.75840688020576,34.92267293940447,62.313178394304394,7.306275759727661,0.19739934816660232,4.26
Soybean,South,Laterite,1146.9758221868437,15.925416477551376,53.80636986821841,68.79424755914661,37.41907890651311,41.45420412115345,5.782812629227761,0.5031544837344497,2.65
Sugarcane,East,Alluvial,1024.2452183507849,31.64818336359178,65.83111518993556,73.69549560657842,23.421092002859602,36.425248064382764,6.006227941925357,3.5756567550281657,63.76
Wheat,East,Red,1082.1891268758634,27.662125213363684,49.70397288114978,24.433976720018173,32.42386960239328,55.22227850333232,5.505053011118693,6.890793397354171,3.75
Wheat,Central,Red,889.5045030531278,24.296603286110113,61.93535724020865,28.544586867171546,36.613010042815844,54.32884901382839,7.556202222808886,3.9445192930873603,3.8
Cotton,Central,Sandy,640.1819465907504,31.513050789675944,78.93052207899437,82.12988536005139,41.86166428118907,18.70890512082516,8.803506920001096,6.417979921706475,2.58
Soybean,Central,Red,804.3232710846115,28.506647015867504,79.63238543570516,86.1925570956276,37.36071581095732,52.926931927495005,6.916376464714585,2.220062568709511,3.42
Rice,South,Sandy,1396.1197844340013,20.56939419019214,82.591514171408,75.11565685499637,46.73128561874202,37.40678247769609,6.707244819766229,8.719187671576657,3.81
Cotton,East,Alluvial,598.9057311854273,30.047962281032113,63.47539216337718,48.7819477690572,49.82427305293316,44.160405823286645,6.1184050968876305,1.3717228833292723,2.72
Soybean,North,Alluvial,1493.3402300049836,33.86481506961589,60.09914927422116,69.89841676792736,62.92695075292876,33.821675815600685,7.793437608047293,3.166451692968789,2.42
Sugarcane,West,Laterite,1094.7576959675628,26.30051622491274,76.06936371757018,116.13600295885098,43.298629652948954,23.542368427194862,6.464173255270418,7.127158712663383,82.94
Sugarcane,Central,Sandy,820.958528244071,26.66475403582801,82.50319086493538,70.93093571139863,46.312377237457135,19.703101203657145,5.981797072934765,2.47086657792847,88.67
Sugarcane,Central,Sandy,399.3841046567925,27.53880087056326,66.25160015137716,67.4300975155808,32.16061647952211,30.700467245340477,5.31888616557578,6.280128577730527,83.0
Sugarcane,East,Black,438.794324764572,20.91052861691869,87.68247027881648,110.9217295402532,63.08038180545268,46.53830281389058,5.66419097443057,0.5851067618637337,86.59
Sugarcane,East,Black,893.2348300420298,27.707098742858467,75.65876256503273,74.60634735833571,32.94402093931168,43.823597417238865,6.556198958982681,0.7141371337533303,87.37
Soybean,South,Laterite,856.8867802727284,22.542513202758492,56.43483837654763,97.01082731235257,49.03066151651929,43.04665582550119,5.033571332518638,1.012472784380047,2.4
Soybean,South,Alluvial,1035.3245723389134,26.967371887895812,58.25044205224507,91.52132696806102,32.606670547674284,51.95373680398004,5.518928041306309,1.2494328271135935,3.02
Maize,Central,Black,1515.743300301606,27.82945765370529,64.39282369800031,57.69381420434165,37.83333108232261,39.16624984774727,7.830607682452268,4.553926635528847,4.2
Wheat,East,Red,1161.2782048810723,29.653948486255096,41.44321622437818,55.23236784545541,40.299568174144085,68.42553717915897,7.1635144516108165,4.376058160753577,4.03
Sugarcane,North,Alluvial,961.3933651766285,29.83778705205701,56.69839974799217,46.30225319077368,10.696806618150767,45.658115852806674,6.239823265705352,2.14565613419475,106.29
Rice,West,Red,1365.0533070220065,22.361540685839707,82.112218733197,54.75768939629337,42.975901352824785,25.195915358570858,7.254431313601613,0.5287171344407365,4.49
Soybean,East,Sandy,1045.1961780217316,27.93806685708414,85.17700072771625,100.67477906236083,38.79639894455263,19.924799783454628,5.8879666000827555,0.5498667848775993,2.67
Rice,East,Alluvial,1479.9126981280538,31.78045531591611,69.29046790351812,59.45500918365436,29.89206544714287,44.9885774674686,7.123590243575146,1.9979498824380058,3.86
Rice,South,Laterite,798.3741119897913,21.23308300447511,71.81552085458067,76.55226518386658,24.931020529435983,36.77824633216737,6.209661652355506,1.399892402098463,5.36
Rice,West,Sandy,655.6627684427204,35.725516356709626,60.35120823405261,72.95860090900472,30.389520190673196,22.663479993403428,8.07544180398036,0.5982487312079727,4.38
Maize,Central,Sandy,399.90031712354255,22.137898370345084,55.3977569346192,89.48990660244124,24.06019040822001,37.63643847759275,5.5899012895471465,0.3684159951328385,2.81
Soybean,East,Red,968.3766227564774,35.137214765824766,73.55459794811874,45.88172394265128,32.49369313706016,31.735947876143612,7.724248021411357,2.5647730815100447,2.75
Rice,Central,Sandy,629.6075429928732,22.225809515982377,58.40286507630357,107.4512932928055,29.95790374961614,33.34245838424729,6.397640092240541,3.355772987724196,5.15
Sugarcane,East,Black,625.3590602530953,26.71889800572919,90.35502768980258,115.90502541495644,34.77388560305995,60.360022800100424,4.997385449050147,0.6057400086573831,72.13
Cotton,Central,Alluvial,1310.2958249205467,26.035475369885756,71.1288746853074,79.3711574901712,51.42264640762005,50.768589035750914,6.747439873397813,1.1065009972124322,2.46
Rice,West,Black,483.3695125979709,20.165978024437578,71.67907523000267,24.00950208918546,26.36332840732679,55.71500808349279,7.059125091455498,2.4999928052022753,3.67
Maize,South,Red,1031.0675417491964,30.49096849939978,49.107227967407816,58.522641802175706,31.247854698303172,65.75472273258282,7.699403919207653,1.2668218264188789,3.46
Soybean,West,Red,975.030186918803,30.747671911321955,30.2211338813854,87.90026463529293,41.74962584300772,41.87524919301995,7.109110383130615,6.50161399617315,2.56
Maize,North,Alluvial,1027.6393444994892,30.09870693753271,71.67691336254907,89.30366065068021,25.295495592774586,43.78642875184655,5.755883123676127,0.27760299314863457,2.7
Rice,South,Sandy,1415.2307406237926,25.75760688067515,57.54645857117268,73.5555591718781,51.431041569999124,44.899085480507374,7.330601409788169,3.8530664814838396,3.77
Soybean,West,Laterite,752.2926089167346,23.491218462823905,79.75956571625092,107.5154154333538,25.526738421198836,56.64467559324116,6.54322191669083,0.730778248193697,3.56
Cotton,North,Red,1415.4845461295051,32.495782414281265,51.308842427789806,65.59401190677725,42.01598812260287,55.81234631225585,5.235024043871418,2.3234038630317593,2.12
Rice,East,Alluvial,471.9384831558848,28.067219994334753,57.03183051977995,104.6026694703839,55.92985694403376,31.197508520696992,6.432478728285178,0.5852419143837072,6.14
Maize,East,Laterite,1195.2223111199394,23.21856675262336,81.79186632072881,80.02511107037193,25.245894439157908,22.847237016941925,5.558625523786459,6.790607668598183,3.11
Wheat,Central,Sandy,1442.9120136613326,28.07268511418255,71.55189974116459,65.84787540378139,28.005111181202974,23.872091377178883,6.388214883191112,0.10286927046542414,4.07
Sugarcane,South,Red,100.0,18.626485562759335,49.980172243968966,98.28923954249144,33.236586152517596,40.776003063078115,7.0827912704915725,1.4413300830677478,84.36
Maize,East,Alluvial,989.3821224609757,27.53893336393783,65.51010754195917,78.90216773641876,40.2876340555686,21.507787871619605,5.598769591007681,4.827330016094784,3.74
Soybean,South,Alluvial,964.9808065251742,30.278870876444387,93.5559534146989,102.18686588844997,38.04634593793108,45.453221192907286,6.735388834544411,1.2691545879012254,3.64
Rice,East,Alluvial,1021.5545527616329,26.102958031675705,67.15447094361912,152.65928969934075,39.74293201353364,8.092825956367939,7.366646371685062,3.6694958514312432,4.13
Sugarcane,Central,Red,1513.4673762970297,30.55453404889942,62.77940903198985,56.65028425112298,47.59313555631234,68.05595079815228,6.000045206638062,5.984621735464289,100.76
Rice,West,Laterite,770.9107401014273,31.066102360838954,78.42849454180502,102.01978423322632,37.1912914993894,19.4269523985032,6.272593142708458,0.14049115871880238,4.47
Soybean,Central,Alluvial,644.6474409461534,28.376577783733865,70.28410631477122,95.94878473323665,18.017707234558003,30.21694982414676,7.354725922647218,1.3420173498803853,3.07
Rice,North,Sandy,1023.7368048277524,35.84035000730196,86.65499413451197,124.48275921690596,59.10232490890077,31.3357021730006,7.391186043881362,2.319417805152562,4.78
Wheat,East,Alluvial,1337.294032391802,33.76977882558941,76.32646354469807,102.85369265804124,46.47060854136091,61.95916653090599,5.573175663672194,3.5696966933584404,5.04
Sugarcane,North,Laterite,1167.590464931446,30.136663221071075,78.59815739901532,119.32344384723885,20.892830108312936,39.89141701128846,5.667486252489324,0.35623436631387473,78.52
Sugarcane,North,Red,1010.2965990493161,28.775638623018082,87.38462789188594,55.40550111670526,37.23533547890999,24.00809476475692,7.1322433230982805,1.6730425886757816,65.95
Soybean,South,Alluvial,931.2306991563493,25.718146982202448,60.51421385178326,48.11048509197681,51.78043409112576,38.91799305916322,6.315142327192295,0.35567552159376437,3.3
Wheat,East,Alluvial,397.9209013056293,23.7641863912922,56.018548270653696,56.48443323854295,26.37304881922401,40.67198775501798,6.375897312833169,2.8162359708616465,3.88
Maize,North,Sandy,1175.7587585851634,30.987428847884864,44.81404335612362,76.07887792264137,53.86640372955641,45.802386200631865,5.094040457405379,0.6699305894778217,3.96
Rice,West,Sandy,1211.6021748875755,26.004234194919682,61.83728341759129,114.56285297616309,25.474158647371233,23.579369820699103,6.1309426572289425,0.6261858110462053,5.88
Cotton,North,Alluvial,792.29992955402,21.929545309111482,45.37087470765443,120.1436572248017,46.446092823857384,53.267674601172615,6.369240920179273,2.937629486550153,2.69
Rice,West,Alluvial,860.5840399621262,22.989205451427253,70.48228386017684,70.8794161815297,1.5762820901997117,41.95024497373714,7.078460881382957,3.6904156560930534,4.34
Rice,South,Sandy,685.5312937118549,23.64905044706997,55.79766985297789,77.19430575793416,54.14840185394807,62.00184466977304,6.2019241096199735,0.8411666070644416,4.83
Maize,North,Laterite,1260.4370418367896,35.7677616361305,79.43501391317648,50.70097358276101,11.70006274667163,37.39761280108398,7.080853357698785,1.3907092620671182,4.47
Rice,Central,Black,890.2401157916868,31.23913927033869,76.68017219315831,81.81919518385665,57.8675263892596,38.86811160560679,6.362148299800224,2.364817657932879,5.07
Wheat,South,Black,955.2085998033972,27.171379163287458,59.156002257773174,75.04474578991793,22.513856264017548,37.514443204826456,7.504640941226357,2.734318541746148,4.44
Wheat,West,Alluvial,1188.7792349031788,29.0697509140362,79.64438280065589,75.11679273002147,68.25303786488462,58.775022195881135,6.488492032541147,2.9403783506725203,3.81
Sugarcane,South,Sandy,1098.0922160288376,29.650149629317035,67.23853599770618,109.51817358344212,41.5437280782823,50.27259781753322,6.087507928269193,0.9898643772189576,105.8
Soybean,North,Red,1168.984340430108,22.657042978240394,38.431074380084894,90.12023315027498,55.252149115274335,29.032907303480954,5.915125774361801,1.5372155361936453,2.88
Cotton,East,Red,1052.451191810649,21.16216441427846,50.17051774094015,47.31425598416444,37.20393415015326,80.13108786648056,5.670087022497488,0.23205017373725803,1.79
Rice,East,Black,1059.13550053681,32.25771255593138,54.137554731098014,16.244961447652187,17.169428203837683,30.37829470490218,6.750954748394089,5.934354200805812,4.43
Rice,West,Laterite,1056.2913563092761,20.251385449782802,65.15365664431297,93.799328624725,25.97473469812485,32.122982955668505,8.068069957974835,2.4174071767691556,4.68
Maize,West,Black,1135.874727804703,26.91283752908467,58.56413053438262,85.8093241456449,46.99047750102757,54.45718810586989,7.128535690526462,0.9417763774532669,4.2
Soybean,East,Alluvial,1150.452127514204,23.391357555657923,57.06527496845935,89.4412653527556,83.50542748938255,37.59173075168868,6.830156359849442,0.9873220631535813,3.07
Wheat,West,Laterite,632.5876117761845,28.10495123874525,73.71455361620777,85.81257926138126,61.633368669408455,23.82764279304691,5.514288780713272,0.18968555777342913,4.62
Cotton,South,Red,820.8417246144304,25.734739593340706,76.8037460740628,51.3860251860888,41.32212937926172,58.48497030657184,5.555309130157809,1.2210089438968392,2.5
Sugarcane,Central,Sandy,938.9925209494013,29.669912030160777,55.72172121070109,75.25565351392024,54.17037910159908,70.0370705338867,7.260338475680809,2.235736686002415,86.17
Wheat,Central,Sandy,1135.5454769486648,15.44418077662385,52.25397748917612,72.3588338814049,43.258661733849735,24.623394260001675,6.868804447460498,6.096348895115699,4.56
Soybean,South,Alluvial,1479.2270088478726,32.60335111795161,83.96302135387387,77.96836529648456,36.519472137846314,58.366882592590855,5.991746565867095,2.085899498527223,3.08
Sugarcane,Central,Black,756.0330905100097,30.67691898284172,100.0,101.95898925687267,40.86665557254139,32.58662579359826,5.127683577378346,2.103713923748108,87.95
Maize,North,Alluvial,1263.5955026140564,32.057726804272875,50.871485356700965,65.56512004374247,31.47069868063942,8.7704323088482,6.341184184312577,3.0874306372637763,3.34
Maize,South,Sandy,829.3160463158712,31.48193704077167,78.36709588821843,51.10006115545417,41.051471282576415,49.77691486919498,5.780999169242766,1.4259042430230258,4.69
Rice,West,Red,1411.1550506933963,28.568990483684296,62.914611939344304,113.4986825333122,45.387108268843846,11.92814791525808,6.077302451177338,0.1,4.11
Soybean,South,Sandy,1573.7031795390862,23.793254098011452,75.13977761292452,61.74345764455008,38.993295468737436,29.047232496484426,5.4729964495413785,4.411960137201472,2.64
Cotton,East,Laterite,475.59589191140105,29.19215762983683,50.7057590829934,108.81084720589773,32.82215683705405,35.8746193924058,7.145163454944265,1.0299061582869653,2.28
Sugarcane,West,Sandy,902.0999302877893,28.447684183219245,46.223780981086804,133.78654249519565,32.0084106917921,39.5063727182765,6.01172728194497,8.355202048866854,91.02
Wheat,East,Sandy,294.9265953947355,31.382810573992217,48.15884864735891,117.67742584408765,35.8136921069327,56.3973585145597,6.908944127651424,1.0430246141091326,4.41
Soybean,West,Laterite,493.0491926322684,30.10824930934035,56.53792673980861,96.61235525181935,41.61888891307801,30.799686342385268,6.809278425815955,2.207256697913574,3.11
Soybean,Central,Black,511.74242792388867,27.47115323652092,61.479375245843606,75.04544149931569,32.646525257852986,60.93680079121205,6.034584239929638,1.231903897686555,3.18
Maize,South,Sandy,1187.219792443386,29.165641137111695,79.17691164740134,102.82702348739596,47.83522151441432,38.62739706332602,6.35186236405746,0.5290237511996013,3.95
Rice,North,Alluvial,1131.0950932981311,29.608651085983013,52.49804169881141,79.42725290429428,15.447229044582926,23.707019950485012,7.907804478824999,5.340685821854806,5.3
Rice,West,Sandy,1240.3733363983147,32.44165041359452,55.43256571161603,115.38564490048041,43.08371243037399,48.914016362067684,5.676648489956702,1.9733742487766581,4.34
Sugarcane,West,Alluvial,1182.3749555124764,35.67940449745089,96.20778011569587,95.96340194472764,54.54218120205816,67.0021610119574,5.827937957261341,1.1975720144463338,79.36
Maize,East,Laterite,1145.5194464398737,29.985410579674745,65.80063596539087,89.45810901530004,66.49155516916454,33.091629573148616,4.819978845148112,0.31136115491765504,3.12
Soybean,Central,Sandy,1033.5571154034046,29.63186567559935,69.27976305901234,81.23147192040109,38.8189471619913,24.33903812037167,6.382403366634565,14.04200845691443,2.81
Cotton,East,Laterite,960.7359083963853,25.885018142482792,76.17959887331536,67.64599327453139,49.69257790490285,31.35077069849082,4.822577226107048,4.510365222770248,2.41
Maize,East,Laterite,1305.8793196134327,25.283409176892903,57.14241487564084,79.94352132963247,43.07859051282484,13.952322110618411,6.109728408583553,1.099081206438129,3.47
Sugarcane,Central,Black,1003.6833667072116,23.370887851993466,64.72483003838657,87.32060424815342,55.221193142288584,44.587037829806846,5.053246179341194,0.37617383064840293,82.51
Sugarcane,North,Sandy,1157.5536944765793,11.001197188182307,60.16314850634082,73.57636760411235,36.308950481338854,16.716540077975804,7.080986371930823,0.1,94.87
Maize,East,Alluvial,300.91439979035806,22.803937442378054,63.75441360270272,87.45034013994454,47.34853174430542,49.623053290575115,6.365363586924172,0.32936055233807826,3.35
Sugarcane,East,Alluvial,647.4792757422761,26.136352847610983,77.64864017303825,104.6401691915021,7.415632471750833,36.004424619483544,4.5,1.5289819444454464,79.52
Maize,West,Sandy,1294.0672760935795,25.46869721306996,75.119989751021,86.93926591328528,54.744266525932474,50.407040020187154,5.725777573486251,3.3833832038959892,4.17
Wheat,Central,Black,799.4695199700445,29.283020892764167,30.765788798685143,66.63976401366729,41.802144020400206,36.05726977982012,6.118590158309854,0.9036099260565874,2.98
Maize,South,Black,581.3927446502778,22.979892274694397,79.9681745920012,11.10878318583093,29.466005552156034,47.28496366209909,6.92147350570967,1.1382562004661498,2.78
Maize,North,Black,1192.387699444411,23.19998111392673,59.81411399842597,110.34399425063964,44.028975173847584,25.18555442560846,7.195054727944576,1.2821417118515643,4.37
Sugarcane,North,Alluvial,1000.4002975835286,16.43147805029675,70.92205557329054,77.23556514812901,61.09185776965812,44.18472899122765,6.81574856586254,0.1,63.98
Sugarcane,Central,Laterite,877.9182486059246,29.357147477784206,58.886521169153994,85.01158591179808,25.52061891632765,30.152476431315613,6.7421989838147045,0.38969777364607067,68.0
Rice,West,Black,1452.7332906223273,22.5608227558574,64.22292547272266,93.62482019493741,26.471711638743628,49.14421398169861,6.831217063173181,1.3899328275208402,3.58
Rice,West,Alluvial,1401.2302323746253,23.41996695326568,84.72935172121603,93.63120245548033,15.454911300237214,37.84005006611743,7.018630818399857,0.6553239501659612,4.44
Wheat,Central,Alluvial,943.6488401154794,29.82373677578446,70.04113408985887,98.9445455782137,26.492316348410156,56.53413920334701,6.50913610141041,1.481832104401961,3.43
Rice,West,Laterite,1216.7125914457888,22.586349417393496,83.9625691113896,105.22079547432338,25.58089721072027,36.22122300993703,6.326872883148477,0.22880271085328047,4.27
Maize,North,Sandy,328.3888563284322,28.90168795723383,64.23546561172923,98.88850425522533,36.94010710098996,28.772333162288014,6.647472876613363,3.2472286844285727,4.33
Sugarcane,North,Sandy,1328.0077098691836,20.966874615513966,62.676369881003204,2.074192066228065,40.619236400378405,42.032461347032196,7.432199146882795,3.0625889149992473,75.87
Rice,South,Black,674.024047379188,26.894378749304455,65.18267097737002,89.8244940292955,18.85500169289644,75.16815262671079,4.618942053495958,2.216471153573239,4.79
Rice,Central,Black,564.3574193749513,23.95174087146411,45.957848503160534,86.37488676255168,44.67011109630496,56.1610242333222,4.664639134583616,1.5161816388859775,4.82
Wheat,East,Laterite,464.4204856475343,25.668526432130285,24.634870959615,73.67997485162874,43.70762619434378,27.979292132364506,6.948147939528049,0.988211058581915,4.55
Soybean,East,Black,441.23443306640786,34.55840001871515,53.28896160705875,91.98827160935159,43.37046752064675,39.947388502871185,5.7817001161776655,2.295521190938982,2.62
Wheat,South,Laterite,1324.0976622701326,18.80356131176964,80.40850159880006,80.50627891642304,26.80920785458372,30.014812719778018,6.555839667673477,3.044861371738314,3.91
Maize,South,Alluvial,1189.3434127854564,34.11205354638345,86.30806334031652,65.8010542136379,68.80107665605573,26.939357930888043,6.4748352366950055,3.3067003162732114,3.66
Sugarcane,West,Black,770.242107217162,22.406122548943483,34.964542118377125,110.9186946513583,49.44037507040369,40.21672726974035,8.230170033336965,0.8541357456103802,74.64
Wheat,South,Alluvial,1256.4697110214624,31.345408866329905,84.30015991676522,88.69470085569363,19.858760776643244,36.124012254226244,7.0403444673836395,0.4312160010621431,3.9
Rice,South,Red,821.5055712372488,32.33658477587382,56.11514218034205,84.31235341622661,16.050496701010943,24.38472289087095,7.303731048795831,0.8365869626908213,4.67
Sugarcane,East,Laterite,1097.094832446587,29.152311077759506,43.603999616501994,27.911436001049537,27.837784364121987,30.12126564516418,6.251572897407518,0.1,94.22
Sugarcane,West,Red,855.3072919306322,20.907781940559957,80.88840063854391,133.2158055078709,41.31678850356474,40.80750366265051,5.855628735627126,1.10061415880548,80.26
Rice,South,Black,964.011061339812,28.36214841821795,57.418342618366985,33.39187641189498,61.648408113342825,31.32707010462726,5.822863903993315,0.6389842664091493,5.32
Wheat,South,Alluvial,727.5409276697068,39.797811251616366,100.0,93.10509642291541,29.82020970272556,39.770017993915836,7.4807334675779416,3.1216757695918536,3.55
Rice,West,Black,772.0547113596813,27.056178506200645,54.9013606461271,97.82432567821223,16.737098320860532,29.52197917496412,6.919585075295386,2.2467056951636373,5.59
Soybean,Central,Red,1163.2288542857875,26.495916191515285,60.85467548811045,121.11045243474693,44.303311668192755,47.02109392158569,6.560855253126114,0.1,3.26
Sugarcane,West,Black,1211.433690028375,26.014717346396992,50.35262026738566,55.958381804601856,32.92546259623187,29.697170024822576,7.869265474521519,0.31164021792657093,87.77
Cotton,East,Sandy,875.7627655658167,29.577816835366146,67.24850785281036,59.78070326152376,41.61420308714674,49.512306607753004,6.388644496720566,1.562607906034163,2.29
Cotton,Central,Red,542.3379267194373,26.564095808337342,76.95597457205771,100.00941498446565,37.517172914747555,35.61268093371615,5.883457601037173,1.9251787625847054,3.01
Maize,North,Black,1741.3741134733693,28.422952548466007,39.04586714269225,96.27322494326147,35.9175511793466,7.813284356401283,6.226188191465986,2.9296324100211315,3.16
Rice,West,Alluvial,1011.0089974693716,25.538383223449177,74.836980052445,122.54497567516495,55.359760858000215,36.04059044953653,7.35997819335949,6.901976516940597,5.89
Rice,East,Black,1093.6422488222208,21.818775643475732,58.87006296886111,107.1852835644937,48.813667934161536,47.57591765535296,5.403095170514157,2.420784885287654,4.13
Maize,Central,Alluvial,621.6010604762255,38.6103455034214,52.086371280173715,71.53987241023927,43.19897158525149,31.70941151297948,6.4618559697579,1.5744622854581485,3.17
Maize,West,Sandy,1364.5700646953298,26.516743492036646,43.98157592494437,77.22361294228372,7.669864015027969,37.05764122129587,7.787733831173275,1.0703230495524962,4.53
Maize,South,Black,1410.3685789475815,42.99199096645942,79.67935250535717,93.0755381450862,36.18193505134763,49.36742918242514,6.824954950213006,2.680295102345025,3.95
Sugarcane,West,Sandy,487.5895427079057,29.12457623023459,69.30031519781974,41.78860485296701,52.93893937146673,62.79831880992644,6.342368346870881,5.459101278935015,88.26
Soybean,North,Red,969.2843117123746,29.999911012877792,56.268818852988815,94.02720303652885,25.3664830198585,57.30494880527482,8.040784332146277,1.0995114653735432,3.05
Rice,West,Alluvial,945.8689088141089,25.453577152391226,76.69188501060573,95.83567746207368,36.5460340736902,41.63249704383706,6.779197648232438,1.757184477053043,5.77
Sugarcane,Central,Red,1716.534044964052,24.035213393124362,72.94739215425683,59.74860917416137,39.16133186732775,48.395737073056885,5.21105666921494,0.4639508863570688,86.55
Maize,Central,Alluvial,1433.0841421383686,25.566649404681304,78.01771106602064,74.67537721371268,43.36810184694804,41.35164533409179,6.362257501663191,3.8963621070370786,3.86
Rice,West,Sandy,564.7664758092487,22.838436679827492,89.6089834445998,30.449585058374005,33.8230176262355,17.467663369852374,7.472523417503103,2.500220122396219,4.44
Sugarcane,Central,Laterite,781.5843461352175,22.376595908245513,68.26277577516953,103.22228379356224,46.22313903769743,58.99306532163709,6.634298839527277,0.8761023461492571,89.79
Soybean,South,Black,732.101795445821,35.92300527706934,93.98563657725994,90.44888591375165,45.68797383050487,59.74032262472801,7.742136750854469,4.143703832522753,2.71
Sugarcane,West,Sandy,1111.5029130552775,30.9987630283394,86.41369408481961,47.33543750296825,26.239070673174798,14.856548326520027,5.64102787017767,7.070396521243405,72.87
Soybean,South,Alluvial,1471.6626642293209,34.49092562177033,76.75162130942897,53.49852986351203,28.13759949745204,34.262173345064795,6.431054145545764,0.6808159688466514,2.33
Maize,South,Alluvial,1032.7522097650958,32.62449844819259,39.63154133772353,69.13508176227624,42.55087213855895,63.01794179335227,6.78494541697823,0.4131371352140619,4.11
Soybean,East,Alluvial,1150.3498709313483,23.99314217749012,66.64688121154795,101.23231147833648,61.93394429974206,43.28791577671275,5.504190972780859,3.5662993155263885,3.07
Rice,West,Alluvial,800.7073886970569,19.301570832477786,68.6948839671443,92.61339732274124,54.999047137548644,25.009793731191174,6.4952585989171014,1.7466078828721665,3.61
Maize,Central,Black,1148.7423094478413,24.699284146515815,68.23356733290156,59.44421283711839,31.46995108172703,58.27318606762971,6.83982589982744,4.314689586532023,3.62
Rice,South,Red,858.4246497956485,27.459159095058066,63.3528879924151,65.16814085283359,27.918789800329293,41.741059223736336,5.488521440797624,0.8539431213660267,4.78
Cotton,East,Laterite,507.7721406008075,32.72171559229658,74.69074869352258,81.3149159800084,34.28273791089228,59.4326643270381,5.3149365575126435,1.7409819668238151,2.06
Wheat,West,Black,1129.261212740535,26.726976761607627,76.68733770112999,59.98331264200115,63.00833514715293,41.28003407637127,7.450220544517827,1.7217684763186103,4.3
Soybean,West,Alluvial,997.0442735165161,41.831828975880086,39.917430683780026,66.98883002025417,39.752211603243374,7.677961930254433,6.592730111476848,0.41708098817408634,1.82
Wheat,North,Black,670.8407370445731,24.83652004715073,85.32260354125555,97.29672494872688,42.720801425256866,67.10392839971577,4.6245364410755,9.639624109256824,5.01
Wheat,North,Sandy,1493.6155975311997,29.955288012240956,42.853221031289436,49.32945500410586,27.620184008738217,23.388946816452794,5.956483403673264,2.1816412042274025,3.89
Soybean,South,Alluvial,770.0638031614855,24.007045541021462,58.91151368568551,76.44082167516471,40.345526656800246,33.442371199186695,6.563389185534469,2.1821536245245334,2.12
Maize,North,Laterite,1182.7303943316506,29.031411929111723,51.6863350975231,74.5808727417206,17.204565498525987,58.01534654101246,4.680263656655418,0.7044259398808199,1.78
Cotton,South,Alluvial,891.2355428349507,26.372132842972743,54.173543646837395,78.92860863833653,19.19844629866495,74.21097544876805,5.762620029122752,2.10182972600902,2.58
Rice,Central,Laterite,1463.0731656572746,25.756695213770474,81.2979954972557,86.60527816629325,41.1892194172932,39.01216649773134,6.243890360356937,3.5792362125220887,4.15
Sugarcane,South,Laterite,928.7236258814303,23.906039485521042,66.82429706506777,95.36473142651411,43.45274014155598,45.36528293130442,6.244045443098298,3.3586750094958275,96.12
Rice,North,Red,497.6115734169244,27.737712032156182,75.23898696893004,99.60547098761208,33.72257284335666,22.215775050546704,5.656199033961142,5.044594733145977,5.16
Sugarcane,Central,Red,1243.0006342657284,31.180864632338228,74.48023757670923,71.40141456061083,44.76603978398455,35.847875247708366,6.38723049525946,0.32192995714150136,77.8
Rice,North,Black,1461.8631963069201,22.12466817897392,36.274315803350646,76.21422063501758,20.610104946169162,56.466124319397835,6.175580765915698,0.40380996700987537,5.18
Soybean,South,Black,871.716580721202,26.757135025139593,56.63387654770138,88.77390821524561,34.777780259140606,44.61870021018775,6.344727865465506,2.4769126146656153,3.49
Cotton,East,Laterite,1203.6654428957345,29.465670353278185,76.22858722604191,84.50351901768539,30.404898688113853,66.02383666417826,6.747385024674855,3.297799280620818,2.7
Sugarcane,West,Alluvial,1038.8294815146337,30.414455538365043,74.8525697468491,94.26766092854957,38.68592535681611,19.05268659716463,5.011640440631108,2.2436189583730934,103.15
Maize,North,Sandy,885.1852133723465,36.31513923591888,38.649859048911935,91.24231145298457,35.427495430876654,18.428475651830876,7.071143808586521,0.30830376413253474,3.12
Rice,South,Sandy,1252.2281132866112,29.893392230251187,80.45040687768386,59.40318089251287,73.97249122772895,29.729835857780174,6.9215572678433555,1.8074815996044347,3.78
Rice,Central,Alluvial,759.9892031943025,24.99988951382445,74.24083918877926,126.86116906425673,25.700975946498946,30.453832261390247,6.887209308254937,2.7596819992178867,3.71
Sugarcane,North,Alluvial,1009.7485614361351,24.159992207949987,50.55811544807471,80.09191746571085,39.92702171222968,54.35120399882587,6.356906698874176,0.2946360492586508,92.67
Maize,North,Red,1077.2070179813356,24.09870912819205,71.12942417381544,97.49259767843905,81.81019845630702,33.83734636863402,6.340108974026168,0.1149070482635009,4.4
Maize,West,Sandy,1066.3268111076109,23.820116116990498,61.56332352345727,95.26468989446813,49.1646932679311,22.3324141903416,6.4011220041881005,0.5881999483144592,4.34
Soybean,South,Laterite,767.377972493839,28.078680093036954,72.3794808744094,86.79813585021324,39.40846289058748,45.96048026559534,6.5593372422596525,0.1902743672587423,3.02
Soybean,East,Black,1617.881565990605,29.102751223548825,37.99645848485845,86.55840906346342,52.23607310394984,28.469070690709163,7.133472617425502,0.32160405329732944,3.06
Soybean,Central,Red,1378.6735998466336,31.122724076933935,59.71092705887598,103.18332503216058,49.45599896763905,23.596338692597154,7.1045131606012655,0.4547399083899177,3.14
Soybean,South,Sandy,1297.123767624876,30.32497363317619,82.71075353603105,74.79273045585236,23.441729947192233,55.90210256785636,6.274326256419056,1.5129912040222464,3.17
Soybean,Central,Alluvial,1429.9638924933583,33.23053577322192,73.0822875825581,99.39006655093033,16.762888760536445,59.409270699309616,6.971149963041673,0.3388704813104138,3.18
Soybean,North,Sandy,1020.6284643212152,23.65539578070318,76.8746129707107,92.56059247235186,41.45014288646445,54.68296483345625,6.890795796374002,1.8561304127313432,3.55
Cotton,West,Laterite,888.6129095708892,35.18242092816599,61.49688130687019,109.39476398135399,32.80939643005862,27.48380523546748,7.054170660711254,0.6868414751344253,1.96
Maize,West,Red,673.2892673396807,23.851720508301185,73.46518924460759,67.58989980666558,74.10767283811165,31.15955595153334,6.191882947841458,0.7437365572304271,3.38
Soybean,East,Alluvial,788.9705236142054,28.739661790876323,62.55366490368818,82.10770494243917,56.787294317755524,48.15862753305848,7.527302197397928,6.846796252310138,3.21
Maize,West,Laterite,695.7929859088017,26.026206605084173,51.12739781514558,58.6187484827518,56.78176211234466,51.13217345376171,7.146434246852137,3.2710766777264384,2.84
Maize,North,Black,841.568355573248,26.880521061952173,61.21767318263265,107.74430953397369,4.448963818479804,36.55357336759885,5.628603029753593,1.1037898706183789,3.7
Wheat,East,Red,1082.9426878399534,30.361443816086297,86.81060067354154,61.51853188789897,31.150091168238095,58.07613639920844,5.858961989139598,1.1864383824881366,4.67
Cotton,South,Laterite,1274.207469763422,19.807899153406137,81.98482039670905,88.30124272745923,39.84464033007116,9.316542334927576,7.715864102447697,0.24386673015410568,2.85
Soybean,West,Laterite,1265.906052336656,22.846378684730883,50.116971657219615,68.65772473471749,28.972891733770943,31.409021274592575,5.015692766768714,3.7227541337670402,3.09
Rice,East,Alluvial,648.5477064313222,30.74613367623466,58.73987944246398,108.52962224159323,30.623727748624866,73.23146908618513,6.479399049371,0.1,5.23
Sugarcane,North,Black,1206.7387956409016,26.989236919043908,51.13642673653909,78.53672256717304,36.14477163938204,39.7874347296675,8.17996814818908,0.31209303788331083,98.69
Rice,Central,Laterite,1343.1572312241128,25.71691091342485,67.69284760800699,96.27849757634216,41.86775732207316,32.83458395584947,7.359584105776882,1.52741494651411,5.13
Cotton,Central,Red,923.729461433398,21.395297191683113,79.9590923467185,52.90402504379878,80.59300810898144,47.11375135134716,7.320521482648482,0.4175651591169538,2.67
Sugarcane,North,Laterite,1359.3250082726615,25.75194593834885,95.47690125938611,64.21990332773213,29.920549022659706,25.65526090617779,5.546347338446725,2.003589057343218,108.26
Cotton,North,Sandy,1262.7400780300623,30.404734707834848,43.58821701731587,95.17603646809697,52.684807393329564,5.030499054361869,7.136279909598534,0.1,2.44
Maize,Central,Red,620.6227172461096,24.18263440427167,77.87521018024471,112.27381505006778,61.954281407859995,85.0386880075556,7.726983678224125,0.20719543633075105,3.88
Sugarcane,East,Red,1657.520855922361,33.82031673429216,64.88471558631521,93.1518124751908,25.072869816638093,27.117649987321858,6.2521937491756985,2.8936475446063876,99.92
Maize,Central,Laterite,785.3057307550127,32.38442465401313,59.4929453895307,139.57462042740306,70.1862186412666,43.3357644157056,6.502451381019087,1.7185049865963646,4.06
Rice,North,Alluvial,1287.225984347657,25.249735477406144,50.97062277620745,99.78699846478482,43.532646756645306,42.605970861700754,7.309979529008442,0.1,5.27
Rice,West,Red,1276.3666001195752,24.028256336050195,91.69791405648924,80.40050368491107,2.571118554695218,47.42813911655615,6.32739490767931,0.46087569741483875,5.27
Sugarcane,South,Sandy,632.7964295170075,13.177608322128815,40.567036577705395,71.97504830241536,58.326968710285485,28.09571973881766,5.287894175682097,0.5461474805685059,66.33
Sugarcane,West,Alluvial,1053.6938453518126,21.61569479029317,57.65367270577363,125.42670992523081,15.736613922068194,1.2800485875088867,4.5,3.7817533226068285,84.55
Soybean,West,Alluvial,1272.6748931617628,21.308318317200552,70.50945359923124,100.186192800779,61.86847044231921,30.16899141258483,6.752451173915706,1.747121150179624,2.86
Cotton,North,Alluvial,629.61600760459,19.84516784532652,71.79932588410882,67.11431297350885,54.60043571372633,40.45844845945239,6.096892096647887,1.5592617880239055,2.22
Soybean,Central,Red,1029.8848479538935,26.820117611616954,83.7019672855435,63.52782216538682,24.39595039811325,41.53862456686751,4.5,0.18138181519271687,3.19
Cotton,East,Alluvial,1297.8019163106899,28.560402801630566,51.7897914695009,63.40653047256376,34.148891742750436,63.44504175362191,5.861384760709521,2.139727415228008,2.01
Soybean,West,Laterite,1317.1721799361317,36.07327671136731,74.36580341297217,92.78129129045055,50.26748240344752,35.73898905167751,6.188816297228625,0.3389426758492813,2.84
Maize,Central,Alluvial,880.8780927146086,27.332453307003473,64.05598221401375,42.04627904250429,31.675798292273832,43.12365048638176,6.11233082727815,1.4752072026343985,3.8
Sugarcane,East,Sandy,1463.310764772646,16.832231060775044,65.60325663013334,67.22646060823533,66.10156945247437,28.113528840262987,7.404008010842366,1.7960934074968,82.08
Rice,West,Black,1391.6566175054,23.26127984331675,58.10634152250907,87.4381753468928,53.72038333351923,31.028808917672546,7.026578122036405,3.688753087160531,5.04
Cotton,East,Sandy,1072.3683891827202,30.052821377711506,67.4279963798307,80.69030064980169,17.578670489410325,70.05265163773808,6.383874722262466,3.284408461701212,2.73
Cotton,Central,Red,802.3145670198672,26.592936265441644,62.86420507475952,68.62516470880958,37.368726867207485,29.28675736838938,5.480736434561948,0.42170285163349835,2.59
Rice,South,Alluvial,650.2444533903893,31.284140047972066,59.65617535689912,97.370617664343,47.796042189666125,34.321767994874016,7.064928772249739,4.958447424126379,5.47
Soybean,Central,Alluvial,1113.2636984347341,24.43125513217715,57.12195598009133,97.24269050390825,28.306024553292893,56.28607732894751,7.675712447802329,0.1,4.16
Cotton,North,Laterite,1439.3537713170488,32.76018659732471,70.58743323246784,74.5883799561721,56.375138634202415,68.59012115551695,7.885376351874723,0.8013301565861614,2.72
Maize,East,Alluvial,955.8542002668429,28.230150371088733,45.03663952169906,66.71432793564017,49.21759614383657,52.15504717066963,6.281487916641281,0.1373425606044662,3.86
Sugarcane,South,Sandy,742.2754468776335,28.357387919657885,62.114777203011684,101.61442259964375,50.77346380692031,52.20243517730116,6.973656099055314,2.552835680718573,97.83
Rice,East,Red,1247.4771655527986,27.749774437848206,53.48423819952398,76.03195892649607,35.274580135669915,21.218451330320608,5.9836233754564905,1.3871942110600974,4.46
Sugarcane,East,Black,1052.3537488551776,23.174219398444325,63.15635399722348,80.35120664706434,24.718480676383386,47.72133243187742,5.840023434048971,0.3846058429333563,103.39
Cotton,West,Alluvial,1154.7714961595796,26.71404722579588,63.34694374380438,99.5711675222204,58.263584362258584,35.38875604180578,7.0783153272793315,0.177948399401649,2.7
Cotton,North,Black,842.4163987090328,28.468804587766854,78.00279093697951,52.49877057874636,66.40604107225406,47.09218121210054,5.4989302143210494,0.5125844420762258,2.98
Rice,East,Alluvial,889.0446365688202,19.996726956785466,74.8852267909166,67.04371217570038,55.49751608011893,35.81129645789197,6.112296810285194,5.070332250040921,4.44
Maize,Central,Red,841.0013008980609,27.397971263817603,69.3769375293567,73.47702539786714,53.367536997438556,31.432383154300453,7.418449032646954,2.264264134488478,3.6
Wheat,Central,Sandy,1149.7507368453505,33.07438959249267,67.59096716628073,127.67870250156435,40.93666331513696,18.1251090454332,6.099244039869093,0.5547789341202988,4.09
Rice,West,Red,898.1812958706664,29.169090666850614,62.1370637162811,48.684840019700204,29.37240351515375,38.74736312041047,5.673533982897159,4.483819646253887,4.14
Wheat,North,Black,1177.727308891347,33.8364507488465,61.85979889034321,80.99450288776515,51.12423491212661,42.57839296324354,8.094901524759175,0.29351042238528585,4.28
Soybean,North,Alluvial,813.5885137174088,29.038636616529192,38.782037716714726,57.83544030898212,30.595143666151365,8.680801746147104,6.951442685464314,2.3323390791041634,2.89
Wheat,Central,Black,1149.2504705904169,22.511845512163163,76.00623948762589,137.7304218863127,55.028948262175284,30.79918717280647,5.188622110625504,1.1062330076876405,4.55
Maize,South,Sandy,1211.1343510948284,30.953798804187986,68.99789210015042,86.67042485211148,44.08089665609218,36.03318722409234,6.768446375082735,0.6248134946690233,2.71
Soybean,West,Red,1099.4628848826435,21.294869408486434,83.00561288403671,56.17180707349047,17.848043265101406,48.5988333445099,6.403460670235194,0.6084562380355857,2.5
Wheat,West,Black,1275.1130340278517,25.95781405135922,56.681556352811135,38.85054041451246,40.83987789730349,31.150409132092506,7.148929781643089,1.3895103306100947,3.86
Soybean,Central,Black,855.5630523612431,25.620018213413875,83.90554551512999,95.30023088941137,21.35319844189785,49.4289698022825,6.902008836206464,5.36165005685596,3.11
Wheat,Central,Sandy,1207.792639875504,23.608608020970333,62.12267508637879,84.82799936471397,19.14043416109123,44.2083537763011,6.464709125899152,2.7121062950219352,5.14
Maize,South,Alluvial,1070.003593852294,38.89483610927181,56.40259669956026,95.8931883782813,6.76693931670102,53.03933117502815,6.7115935203101875,2.170121627939693,3.19
Wheat,South,Black,757.079845972917,26.63677345977454,88.18166933537279,54.835539176169085,19.77258102528902,32.05054032090163,6.754495629721561,4.167234534172917,3.23
Wheat,North,Sandy,427.89039359167487,36.05030855269666,70.45839320620738,126.70705625044098,22.160464295084658,35.76430647956895,6.820435457878904,1.6895030479183437,3.31
Wheat,West,Alluvial,492.0519614580077,28.71795240256498,90.06510638541587,82.04746665846467,59.072398556072294,48.55444277620788,6.19925801140411,0.4262275011761506,4.14
Rice,West,Alluvial,337.49154912742006,22.89539094636634,67.5573260384051,90.61003636111442,48.606909446822634,24.690971364157896,5.347684054805515,7.559079368411901,4.94
Rice,Central,Red,1127.8387832705212,24.95206118048198,77.1113405573089,95.5980798359639,69.98770347404516,39.00044136727433,6.322789183186241,1.530335003101551,4.7
Rice,North,Sandy,902.5692934774537,26.807593360933247,80.43056983608045,82.56695995559596,37.076415388478594,54.85178936586527,6.134790621993012,0.7575284304045005,5.01
Maize,West,Alluvial,1026.1637017151575,25.290958372127015,60.77944023360019,112.63884945921808,20.57568422115594,29.999211550185407,6.451770446179041,3.0116936130922305,3.28
Soybean,North,Red,945.8795249613946,25.63023889304857,70.19100645690702,66.75165456452946,39.86732544569369,44.92061433636471,7.382562079893605,1.2472259696373655,2.41
Cotton,North,Laterite,1174.501021866638,29.868719802606154,67.3132637883439,105.55808060297286,33.62859396023258,39.973675848633896,7.664225820979491,0.1,2.31
Wheat,Central,Sandy,1183.2737201343407,28.82685027217001,77.48484622337347,113.32854755551298,46.34638960612111,62.02640667751244,7.074938085768069,0.7711671007469805,4.94
Wheat,North,Laterite,1012.8702501207323,30.449968613653645,49.0196668631707,105.91597896245474,18.640825425705707,41.22661186070147,7.149905164519466,1.2220063093090436,3.69
Maize,South,Alluvial,1031.0261339782194,34.63342288762925,74.01699240172042,115.85864504089278,40.715341292260355,48.005831903014396,6.426270477805732,0.9324070937518637,3.88
Wheat,South,Sandy,1043.009406513501,24.642570836097804,78.80698816046448,61.74112847548999,60.21766778767364,37.4946571486957,6.1911064878932,1.6047865676171518,3.58
Rice,East,Red,1417.534885550162,32.56946292264013,54.75687441026268,92.41606483942631,60.447557461092984,32.230795185564226,7.088721977510705,0.40511305392636954,3.98
Cotton,Central,Alluvial,398.6204353517669,33.968009646471955,51.77829617328835,90.43549945617436,57.84804756067788,43.39896669737906,7.278206633721436,1.6993020944051758,2.49
Sugarcane,East,Sandy,798.8437315154355,33.46950396768624,40.12587716535033,81.87249986571064,48.26753376081079,31.48726855844759,7.267533375239036,8.613584688565345,77.8
Wheat,South,Sandy,1259.5783880570368,18.200345947964152,96.17701716028654,95.6731733973613,54.1013929124466,55.50970655359862,6.38645158726907,2.8033198180885166,3.34
Rice,East,Laterite,1332.3707494825296,35.988432652314344,54.024787325768536,110.17549633749091,39.41970775864378,57.638538040589964,6.566682681104663,2.3075056264559546,3.82
Sugarcane,Central,Alluvial,1128.1600250554918,23.818005094722647,86.2692942306499,61.94099513847968,46.31027432227006,41.07986651705717,8.050334613566704,0.44781282718560644,98.99
Cotton,Central,Red,944.7618974486387,17.796638480917743,61.88026752550664,49.82238785826861,38.06711600567564,33.38066487388825,4.55886175811526,1.7434663639103434,1.64
Sugarcane,North,Red,1558.4679123018386,35.86555045393004,81.4731158961652,74.87463784770347,31.796989802544623,43.41470501878641,7.284466535498287,3.42599072784609,95.54
Rice,West,Alluvial,1053.3435249771326,29.567021840869778,73.7141038111198,17.88797967582056,43.85613993279197,20.884119488344847,6.227640989636186,0.5505545072025194,4.86
Soybean,North,Alluvial,1009.2357970528889,29.77352466252014,96.53222693668918,78.26556553999828,65.51261588405471,28.644577998917235,6.227834213842504,0.1815676015927823,2.86
Soybean,Central,Black,1399.535593912887,25.339638220440072,86.68727058316284,115.74135576552383,44.1816505399051,23.63168321821385,6.271612473108027,2.1680269651082438,3.46
Sugarcane,South,Laterite,1142.6653404171045,27.910489562484887,68.19650285064827,44.41345724092656,47.2470609302939,28.868993467417496,5.018857834251858,2.239190709424495,81.01
Maize,South,Alluvial,1281.9490666567572,26.303417395767802,69.64752106506285,69.55785313338387,51.66020157577771,30.80037216224948,6.332112239451075,3.2632554605868944,4.1
Sugarcane,North,Alluvial,1317.0917000198729,23.87898594585204,75.18679818974888,51.58214986521112,44.8380725423322,20.71321538286169,7.523487483811016,1.9861532504584583,59.81
Wheat,Central,Black,888.2585132829709,27.114954237003637,100.0,89.91779269421222,36.697822195193226,36.00767076440002,6.2649442910586,3.7686596700547916,4.26
Wheat,South,Black,1530.3195437091786,27.565691036488996,66.01601225057637,95.92083646734052,51.71338356946225,37.10093509128255,6.375089562164875,0.6187566270123395,3.95
Soybean,Central,Sandy,261.3639667221812,20.39182995701644,45.60980748935036,80.53564905456223,29.01130708244468,48.59179750964479,5.787843051645217,0.1,2.56
Maize,South,Red,406.1029276578224,27.27816062743057,68.6706909437638,62.878875794538686,57.65021516358408,41.58339233214227,6.5174154608073955,2.6394453129339794,4.21
Rice,Central,Laterite,795.9356133183092,18.062375640663902,55.39001284663082,84.75671324682816,58.90186253233185,61.18398219947614,4.5,0.9753237991931483,6.04
Wheat,East,Sandy,872.991833117573,36.60175701058548,68.16916966306223,110.93156248261229,39.29048016893619,48.83267443518043,5.865441094552728,0.47050769996781205,4.87
Soybean,Central,Alluvial,1108.7874074306453,26.48709319879561,82.2672929490192,102.24208285835661,30.06911668817436,75.1287222981885,6.809580883640499,0.10603824879637394,3.81
Cotton,Central,Black,793.1666387471976,21.64252307334109,72.5612148938629,69.82829719963968,72.01478184255751,22.750520332242882,5.438641286607378,2.8160670384659685,2.08
Soybean,North,Red,996.4244830081528,29.56609100344804,56.10194097599788,71.89560602440935,29.47448731764069,54.96115562519887,5.509676005399155,3.501118232332938,3.24
Wheat,East,Sandy,938.4571982296624,23.26650306929004,61.95658084982719,71.2070310416422,35.57901117946454,16.474763969511674,6.12653261534086,0.9853914882523769,3.74
Wheat,West,Red,1601.3395191819227,26.853713319286474,49.00652389695977,92.26066021693202,9.860258418348263,55.89870288170727,6.898096340748605,4.3272653545085324,3.75
Soybean,North,Black,758.5073022249674,29.277505755459273,84.13449975883947,45.45354261354325,60.629130128829374,45.75224140757289,7.309004991583728,1.0741906697063812,3.8
Rice,West,Sandy,495.0866330315056,21.9165460839869,77.30919943968294,93.5672182398837,18.464693362702032,36.6079620152927,6.5009591657207215,6.0543645090272715,3.22
Sugarcane,South,Sandy,1335.7000697620315,36.748546627185675,48.67485655415081,66.46488443353749,47.31483963988558,43.155172110009424,6.249058498505801,8.173805771795749,90.95
Wheat,West,Red,785.813030016554,37.22457234391089,100.0,73.3762382365935,44.562820503248105,32.636122581809055,6.824230009026044,3.403395912233315,4.09
Soybean,Central,Black,972.5010127449264,24.37273336880761,61.74561187198768,61.73304806756033,38.82893414893282,31.217602599977575,6.321375478270933,0.5920544986166835,3.34
Soybean,West,Alluvial,806.147364962088,21.383369095976263,69.43293255562794,98.28189421148085,31.867284719061427,46.563281037258484,7.087877326334896,0.9124368977661271,3.36
Maize,North,Sandy,1221.152829415358,24.3499591895128,59.93714492964574,65.18188840720084,46.60962326725254,15.701189254305973,7.688139829493273,1.5213753205546794,3.94
Sugarcane,North,Alluvial,587.717633333581,24.61722958152008,71.3013837602567,56.015603199707385,66.14107295913496,44.94226486959828,6.373822817134414,0.7970202034275884,93.0
Cotton,West,Black,160.2424459312075,32.55175246980915,66.41082009453876,65.52145571709781,36.206848206423835,38.11775130009253,5.588515279589572,3.417740920125678,1.91
Rice,North,Sandy,1388.7148865419883,24.436434150223935,44.0357965725665,52.94668051719199,15.166367640203095,35.09692616640936,6.453433192278256,5.249666438883365,4.59
Cotton,North,Sandy,1074.2412432469473,21.19169401365137,82.6026401311472,101.54234033705444,12.8300859693944,32.617809043674384,8.111651264009222,8.507296662405457,2.67
Sugarcane,West,Alluvial,1321.7933251471734,27.507867527861286,52.577926065114,52.43092278597109,37.17624615151571,43.54371869747679,6.753466032330531,0.8198434862175413,77.98
Sugarcane,East,Laterite,1378.6635918678721,19.545732038259384,78.75665704461012,78.91860081299133,33.154088766919216,55.47724644889291,5.71434203850047,0.630090287716412,90.97
Sugarcane,East,Alluvial,725.0601358623018,32.339975332766905,61.52207955687345,63.734107660833814,37.432753081613335,73.4239754294556,6.528717363843804,0.3512509665335107,98.76
Cotton,South,Alluvial,1018.1994993690196,29.999963409828652,65.94987227201884,119.2135922471991,44.290342785858186,56.802617971395264,6.441700560098312,0.1,2.52
Sugarcane,North,Laterite,1151.616543728666,24.000551990830104,72.23169367566726,90.57386999839899,32.74561847108995,52.471951296560256,5.835145956108169,0.3896340782247282,112.43
Soybean,West,Black,967.5123783410583,24.546394372621723,67.05902200646455,64.26928470188507,81.4021195785497,28.182148923704588,7.5090709495356975,0.6695705209989175,3.27
Cotton,North,Black,906.3546347992625,28.243675370361025,76.15733332583537,84.288581768477,45.73673599646652,31.049783335145595,6.99427817499781,0.9920791094439809,1.88
Sugarcane,Central,Sandy,935.9046439415513,21.48476776261827,54.377011974960816,57.265382700324444,53.52925240050796,39.93214241627021,7.427667291247944,0.232417984271708,86.82
Soybean,North,Red,1325.062861391615,23.060521471610777,80.55327315926203,96.78691361155478,37.65394462582536,46.65928908601199,4.5,3.432207076818601,2.58
Maize,North,Red,922.2963414737343,25.872934515656542,49.542007021485674,84.19273186981121,37.7561659266374,33.20994174351944,6.724030948281324,1.9301121605733615,3.29
Sugarcane,East,Sandy,1180.0688402810429,20.406086811647313,51.30748755350729,90.47450369770013,31.092833918202388,57.7841792037154,6.562580660552839,1.653972016937985,78.07
Cotton,West,Red,1104.067841104628,24.72830700142177,73.68522663680099,56.159811912145784,41.12901941699138,29.922066761837513,5.713597554886294,1.5761275447055194,3.09
Wheat,North,Alluvial,710.7450984489669,21.63470540443362,80.74319782533337,45.40393622786178,17.14103122317058,21.108389446582894,6.8502221138008155,0.684864595106824,3.25
Sugarcane,East,Alluvial,1090.5908468542377,34.13099580159667,69.2573387673562,38.411951345563864,15.900596215132094,55.5457149674881,5.728090465567172,5.546551041940404,80.17
Wheat,South,Laterite,538.3986781202218,24.982821469820824,87.3829793999485,40.30588012371151,30.697847979165257,43.54244790141044,5.214886039097344,0.5272392442064899,3.86
Soybean,East,Laterite,1120.4299710833134,22.265879729926873,52.4962050284496,80.27214426420345,25.804377943050042,35.69562650964285,7.08107965687619,2.209326335328047,2.66
Maize,East,Sandy,1267.3351558772501,30.37224795708092,47.520460026595586,128.04542525032258,30.704585624410896,19.43645039846904,6.376018008703395,0.583667593536891,3.46
Rice,East,Sandy,1336.4242087290766,23.85757070250877,77.57374362266245,70.01869930044028,34.95159260359904,54.77081948319761,5.1896064004672215,9.135686759446122,4.2
Maize,North,Sandy,714.1929578112242,21.48757148115267,66.83451686651743,65.53115435070018,35.66444265026686,75.68112103373097,7.649309057431137,4.853201701971695,3.36
Sugarcane,North,Alluvial,839.1537785809433,31.437649595289727,77.09232356601242,78.64363663024227,52.18928635413706,47.421395561346856,6.548174733584753,0.6145632827737383,96.55
Wheat,South,Red,1085.2195621193569,25.384292309336818,49.57956400775072,60.34481243475774,51.59471699032777,30.467484625841234,5.856741624377729,8.759327189834853,3.57
Wheat,Central,Sandy,857.2225565393666,31.205106521129167,58.35168774728437,47.954912174657004,39.57048733673355,43.56430201751202,5.194252438842909,1.966781875997781,4.65
Cotton,Central,Sandy,421.33690516119736,26.924730644992,91.14179227068793,63.636023822103596,69.77795304321381,48.44182416778552,5.61675339032995,2.607983971695104,2.3
Wheat,Central,Alluvial,837.4910578730661,27.645993927232283,61.9847643671266,74.32606452792416,33.0012883946506,47.472305023636835,5.192815622682794,0.6651244596831619,4.93
Cotton,South,Alluvial,1084.0604914721882,29.815893948398156,86.3975621351309,126.48508917423686,52.485241512759394,27.804861284883778,7.870342501303455,0.48661317306455615,2.53
Soybean,Central,Alluvial,1320.2584943921447,23.825863198115666,76.65192922748915,67.78729155568789,47.584863307008455,32.42423426655429,8.099858281003037,3.9048292387306422,2.22
Rice,Central,Red,1506.7625485678639,22.94892716594453,60.71804979663076,84.86950260717032,36.74043628874793,28.795841797999344,7.481058166236883,0.6436958394295064,4.14
Sugarcane,East,Sandy,1037.484350287023,33.009184030306066,86.17637202714302,45.70149164375146,38.050647303071536,45.547243054471664,5.172027555505779,4.990626505106264,88.9
Cotton,North,Black,1169.9483459193375,29.89459653293215,69.89532439722464,97.34680605456685,33.38294173954933,39.04154652183803,6.932706474457185,0.9134502772185694,2.11
Rice,North,Black,1288.2351973941372,26.662510088750892,65.2029513262302,61.517536869708664,51.37964551202481,57.270161373849824,8.366815356176552,0.1,4.62
Wheat,East,Sandy,384.83215281497473,30.978504562117806,63.80203167879209,51.76542820011557,58.731936428143435,43.70646351464063,5.857861524557451,1.793775450797403,3.98
Wheat,East,Sandy,694.2351725471399,29.7007985443507,71.58243506459773,54.29768901642639,40.54867137873312,50.68403143561465,6.427521832587272,0.8727552628574794,4.18
Rice,East,Sandy,1030.7686610717553,31.716514335094278,48.07535283506226,63.95193591131554,11.98916676401441,35.970987120953495,7.936361290578077,7.457203442876321,4.77
Wheat,North,Sandy,1466.7834604659342,21.285827285597932,78.48522229747736,51.09677524815062,48.19285462516122,12.909757661394515,6.7786827863569465,0.9778569768064965,3.94
Soybean,Central,Red,1188.9282195620956,26.67910479815501,71.62120261486962,87.282108201777,37.31377336521728,60.19792345256728,7.034437311595813,0.7551214099372906,2.65
Soybean,East,Black,1098.9098813767048,32.64901499995799,56.432379120673424,52.89129922443894,24.173862343777113,41.88080325132574,5.952409867194423,1.6712410422439614,2.74
Rice,South,Laterite,931.56638843653,35.38613538018492,45.972917758183996,96.14637475860766,41.129321248742464,46.19695403028996,5.329744120818185,2.6178348458366814,4.66
Cotton,East,Black,1128.038239187052,24.320308765933405,61.23991480872772,67.28450353601912,34.781562229871525,52.2527624416966,6.885347146231788,6.793410421189123,2.65
Cotton,West,Black,821.0678195403424,27.795826924055312,68.75252605450493,57.07590196532833,23.55319965573325,43.865444440494386,6.103950346002124,0.14431319884449023,2.1
Rice,East,Alluvial,766.0512161404021,27.096679092923143,67.33960241681814,62.91838305294752,36.68127276685979,12.15410089880405,5.975692094014926,1.0877606530505988,4.49
Cotton,North,Sandy,792.1189004224055,20.77909392144902,67.24718811300528,54.609724195271,61.16535756132387,34.72316600944231,5.863043136738561,2.1793700788068304,3.02
Cotton,East,Sandy,1402.1444533518834,25.562200967879935,75.10702354811369,80.53961329160423,42.12662366202489,32.77800816456282,7.161461013054019,0.1,2.78
Soybean,West,Sandy,747.9243787614163,19.106536606367637,47.73970918910211,66.36960344009107,40.38611169180815,33.27514093071328,6.882978674043527,1.3428999809601836,3.22
Cotton,South,Alluvial,880.366873650664,26.163391953394246,64.01880131566274,107.78444426245557,46.700877409431556,36.90009662550676,8.031560466791989,3.2852832058773718,2.47
Maize,Central,Red,1141.3033695476674,21.809905616076858,69.46760338442822,22.367427391463643,43.53171698919916,40.83263482639165,7.425542529257582,0.1044224826635626,3.65
Sugarcane,East,Red,735.9445442442336,27.849573907410818,71.91052025584398,109.20292208714166,35.78920142390747,68.94711689622423,6.622965515411706,0.8326887848386736,93.79
Wheat,West,Laterite,1067.8491736972583,25.450513898483855,78.48253480075905,63.183968064965285,42.92574278003011,47.85119319265821,6.583517974180365,1.0247146587422993,4.5
Maize,West,Red,1067.7412580220448,25.370924601091883,61.94752470752914,120.01028523093291,41.261813504075974,50.80658506685813,7.3479365986629155,2.519568586724872,3.33
Cotton,South,Red,812.6637673720334,34.76710743201446,65.79957230032842,83.01219974083125,7.78666632033984,32.98574352765654,6.619869736195255,0.7011556240355067,2.03
Soybean,North,Sandy,922.3659338988335,27.35404584426826,53.876844506771604,109.99247013742959,47.938132443701846,62.31213633388761,7.494845499444611,0.5654361926417834,2.5
Rice,East,Black,716.9271130215011,36.39111192710438,70.82366870660428,78.09690156140385,40.674569898377904,42.01229355175526,6.644325634591112,0.24547430873124518,5.07
Cotton,West,Red,1414.8298010627934,29.23185766607839,51.94324001707899,76.56079479002484,48.12124885646618,39.77387368284084,7.035590462502371,10.983575773508461,2.69
Soybean,South,Red,1077.2781581871564,31.077764299630413,73.60585847260573,56.278311284297274,39.713810749985306,13.173338641978159,7.705078559151611,1.2760539541440603,2.52
Sugarcane,Central,Alluvial,685.4070763583206,22.65238815797789,82.71712687167025,77.71324891696685,34.73842018267357,50.62091772163911,5.254103245918952,0.1,75.86
Cotton,West,Laterite,1037.895424910101,23.53160678534435,72.02427363739955,55.004204236237875,25.694807937183,53.972787887439914,7.627466874435765,0.15924031006893896,2.63
Rice,South,Alluvial,1051.4782486194733,27.086319396295536,84.24946889986828,84.68260910135658,42.41763250498521,53.539306231887,7.679362802869373,0.2738265079850691,5.38
Soybean,North,Sandy,327.0280468782312,33.065376183599916,58.1977723269035,84.03343804247235,42.3568666692268,18.949038961257784,6.318633120418109,0.47586584008609256,3.45
Soybean,North,Black,1402.1332133028834,25.185229894230336,47.01936039915496,76.93392950871667,60.246483365457834,54.09285589718758,6.597798297953392,2.6974211436669493,2.73
Soybean,West,Laterite,703.1175663155623,19.842738543854775,62.573330084808404,110.92441320996174,32.75529463227571,35.33182830686134,6.2587961994951264,1.6360072900532907,2.94
Sugarcane,West,Alluvial,1627.0644061411504,28.9899517927355,55.789368154216454,92.44006587053079,56.14765103256196,21.147528339023083,6.058647329003007,2.9981148010510235,88.72
Cotton,East,Red,1238.5872282911996,27.31989155140045,57.598504040142814,56.99661440428468,51.919939312242505,72.36442255115405,7.524478045647555,0.1,2.68
Sugarcane,South,Red,661.9510780098262,24.244949613314105,31.672689414502365,94.20912469467456,28.460373122933913,62.692525301620805,5.384398223870143,0.6160851700990796,100.57
Wheat,West,Laterite,905.7248137600373,25.134681065181034,67.63435928973624,103.80081600668406,19.25115524455206,49.776229453040926,6.627649861980493,1.0401553383902906,4.17
Wheat,East,Red,1276.7854481660645,22.64463164552379,65.32261042677649,20.133878358071314,55.22012676331737,47.8616870579519,5.479140575508745,1.1207802396896325,3.94
Cotton,East,Alluvial,928.6741785833663,31.619533756313864,77.64607931520429,52.92525477113483,46.88857286902292,63.48993935866895,6.095228992248446,0.11009565133559403,2.3
Sugarcane,West,Alluvial,1353.4712003255781,27.11662048495663,73.29646383180585,68.27312620171676,52.30936137552645,32.687806028888204,5.618661838322916,1.4329148193081618,68.19
Rice,North,Red,887.1793576665644,28.20238694945789,62.36985087553545,59.65234060355733,42.23113986515638,77.2400624967083,6.588680948841074,0.675492011026739,4.26
Soybean,South,Red,976.400430141238,24.01786753896276,78.69278167366038,95.95316803434442,24.662411839970577,40.632930151064976,6.9395309942294885,0.4250826262740411,2.84
Soybean,South,Sandy,1285.0450090632505,33.68113624812303,78.29965039449385,57.84071007074948,42.70219611880204,54.934375634230115,7.459691039859909,2.224377300331776,3.1
Cotton,North,Black,1181.0172979539961,28.103983434723503,57.69515567438567,55.138410251485446,49.770674525552835,48.08750011730608,6.5035762391624115,0.17514931999650066,1.7
Wheat,West,Laterite,722.431768756284,16.29432142015047,67.94158603097985,85.96833353507118,6.607578800846376,24.90889158217488,8.082401053490399,4.034926716469838,3.92
Wheat,South,Alluvial,1130.2154909233293,29.299907974035506,87.65743896233833,74.22513234608893,47.19607825103057,40.300698023592794,6.16128185351169,4.601680111455656,4.52
Soybean,West,Laterite,1050.2344331992927,25.678396541653452,69.8979980221299,108.0630785638279,52.42804751877743,62.26155832825127,7.131261268302548,0.7876753544807038,3.03
Cotton,West,Sandy,726.4799717090018,26.18027455951429,52.66741663160665,89.27334365337397,53.97665718882189,28.404459776077445,7.619406860257788,8.670230565580187,3.13
Sugarcane,East,Alluvial,582.8569019678232,31.968454760464777,48.16278474913507,165.0684413031977,46.85689576122832,60.39350386656573,6.240484496326495,1.0258778691767596,99.9
Wheat,North,Sandy,420.58490051719366,27.44285808907246,42.930222315597305,52.732380939315576,33.68668349587142,49.95966833050154,6.9796424989196675,6.557002608399618,3.96
Sugarcane,West,Sandy,911.672774550836,35.56171162488838,34.283750093153095,41.77555797410806,39.023589608347955,20.351646557339087,4.513275774392722,8.6669970461093,74.34
Wheat,Central,Red,983.7980191757409,27.527965690755202,57.73880136846123,114.39377126779169,17.83848919327033,39.99720829509457,7.420980489317115,3.507889697350326,3.03
Wheat,North,Laterite,1151.3734168562971,24.666914945203942,62.38155040587317,156.66746250097844,55.758648312829514,39.254938801268814,5.854728937950068,0.26667592258184025,4.13
Maize,South,Laterite,1246.1435858749292,17.933560261878114,50.355091288559265,74.41781816127043,51.87525843435914,24.699914641396727,7.7558386814446925,1.7561568142877089,3.18
Wheat,East,Red,875.8423470671936,23.41065026024072,54.73648548856188,72.04532114180557,34.986627105190514,44.511157114329485,6.480877748337005,2.632940605574802,4.5
Rice,South,Laterite,975.0785958877399,25.388774395154197,50.68902121572303,83.18210831984253,48.949122401226745,19.651313529303852,7.285003015240155,0.16125888000859845,4.4
Cotton,South,Red,772.383303704191,34.33144086169618,41.30115335007664,58.68478745711437,49.314348251899744,53.16415079543907,6.033131010335968,4.481886710050951,2.45
Cotton,North,Alluvial,1026.171526241847,24.697228346435452,62.45188676223148,31.373756758315167,23.539444235844787,26.676871126166525,9.0,3.8184475103243596,1.63
Sugarcane,South,Sandy,1290.5526044914832,35.21005996820377,75.03036592173822,86.0718232175499,70.53118428229602,35.31012715163029,6.660097567593865,5.4318548450560815,107.59
Wheat,West,Sandy,1030.3428524337446,21.258449743154554,57.350386931378125,80.23900634378256,27.409409746013843,39.95795754974504,8.387586172747671,1.4443121622146204,4.3
Rice,South,Laterite,1348.9976200025594,23.137659866902634,82.04152045169592,45.4109689244553,8.197492649738194,62.74415856170489,6.511588887367204,0.7840258726780635,4.56
Sugarcane,East,Black,1285.5344980970872,32.63488493674899,67.29699126928332,64.56856910612636,46.034355695301414,21.018548822328064,6.241175525090446,1.411836101225533,78.8
Maize,East,Sandy,1437.309350593975,24.024389894963978,78.39514228667485,44.84285722965052,45.05437700016667,32.45663095718736,7.052733873845726,2.613896290078074,4.06
Sugarcane,Central,Red,1038.769729608123,32.49614322846881,65.47543050623646,89.28793582650069,34.07627247830759,42.311600365565475,7.487007968746276,1.0764113913464999,80.6
Sugarcane,East,Black,840.2709475427582,22.868492414552883,75.06773472625719,79.3275358201727,43.15027115613935,39.029179408479365,7.245873555164443,0.8669971146275711,80.46
Wheat,South,Black,1186.370056826787,23.369549209204134,43.836109918171545,84.05085240626296,28.230862381823997,41.64578184910764,6.958060123140306,0.16037283160609755,3.97
Maize,East,Sandy,888.1291009445471,30.209244669784837,77.63690081171424,92.9961519967368,14.39344966756748,36.929038374404776,6.5483392490603,1.185650045831149,4.63
Sugarcane,North,Sandy,1176.9554917973928,22.938493256587336,65.09754117664045,107.40562429774631,54.62969147353541,44.19547201437415,7.197647745758326,0.9980898441324468,84.37
Rice,East,Sandy,801.1590079349078,25.6279782720744,81.46888572852893,84.44987317945092,44.57930222098709,10.594456377473644,6.84349805165547,2.177079219026642,5.2
Rice,West,Red,751.4782444107386,28.973893128447415,61.21628970037465,95.37942248915365,34.42801225176871,61.24340973178754,6.396735399442566,1.1551598147213014,4.34
Cotton,North,Black,1364.9337950492452,25.736971354213228,91.12544978028339,125.47634600093733,66.17848233851655,38.93840359125547,6.3835493386416315,0.1,1.83
Maize,Central,Laterite,696.2276707557037,24.18710798675108,73.0056508741518,104.16380676816125,35.575317125927356,80.40832832159083,7.6641490311512985,1.3246688635813546,4.15
Maize,West,Red,1306.6743336328095,20.96386047010335,51.42103190798235,85.45566057037856,48.8879162632873,34.93761840817729,5.4568014182521365,2.9719180089091446,3.26
Cotton,South,Alluvial,1175.8092910478335,34.24664303975842,81.92187696093843,83.91849441571291,25.30691840044755,55.52259445125934,7.212194005366537,5.811953618182728,2.3
Sugarcane,South,Sandy,1028.2892702676304,35.18056120907637,49.13226097479412,59.269863518747734,6.902024185157806,28.810930621663303,7.126159240769484,0.42875366820403255,90.97
Maize,South,Black,432.20654426961096,28.646678314360457,48.29340419821287,63.83901591951144,49.217272043789265,40.63918837161763,8.296398487666751,1.0982180065706846,3.0
Rice,West,Red,1445.6977365542316,25.839414255268032,84.33150300437015,77.53358713707672,48.766454275131025,24.94706784557168,4.5,3.7606671117214305,4.23
Rice,West,Alluvial,719.5480994282766,26.114141204860996,70.03178375747916,71.16010733355502,68.71895526660637,35.21482649076059,5.272585450951863,0.1,5.15
Wheat,West,Red,1285.9460865637525,31.160964540681,66.08588095256954,127.13694192631834,23.131386742668763,29.02034225447317,5.794689616943317,0.8612437862122978,3.86
Maize,North,Red,792.7177595368319,32.158910128219695,57.44078958107967,89.32148118279596,14.838575423202471,47.44701922687433,5.9968941746558375,1.7884755604901326,3.74
Sugarcane,North,Laterite,768.651036184455,24.29923572573826,77.47549680490812,87.26418946687092,30.789760713587263,64.79176535158828,7.262033208320609,0.8386698662955949,87.27
Cotton,South,Laterite,1200.5848335738792,32.37304086866618,60.92381136403549,109.32943559537247,48.30898600626137,46.76223500829914,5.439984881643461,1.3442838447301864,2.45
Cotton,East,Red,1161.5395110333195,30.075444920746822,68.02455941047454,84.57650710651261,7.156174067386772,83.04793801246761,6.272243658648368,5.597297143382304,2.44
Sugarcane,South,Alluvial,656.4707358418923,32.286118708843084,48.091370024182766,73.1037809650839,41.19574293725424,50.601332544248564,5.951715106053251,0.1,90.86
Soybean,Central,Black,1431.027736161338,18.99111527462815,64.13493939223169,86.45829104660268,33.066056023538145,26.002416290309654,6.270439644203841,0.16223498563434272,2.06
Wheat,North,Black,938.186300387178,24.90398264925512,67.6287846112235,90.1621877812137,34.01152515249796,76.38984915436211,7.619901899289732,0.43870898750622433,4.05
Cotton,West,Sandy,1020.6786001118078,26.135492915509616,73.01470434816106,115.00448061006486,26.842002846711686,53.66541470472329,6.960471399230094,0.9719379051686212,2.3
Maize,North,Sandy,910.8767128101161,24.655231517940923,70.06671358340101,46.063543379470424,56.65329867787196,19.115544234304743,6.011074895210304,1.272739427234628,4.05
Wheat,West,Black,669.1708266917351,36.58661497068703,59.99684209269816,61.51800133180839,16.08348690630464,39.68299459074648,5.395348304546076,0.1,4.24
Maize,Central,Red,1220.5673384305214,24.950661814415668,69.27085455629376,78.17710351647165,54.224655826023124,52.05411761616186,6.930550256872589,4.283751964716409,3.95
Rice,Central,Red,1086.8652085084616,29.34196210117464,79.71068528181347,103.43067081836054,47.25740814542383,48.45625183302106,5.977954755582834,2.8425159549481185,4.9
Wheat,North,Laterite,758.4745466662572,27.76419957862127,42.73853885883325,99.68112341015423,32.82701729542887,52.007729380655675,6.286009388423412,0.6239776913904523,4.51
Cotton,West,Laterite,1283.2399989829778,25.548864011873796,62.51786069326342,82.70842152087616,63.116435952010235,55.26524311027775,6.3040639933113924,0.5934947010164102,2.64
Wheat,Central,Sandy,1016.4510823762018,23.45679886197002,68.13083461265693,105.48251116100917,11.681197763450772,30.98656899903511,7.389165656600296,0.1,3.98
Wheat,South,Black,1022.9131049830208,37.27924266100615,51.16605148449026,63.1531426029173,54.98387473888257,47.58889422350202,6.2217677222462555,1.0187602136458462,4.13
Wheat,South,Red,1532.955607327342,25.890638358589122,78.94575285922105,127.0839397785586,23.489018088508598,43.20847476366295,6.172022672312826,0.587347485705802,4.04
Soybean,West,Black,517.6000625449104,31.37792291210826,73.99251178974723,59.10753482768931,33.13052266261186,36.2051335797248,5.770304252575216,1.9268693662612109,3.03
Wheat,North,Alluvial,513.6388271287146,26.951758335246055,79.97182011041708,37.15252784892045,44.67328344981049,52.53494782463693,5.89356958580563,1.5876288406591057,4.83
Maize,Central,Black,581.1984802478681,24.70639169208425,97.39541273531971,95.12940138417363,55.69559588153959,42.96045257697995,7.233448090736928,6.299315263262745,3.74
Rice,North,Alluvial,1109.0899699484596,27.54145788727549,69.95207598528532,44.16782323547551,25.662991890354604,56.76375129497596,6.505985215698145,3.1718722942193684,5.06
Sugarcane,South,Laterite,892.2869250999167,28.540568583214956,60.75245438185691,67.27761399723458,48.55723250989596,44.65203185640593,6.3439788147406295,0.16864389279490213,62.8
Wheat,Central,Laterite,916.1360642818242,24.652071409483092,79.07863049613817,76.42077249195022,33.41760351581625,35.159730103714196,5.44066176073278,2.436731745753508,2.95
Cotton,North,Sandy,717.2750765150042,23.176896909175035,56.18055055143754,90.37222197435742,27.186068937499417,42.40512449868033,5.672720591592398,0.2265952354999866,2.47
Wheat,East,Black,1499.5753821465094,29.38087004502207,71.9618182043905,105.323353922493,15.331592776434839,50.22598249724023,6.928883583903612,0.7804273199065715,3.85
Cotton,West,Black,1600.305391021866,27.5818363248488,80.55242386466186,46.257784819565956,34.30426559059722,40.585022171129864,6.32671158210336,1.6194420469659583,2.06
Maize,West,Alluvial,1269.6713688344612,23.739710931730915,77.48286967655798,51.86192732146466,20.798762106718975,33.36372842757394,6.3260224163726155,1.3692376702575493,3.9
Cotton,East,Laterite,547.8142981466715,22.307823276212968,86.11017884072601,165.3381494824985,21.664628212451852,42.3935752137635,6.785350388718945,2.363997051761835,2.48
Sugarcane,South,Alluvial,853.9309427532326,28.74639417357939,60.901777168244834,74.72117311991586,32.69533428892849,61.406273520090494,7.015935185691372,3.3217608602887867,94.56
Rice,Central,Laterite,1248.2383403859149,17.409596675876703,75.63583683184137,38.91616939949292,36.4338214138433,50.029487494973196,7.055203484334788,3.5366966206874726,4.52
Cotton,West,Alluvial,986.2511956715857,25.697000856863696,66.39211029863407,54.78601328473377,31.772504959106648,45.475943813804996,6.274323455451108,0.12020875776933349,2.71
Cotton,East,Laterite,1270.6661336702746,27.67544161775337,68.7985934660664,66.8141565726033,41.04049188247866,37.16790342297796,6.405409146958756,2.0525217930764876,2.41
Rice,East,Alluvial,1374.3446117734989,35.688361914536635,68.79932761262164,80.12466259183876,65.27643242174445,43.26098477132183,6.921732760624833,6.507863659522135,4.69
Sugarcane,South,Laterite,1572.1587180076606,27.052405799216224,73.08365669305141,109.81425924509414,29.93911885652873,25.73034081181909,4.711216626414181,2.813165197183162,81.29
Wheat,South,Alluvial,803.540452403192,25.494043212606897,64.4986461665625,120.84714199005438,26.597027214192078,37.32578115880728,6.631687159774627,1.4675343114232735,3.98
Cotton,North,Black,1024.38548410949,28.422804256627707,43.693382597722646,59.38814401898014,25.960438282952904,47.96147247241665,7.069602059634783,13.058180535779497,2.56
Rice,West,Sandy,867.7710064606704,23.417296221546362,67.31322774609525,65.80059585107372,0.0,41.66499694813655,5.945788268893739,0.1,3.88
Maize,North,Alluvial,399.7653280109804,25.90531881700861,70.4264146814443,83.7126704074624,30.478799687138313,34.44361995736827,5.479441537180009,0.1845658640934728,4.17
Rice,East,Sandy,1210.47631931716,27.1465101405889,64.37199955225495,61.84911877542541,66.7208114690189,21.65626436571406,7.642871415055959,2.9232610372682832,4.0
Maize,Central,Black,1169.032540375423,30.147561789334613,71.53225429677927,109.82073350344925,41.049354636222546,38.153088377472095,5.867681411456484,1.5958949326979113,3.75
Sugarcane,Central,Black,835.9521540683963,23.63499904857733,63.147793053479646,141.66790053873848,33.93510417881362,28.93597343326703,6.466484015107908,0.2657476615296221,88.62
Wheat,South,Laterite,520.5833524213315,26.971380845484944,60.932861556174956,80.53333894801523,47.8844350169477,39.59570381760434,6.748818493533169,0.9410076847111117,4.39
Rice,Central,Sandy,884.7630222971499,18.044922393205653,85.86630361680218,88.21069695434494,33.55270442814243,44.21859060277435,5.772220745400433,0.1328964341655101,5.49
Soybean,Central,Red,1219.337996503334,29.583402595863237,98.85559813013654,65.35094017797661,58.57692800514587,61.66914843660811,5.239844949974945,1.4948700348867998,3.13
Cotton,Central,Laterite,1401.199864034327,25.84779994396572,78.194164238077,88.39364256919801,38.124970434228686,53.95195734135343,6.7249751885567575,0.21978465101572156,3.12
Sugarcane,East,Sandy,786.2264011398017,36.42158421988255,56.38149757782117,53.49558572001411,60.98111895938805,43.5836043461034,5.386712460948594,0.1,73.34
Rice,Central,Alluvial,1332.3089057972684,28.756676755329032,68.37503604727387,56.27218363198857,43.93918521637253,71.3842736648602,7.0396283073387735,0.778467485533415,4.57
Cotton,Central,Alluvial,1186.741274856624,22.665042129801844,67.25074408823129,34.576393572893224,47.941951319252546,46.08877914582727,6.3804002171423235,0.5328006874638096,1.9
Rice,Central,Black,1123.9702242354006,21.531570688944054,75.06081064065349,100.39805738168545,37.71500817017373,29.272233470305636,8.217977186821475,0.8991405248395533,3.91
Maize,North,Red,611.9343562770366,30.30849965618631,67.82235492004874,114.72021485945612,54.53797041924113,36.768003060055015,6.614307289173004,0.8629713473111,4.47
Rice,East,Alluvial,624.971357028038,35.9821566689521,74.22570299214196,105.76602330537582,65.44910156078835,78.68424928260231,5.928399777356959,1.988574200268384,4.74
Soybean,South,Sandy,750.7642110698765,34.4508187857987,91.82579879356871,82.34767944777217,48.051894447997256,29.237012166882536,7.131796972146386,2.2789610424168454,2.66
Rice,North,Sandy,902.0837446120083,20.936543762343614,37.349923907532215,72.16682380931046,37.28075946246043,35.4920916727364,7.3602696287248,0.2724620992599931,3.98
Rice,West,Alluvial,1540.2238207708358,28.016467514947507,57.40595323119612,77.68158666110918,54.6222578877836,55.00028864156359,5.4240889310216716,1.3414472245462576,5.19
Soybean,East,Sandy,801.3294698798392,32.635101295105244,79.39123070682263,54.5173387922723,32.935468838058846,26.76832154568995,6.845594387838551,4.3991792533878495,2.61
Sugarcane,East,Sandy,1231.3754242753635,20.29420143896262,64.33682729425666,103.5228501890639,61.25437392930664,55.44252044432082,6.775726256956284,0.3213014418244535,77.44
Rice,West,Black,860.5710285653988,32.1868361988206,73.8915732095457,106.21026746085809,32.387759187709406,57.46875455336111,7.274217331881361,6.814905072989201,4.84
Soybean,West,Red,1141.8121938608037,23.486060270585387,62.15298411733222,53.438365850031644,38.910684226915365,44.3315406751353,5.679816168126451,0.1,3.15
Cotton,West,Black,981.1056502636484,25.92263532118656,88.40252894248385,56.64216754993529,53.04528932672687,64.94111913497173,7.076743087609147,0.210090798793462,2.45
Maize,South,Red,1053.1069386981349,28.383162021832206,82.41912735706804,46.85456841706024,9.342409893275686,37.5239182697301,6.830213687416421,0.3910021526801731,3.34
Maize,Central,Sandy,1110.884438770005,32.34157768342931,69.48040462312018,73.63633561928161,44.7227180720881,54.10314245633472,6.306750042469726,1.268976432777695,3.91
Rice,East,Red,925.1628083889655,34.65953414757878,90.11322456812701,79.45726610735221,42.38877374965105,4.570448083837412,8.638137955007915,0.7109300423713834,3.39
Sugarcane,Central,Sandy,1112.3392122091477,25.38533362717677,69.64496919569586,81.66127403696986,33.02385276637053,50.09347177375649,5.549857637049243,1.083154093573478,98.94
Sugarcane,Central,Sandy,1370.1747485760022,24.60180127100368,65.99354424415436,46.69638917558214,35.13621023608652,60.26970057283758,6.306031661530708,5.654064564324805,91.98
Cotton,West,Black,773.7653753928073,24.268858156412424,87.05247877324823,61.69688717564913,27.3237959729867,52.09992136827945,5.783865859105549,0.8352208381726706,2.73
Rice,South,Black,1355.7597468797685,30.897921230815182,44.01185640508287,61.74123403990284,25.573346983668024,34.39618614729748,6.770695287662885,3.7692765564166377,3.97
Maize,North,Laterite,920.4390983079072,31.97777898317605,67.5177218016963,98.2731695094052,33.77844440567402,17.61618642769161,7.8651275959208995,0.151187639544703,2.79
Sugarcane,South,Alluvial,888.7023098186128,31.472069179673337,70.2974003127256,55.09995319405068,25.062030236448763,57.377807449978604,7.645983721437582,3.342045157557299,64.59
Rice,Central,Laterite,1209.8678084083222,28.348946599469414,61.66071978499622,81.35890486866316,47.65306864507677,27.57837552303569,4.5,4.636598445410676,3.9
Sugarcane,South,Laterite,897.6522450675315,28.842235144481215,53.817269680423706,62.28636441618286,29.211149403742134,29.568234392364808,7.763375315858809,0.6709433905457003,68.01
Soybean,West,Red,1095.750775169475,25.848155913601072,63.92146486546982,75.21019360081222,51.97717839025446,36.07642826197572,6.100109153043755,1.584163129929308,3.34
Sugarcane,North,Sandy,1067.7243722833975,26.31447628954782,42.34524499250365,103.63928809956377,25.803190739635404,50.07879026464917,5.940622752134983,0.41444443373485057,86.04
Maize,West,Sandy,374.95384441536896,31.2698677023901,88.30119161172713,49.0288699651058,20.675713978817317,58.2358844191706,6.61950194185811,0.1905042885054962,3.36
Wheat,North,Sandy,1125.2755246310296,28.321459726575657,89.05120872574057,14.823747278715118,36.71314788494523,70.58377676329998,6.2714604484929,2.9428454917317493,3.61
Cotton,Central,Alluvial,567.6694896002584,24.634169677365453,66.09966025682243,46.531505808255666,22.63722421747367,42.50555849625016,6.2300688257781,1.9875853707942823,2.22
Cotton,North,Red,590.535527570275,32.49663305730422,60.33541420967563,90.43294145917756,37.944987949998904,44.984650079062284,5.9125810140051644,2.7906160426961684,2.6
Maize,North,Red,1109.939123668743,23.960822177390806,42.84410806650574,50.06236487350015,28.166978636746812,47.370759869480935,6.756760311123925,1.1585156424205143,4.64
Sugarcane,North,Sandy,1160.976930194884,27.72848891033611,55.19326851501894,62.18319675091863,21.083055498811465,33.44070985329789,7.474255236630841,0.5743142703118287,96.34
Rice,South,Laterite,1361.514837051672,20.79989385192346,87.24343227901238,91.34848337323409,21.275656600154864,51.177327800449106,6.6166806540928915,1.113215494103404,4.79
Sugarcane,South,Alluvial,673.1897237307234,22.270995342004763,65.12176399753298,100.09758701073882,57.606247944113484,31.877923642204227,6.420605616068176,0.1339688668965775,86.21
Maize,Central,Laterite,777.6162987172797,27.09552687646002,57.293380466464924,105.81705255107676,50.51535384011517,57.433664475093565,6.9950704755469335,0.6668293685765718,4.74
Cotton,North,Black,1139.3097381533069,23.518783897795014,65.69767767313283,93.85056245170435,20.344880847054235,26.10496256550374,7.514143412993041,0.7062845476975617,2.08
Sugarcane,East,Red,1367.2832378067196,25.85424670485179,56.9091259850333,51.85607137252663,28.106970855585306,54.03294977437054,6.602260986305536,2.5071991923668726,87.17
Cotton,Central,Red,1057.6524376189536,33.06634990493452,41.3518786378078,120.15741607403876,62.29340606139962,54.277789871815244,6.371989140954983,0.1091977277966365,2.19
Rice,North,Laterite,736.6003152286087,26.376218208054482,60.40341282018289,56.42749480186836,39.56217589678907,17.58757230635434,7.0064499897320145,0.5627952201230407,5.32
Cotton,North,Alluvial,1451.9251070743453,31.499246170785796,49.32387080819216,64.0951500318607,34.85159463790946,45.940619369252616,5.950588427469774,0.6476145764149404,2.82
Cotton,South,Red,921.2900409306752,23.096437432386146,71.42012664761636,79.8626152786153,41.611087292583605,64.36499674673038,4.857651021694625,1.603071538094573,1.96
Wheat,Central,Laterite,930.6398124208283,29.74452166989714,78.9241093469466,86.96822818488872,43.953997908774696,44.41947916158906,6.989218782716547,0.5612658752651604,3.29
Wheat,North,Alluvial,569.2457832374789,21.999046360475177,54.31885828526021,115.96500292001384,39.83836197926024,42.06791056446662,6.165122857709691,0.28411602908627825,3.83
Soybean,North,Laterite,1217.2263024839626,25.75109507408691,67.91996233654649,64.18021449867437,27.96057723331927,33.602163691418724,6.076945928991255,0.5967602230026611,3.2
Wheat,Central,Alluvial,1255.7816768141768,29.947470046838344,64.76584342452601,89.51038856277232,10.172665634909812,48.74185676654576,4.978272533923782,1.0959579326867632,3.45
Cotton,East,Sandy,788.2506959829566,27.06378614527692,53.94516822727343,64.32001047795718,39.699183625061124,35.867212768851715,5.9020013866494105,1.4908892349132996,2.12
Maize,Central,Alluvial,1525.3621177166995,31.711503613512043,30.83577039934101,120.18761586351933,12.259034547234855,48.29248601209342,6.2174818573016335,0.1,4.18
Cotton,Central,Black,823.8614838332963,30.337571176985907,49.630498920297384,90.6803791845917,32.66647131206096,52.458405733737905,7.652292811788407,0.7415791815148955,2.5
Maize,East,Sandy,1187.5763436388186,25.45797425330627,53.358497885089015,112.23170770425018,30.170840799584962,45.33916875812052,7.902673973756816,2.8892732185193104,3.86
Maize,Central,Laterite,1067.0947615876628,33.48474186405484,67.14947459419237,51.18158472870833,29.12509999148282,57.92599219702264,6.354948944975106,1.8207028549459978,3.74
Wheat,North,Sandy,392.33314151184265,29.181525353983957,68.64785364016237,65.9720610062147,46.365847698723286,47.2270484607422,6.938555568395636,1.2177568441699316,4.03
Sugarcane,Central,Sandy,1163.17104506345,25.78155388529111,83.6230782473273,86.21646264555635,36.80035929227364,35.69781072505258,5.581993475520608,1.2065090698611929,100.48
Rice,East,Laterite,1136.2373938510766,27.728830901468697,49.49930134935666,112.62741132359858,47.10013452343138,14.023223031252876,6.599865211923406,0.9205799439459826,5.65
Wheat,West,Laterite,470.08520081656593,27.454591254281606,52.70236372320781,104.80677529032465,13.047756939137972,34.22123457867079,6.17141775202335,0.8372343608555755,3.66
Wheat,Central,Black,1457.5999821098628,28.00796163206602,55.32788341634287,117.51068470965774,51.34928628676093,38.73065777752385,5.237216121286037,1.0237723504797995,4.09
Sugarcane,South,Laterite,1137.4565289584334,26.29120337527798,62.142730523587,113.53334574694426,53.79938039260257,49.633511595168144,7.405310066960718,4.068281174204508,86.34
Rice,North,Red,1371.8203400263903,28.8626385815266,68.29344855750622,99.46820709097292,39.24923059693909,13.143353240598579,6.659175738961151,1.2653512664632094,5.06
Cotton,North,Red,485.16783616866235,30.949098517561186,71.45259109967961,83.83428468164679,69.03751541896172,14.376580150326767,7.054582042787263,2.2129143484164957,1.99
Soybean,South,Black,876.8703111153004,29.12781960754325,36.76504137576064,52.126332136787276,50.12772805012383,12.65484009229608,6.1873613390716615,3.2989440175945677,2.37
Soybean,South,Alluvial,1354.18075180045,28.95764233097044,82.9249743385626,26.384960938175404,39.48814457669323,39.90986831006827,4.65130441010012,1.1311501468307479,2.48
Cotton,Central,Alluvial,529.5125932107385,26.496604703114677,72.04324328641697,83.10844592124167,61.47943927854455,21.345586379090385,5.358867283754799,3.6547535991288087,1.62
Wheat,South,Red,885.6669535438017,22.56958855885416,78.24069591741258,100.06621855656758,41.26203362346585,47.84640503806134,7.230702099838493,9.835121117978394,1.87
Rice,West,Laterite,1121.950471768178,21.35327782600632,29.16660390580539,11.893605870423627,26.148134959822144,35.317501077872514,6.304002702269226,1.4030088673892216,4.62
Wheat,East,Black,431.6259010723695,23.462118316793898,77.47846622905169,50.646889236071,52.16694412123424,17.692052249923236,6.987687667595404,1.0308272899423403,4.0
Maize,South,Alluvial,603.5830730007692,24.90998016996132,50.07402683339298,54.58684276700127,62.70102326278685,56.640283002683475,6.160218145272283,3.277694445427438,3.21
Wheat,South,Alluvial,1414.625270499274,35.35895694857309,58.239144153105805,75.30974019234122,16.986637035069517,40.867037764798994,6.574595739090452,2.0949065229032224,3.75
Wheat,West,Sandy,1017.9383818870475,33.25830772736667,86.51008744148467,82.58048279196909,33.05090156355613,57.259745151010854,6.500450912386061,1.8996710462576711,5.05
Cotton,North,Red,1353.0100280978131,24.03341882711528,74.86392880440235,107.03598240665008,32.36023790967562,41.74438022197374,5.7618098981864,4.3453070700934715,2.42
Cotton,North,Laterite,1054.6286787684544,29.24851141447882,54.8496753238423,47.10240573859097,20.868669259730655,64.3693612439565,6.708358258051598,2.096527948191592,2.86
Cotton,Central,Black,1736.7689310984538,26.661888959647293,76.94286592270342,88.6056691714924,35.76773049819225,50.73970456724924,7.734609175727741,2.052085185214,2.11
Soybean,West,Alluvial,1131.6196849586033,28.179953823075383,70.41207689108118,45.322926465381705,28.26325334016886,20.65331555502739,6.106171781490149,0.46361879164399783,2.9
Maize,East,Sandy,1380.9336821304696,24.256896799653358,58.8896090629358,100.89441383772318,46.31445913734248,33.29270649886948,5.170761199138889,2.330966494668603,4.04
Cotton,East,Red,926.1740690529077,38.208799152317724,72.13682136934433,67.95907671417362,47.409498256237896,31.42849407793816,7.075911906480547,4.883645229090804,2.11
Rice,West,Red,1063.2188825255016,36.32249861693711,59.32740058162386,49.69636694150141,42.08294932173776,7.351979075677534,5.403162665575142,1.717657837619293,4.04
Soybean,East,Black,1192.5612332287074,25.53691242310113,70.80380122644193,63.193543149593665,43.16540578649363,54.637683113023414,5.712445459097044,4.673791404160233,2.92
Sugarcane,North,Alluvial,1242.341937563592,24.018354921387846,70.61261426873386,52.11645031645573,62.57085326253002,47.848168784966525,6.280970405024489,0.8297303331769912,77.79
Rice,East,Black,988.3027190841924,31.62736316710798,72.5515043895613,82.30389566351668,70.2257449491739,63.02658695783285,7.004959300251554,0.1,5.08
Rice,East,Black,1000.8233169075843,20.95165407292794,93.86504280829088,95.60163467806895,49.13050786892265,16.946845298947814,6.887914164635277,1.1780372463569893,5.62
Cotton,West,Sandy,1150.57592741215,31.229739623846868,79.17887173880781,105.78059915166841,32.40766656863707,24.21193148278199,6.243474512713922,0.1,2.91
Sugarcane,West,Red,1150.378936645062,27.627329892292693,79.99969999236328,67.02888028058135,44.19324201774122,26.594092006648427,5.44551412672717,0.33640431677303057,111.34
Sugarcane,East,Laterite,692.4824807232882,19.82951337001765,57.096446372516574,114.69878286311194,40.463036495228344,63.69020230271378,8.646087716967216,0.4229043206941035,80.39
Soybean,South,Red,1067.4883455048212,26.241147435273763,42.239211970362966,79.39087165741827,50.238545594143964,62.63553904979663,6.646814277148842,1.5264326179429377,2.92
Sugarcane,West,Red,1096.232178009523,23.72123001669317,62.184633012237704,111.62805474310645,26.725557256193703,21.721529325799793,7.156026177588881,5.988654429304667,98.35
Maize,Central,Sandy,707.1045528090535,27.80890122343828,57.7042928761145,76.06844514891327,51.18174356196996,46.93080442495624,6.8871763670096104,0.1,4.59
Cotton,Central,Laterite,1271.7780498726083,27.287531460595066,73.99416345298802,74.22597152202405,41.23089852942412,50.82384189467537,7.703368284534658,0.5401809259897896,2.81
Sugarcane,North,Alluvial,1123.8233869665871,20.26342529225819,62.03513840846059,94.46080277510043,38.7302186628936,39.304857292230864,5.65084078547639,6.97704029843017,97.35
Soybean,East,Laterite,1699.1947940407429,25.329282519312265,84.89336220318275,87.69884274220988,39.32555111274559,71.13892086185456,6.7919666296687256,4.268264285940207,2.66
Maize,South,Alluvial,992.1959462786847,29.8736015792486,38.91240866933243,66.14790132563525,60.21677096233614,4.174138864208587,6.243856417797471,3.6018017614322395,3.31
Wheat,North,Laterite,1340.8333252098146,30.73454085976088,60.80988724167043,108.88159089766842,81.03181410506437,11.89217728980067,5.632421407823869,0.19258167041460292,4.48
Wheat,East,Black,1161.7376714592658,25.184709760202487,70.59188415167468,56.082681916755035,41.77280213466394,42.85177386809743,7.5421292545464995,2.066201315513616,4.25
Maize,West,Laterite,1576.431857965986,29.288853214413017,50.36672804582942,94.46099015887468,29.02739598656574,23.007514635196173,5.745110212697144,0.4541407523287806,3.56
Soybean,Central,Sandy,709.0057727693184,28.331901004723054,78.57589871691974,93.36196681683553,39.825349651874056,54.6978787829212,6.886300481290374,2.105507129035355,3.25
Maize,South,Alluvial,851.4057985599627,26.73678138121989,78.08555029053724,106.614827174625,44.63383178505599,17.058851940694694,7.848952653708423,1.1155938016568598,3.84
Cotton,Central,Red,719.2877645592246,29.319396030226947,58.531385550813525,107.10499721873805,42.42345398370543,50.57313875115408,7.831761214466679,2.019388131676538,2.73
Cotton,West,Sandy,976.6247184280421,22.37397785602158,100.0,75.45143830293227,42.545481079838964,40.82521339134281,5.761915904861718,1.1202448524325814,2.22
Wheat,East,Alluvial,662.5827075377495,27.004852004126597,48.23288261707398,80.81977343772361,37.346156190118116,68.44072758754875,7.2794462352742,4.765513027569462,3.22
Sugarcane,West,Alluvial,542.1748278234361,18.980303817546336,44.80423629675866,79.14471295120941,60.22163144013891,28.74290864969884,6.972419488685085,0.1,68.24
Soybean,West,Red,359.9729490343684,26.729373470748666,57.886489509879304,123.63937083523908,35.95300328651891,65.20454058184698,5.556142404656153,0.4253126138238915,2.72
Wheat,Central,Black,340.7591173009846,34.12513202342597,67.85437787020442,96.2744453092022,52.07217220397522,52.68499106582762,5.015344291143712,3.579487086773152,3.49
Sugarcane,South,Sandy,1196.9175071686443,25.40237224554035,40.80132265763351,106.09441313468086,17.345617858410296,26.38036814002607,6.505040352192952,2.6692941997653916,90.93
Sugarcane,West,Red,863.3685250981789,33.62520064125104,74.28880880347819,73.72376497440969,31.504372064072594,26.926043925819144,7.467273559815331,0.4123085533487945,71.97
Cotton,Central,Red,629.874381731421,25.48205965589543,100.0,51.832853805600735,44.3952721637143,57.36784648304483,8.827928458100917,0.25893412189951753,1.88
Rice,South,Black,802.2761104863193,21.576394497918855,44.10483471975151,56.61327546277657,39.53097610350806,42.969325865539886,6.015374554529755,0.7457862083753457,3.51
Rice,East,Sandy,841.6291158882565,30.326972490078745,67.94625267125107,105.31245417931083,58.25306984778507,38.63567557898862,6.6456790652433755,1.315052459745268,5.1
Maize,East,Red,710.6199369528347,29.319670209937936,79.3692883460029,61.70977034147727,44.037680490890445,67.12653171432399,5.668301192628714,0.1,3.71
Cotton,North,Black,1481.6651482711816,38.59503967118249,76.48522871282037,159.87887644222718,59.868901313926926,52.67515260892862,7.769598728030624,3.7362737161740074,2.61
Sugarcane,Central,Sandy,1425.0486708442818,22.103521417334555,97.37608730417004,69.85875946803343,47.30318216978439,28.03065881732499,6.7572239405146695,1.4719116054593147,80.08
Soybean,South,Laterite,1476.546954583582,28.78207022012656,57.95936318740101,88.78033204047134,27.75124009980929,32.33317631065702,6.851877928327386,5.038579599707466,3.73
Rice,West,Alluvial,1053.7589163064335,28.960216256163463,94.7897706464619,88.73528976348913,37.113180730565496,47.000664092607906,6.603741608922293,0.7881762224670645,4.07
Sugarcane,East,Black,1084.139346081751,32.29092350929399,64.09605079124209,84.4869513635232,38.05114949117921,44.03405352336106,5.831621947884382,0.10012510725208495,89.36
Rice,South,Alluvial,804.2157827845099,29.648994666148994,57.34670489192345,49.50300094721008,59.16176052294584,51.381775384642104,7.228788127747201,4.101479178878196,3.09
Rice,Central,Laterite,745.8786681313832,25.559612278857067,93.18702847147104,86.19383497916112,36.28868853127527,52.951682691606116,7.322718269990684,0.32413844491911853,5.07
Rice,North,Red,1006.5176745262614,21.644638965642702,59.48425205928183,85.9749950707073,37.95254863603644,63.756504697851405,7.525292841107813,0.8178682631128493,4.26
Soybean,East,Red,1195.7068075440056,28.733114462377984,81.06732758167503,72.51610815458143,34.01225014237829,34.23810760236843,7.347444531542695,1.2485121015776734,2.34
Cotton,South,Sandy,1358.7304455578192,28.872103257585117,57.609926246463544,126.28665960635546,41.83377180565896,76.1595642683277,5.737716928913599,1.3543367376157691,2.81
Soybean,South,Black,836.2032570798968,30.15708011148253,45.889225575669926,38.45238482353884,49.783798549151314,54.26905843368996,6.343623976320769,0.1,2.37
Wheat,South,Black,624.1798453688862,25.552830767394475,45.93123396095317,42.21818805833584,50.51886479405482,44.37538816192997,6.84574061243707,1.4962293415866859,3.43
Sugarcane,Central,Sandy,1220.195495969882,28.390757801804153,75.58416279607516,98.84272984067864,35.300941903198535,37.929838525095306,5.997084387938805,0.1603216407220921,103.91
Cotton,Central,Alluvial,454.5569345412367,19.279243540435786,49.04110393009236,77.82164633581215,9.977526839546623,46.01777583809748,5.585690585978232,0.7915472572715703,2.27
Cotton,Central,Red,988.2368293034182,21.853768763481213,61.84869188638258,58.002481833901,44.13702374113313,13.401132570032793,6.275341132039911,7.415877669567337,2.22
Cotton,West,Red,1026.791387744013,31.677647569557017,55.256636295911555,84.8754046798478,41.52478577942989,38.57871571733637,6.622389486818484,0.6580383551835779,2.54
Cotton,South,Black,886.3636596298246,27.899177640360943,51.817996952167775,103.98443083310572,42.29077554976838,59.953165435699304,9.0,3.351924541979095,2.28
Soybean,East,Black,536.4264674471312,29.379100489844575,53.64702083746516,39.22832114582571,40.09294012162536,34.03778169828535,7.536685275307528,1.4280009086227972,2.94
Cotton,Central,Sandy,890.3166972936348,24.008241294520865,68.1090051431585,98.07180294418256,44.57993225326556,11.516779150596086,5.927315319742961,0.4523325821879843,2.39
Maize,Central,Laterite,1492.7627353004855,23.37273616655454,20.33117644786536,88.27066988587168,9.764258913742307,20.28276974403947,5.916120168211966,2.5598107233301852,3.09
Sugarcane,South,Alluvial,1177.5164804099247,24.882243689009464,77.66117378721351,74.26286098828646,42.18910104449233,35.433343072932416,5.6450528777266475,1.619988657024338,68.66
Cotton,Central,Laterite,1348.5143806088558,28.18842214018551,45.575923631753454,86.14009715797738,25.09102172966007,45.048218244088886,7.103824053322139,1.5229952559121198,2.85
Sugarcane,West,Laterite,634.8394518453229,30.42958727821361,47.48873846257654,86.56187536854051,57.77046075127653,27.480401797293318,6.194634487824525,0.1,68.77
Maize,West,Black,1076.7123796831956,25.75444972558948,43.33991964874975,93.74647178856316,41.849995701327025,19.60112384468177,6.392220424707165,0.8124666117776496,4.4
Maize,Central,Black,1026.502105509869,18.702087849260852,69.03755691713371,55.37281883396284,29.13694382967674,29.105707309646412,6.117076901417003,2.6538369859717776,3.13
Sugarcane,South,Black,1032.3116353909372,29.005188029254864,86.95851121433601,107.18682951795208,22.268671718670262,68.99619286702492,8.335602442305282,3.180119563530452,80.72
Rice,South,Laterite,1166.753779823644,28.335260775606436,62.96538002277262,104.80805416676353,27.157053304282016,79.54907794188907,7.542199011354581,3.3727119570590567,5.94
Wheat,South,Alluvial,1044.196750286974,29.395864891115444,71.55327986953131,105.54417472474395,30.363399675483112,47.93317489159385,5.7036061200131405,0.1,3.77
Rice,North,Black,643.1622779501729,31.28249061124881,73.08266844226512,36.87053283964963,40.60093028794902,44.075741273268605,5.586606887998064,0.35517252690357193,4.14
Rice,Central,Red,1183.976214695619,30.88779245299646,76.11795513908379,108.6092635173819,22.09778258445106,56.907452728214295,7.466622922790037,8.477818880636171,5.7
Soybean,South,Alluvial,1252.2652839191546,33.80407113903088,49.94640177014165,70.77991945935408,43.629333420255875,19.54400784249661,5.737599740693908,0.337893868353945,3.09
Rice,West,Red,1395.8436911879317,27.142088650239387,88.90185079339918,93.26896886561252,55.04349462349332,31.713131960856405,7.55179756638343,0.47909295877061,5.26
Cotton,East,Alluvial,1409.0958531752794,24.840361404200852,59.99056812119192,30.456932032607718,56.551572546759644,8.58822914676735,7.082188542664701,3.245292967791175,1.98
Soybean,East,Black,1142.9299200572173,32.204204203860805,69.21589761291708,62.92049295742646,34.23777553263282,47.01124473937401,5.763754052077537,0.9998955509393852,2.52
Soybean,South,Sandy,657.148867570829,31.54178027671111,62.750376556277594,101.00957118239184,39.58033418786231,39.342227477895435,7.023127230459341,0.24731227673807785,3.2
Maize,East,Black,541.1848497356211,25.83574153179407,58.317835926863765,93.14987462272805,30.07390925629069,28.181417476767173,6.826126991766917,0.2672785985172255,3.75
Rice,East,Laterite,931.8719180679881,32.52942911938694,79.09352431541993,53.00105182067175,21.903235659973628,69.17253605135107,5.235066481177521,0.17499138725464797,4.44
Maize,North,Laterite,1275.8412923581036,27.372642366555468,74.5266615995173,97.00466662232105,31.92470927201348,58.629668626841166,6.50446308431182,0.39853256384831154,3.27
Sugarcane,West,Alluvial,1256.510520459271,33.381615084946304,32.207414537652205,59.59638202871777,12.922025348043029,39.52637707956365,6.215730367933452,1.3742607777826183,74.37
Wheat,West,Laterite,1082.1997786789539,35.64607571638108,71.2873618534388,73.34804773700634,10.368151548664127,28.04892295418204,6.794374042595139,0.1,2.86
Soybean,North,Black,989.0322283626346,40.20535874847428,96.46436924564728,50.74683031586213,44.53750539385875,44.66408344626156,6.3674182715669545,0.24915732785644953,2.86
Sugarcane,North,Red,1571.120567259904,27.311186961951545,67.78603367967797,88.5837446310607,43.794875137321256,41.57720265885235,6.800766535293645,4.752964071469675,94.48
Sugarcane,East,Black,1172.2095627643405,34.07715427527074,57.3376192846048,107.18378527291203,58.295691282241464,32.32030022485164,6.00571113943282,4.184346431693874,103.38
Cotton,Central,Alluvial,973.8180769321515,31.26923144913529,59.248159672683634,102.1242886036739,61.52752212040431,25.339026327090423,6.405313775995357,3.580485762719777,1.99
Wheat,East,Laterite,806.3676929000914,31.73480807409499,56.571123631210156,57.30759799220597,42.731149375523636,43.637026601688824,5.443841565463353,2.4502677436327165,4.23
Sugarcane,North,Red,697.4184046872299,29.122159343904492,47.76464235390029,78.8454899738481,25.85404590585886,43.38241827576166,6.178376237085907,2.166590335369292,85.33
Sugarcane,West,Sandy,667.8807956229566,31.755522799171604,62.22982028860146,40.685760684801046,25.80287284902172,23.824221786080933,6.16274212539286,0.644590682019921,91.68
Wheat,East,Red,697.4519731547884,20.12957868201922,62.16170010464282,114.10856233625668,24.397393914672925,10.55555496524578,5.349630732770988,0.8159200331790917,2.83
Wheat,Central,Red,1084.2856339776288,26.85579042323653,74.0024447693771,80.47723991264908,43.7775826670195,34.878141691783945,6.548911655562529,0.5378571922027873,5.24
Sugarcane,East,Black,994.5791018407373,23.73259216887099,57.16266420240735,96.24977176358891,28.733399127635533,18.524077424496078,7.795974984512638,7.855657730543715,83.73
Wheat,South,Sandy,902.2255713128624,23.314417071999912,95.16388489164689,84.97872349705328,18.924883774826878,28.056509399858157,5.932000259547029,2.0119100784984623,4.1
Sugarcane,East,Alluvial,1220.9433805305869,19.822489527312264,50.949416490484005,64.34705384712905,46.31426082642568,31.728331935093095,7.4322818838477716,6.74915195220205,74.12
Sugarcane,North,Alluvial,1542.7524802517478,24.366428034783393,67.2089142153196,66.15340679536213,52.90287397697999,46.80275335874933,6.727650905591528,0.63432186810305,74.86
Cotton,West,Red,752.9959191135999,26.129247464372213,53.7864083530439,91.39360556215948,28.800397695369952,31.571262481214397,4.930650368381536,1.9415419440590225,2.54
Rice,West,Red,797.7141870344242,27.92154654736626,56.9199938757685,120.92287036856918,39.48242582986217,44.10285941292651,8.473603206880416,2.845508051506288,4.54
Sugarcane,North,Laterite,334.8842824859619,26.937857607901574,60.80810239360879,71.42785776132118,61.92437113349689,26.455618875459184,5.768725853849499,0.19906415070746586,104.42
Maize,South,Sandy,992.1007493590893,32.26169354441249,68.05719843984322,109.35372368052688,53.999531929223814,44.93798320292372,6.518105122742127,2.1989910793539957,3.85
Soybean,North,Red,961.7138294719739,22.519987725033758,77.0435330252453,103.06715542446427,26.161221041246584,35.13979677877234,6.806991068575502,0.3704256270865409,3.43
Rice,East,Laterite,1267.837073564318,17.281716361418887,58.01530488413938,72.01591694100694,63.311271351663,44.3736574943951,6.472809482344124,0.7952392658070659,4.62
Rice,North,Sandy,973.9561828118049,29.657252993623015,42.54761903628637,107.50443474709353,50.7752908661248,59.49197052906236,7.154539846734961,2.51863986387083,2.88
Rice,North,Alluvial,823.5672106613496,26.76635808443525,85.54455458443205,105.48155753511722,64.37693628072151,37.175000494192524,7.481104752318197,1.159868201419372,4.63
Cotton,South,Laterite,1057.8057226915262,26.66254563191309,50.34286616815718,26.36679434098435,37.29610613464734,37.70628296055957,5.7775714329370365,5.0807166085005715,2.59
Sugarcane,East,Sandy,1167.1205077424959,23.43607560635664,61.30264236220735,97.54029824167235,27.18377148358637,46.67722605455481,6.321864071625509,0.5520398867266622,93.8
Cotton,Central,Laterite,514.6812822625493,31.545685181072088,65.8271639538077,112.01305912632807,39.40863930047852,47.85721340523709,5.961366272747308,0.3339546694298309,2.25
Sugarcane,Central,Red,1302.0672972196144,24.904676275932385,63.467018650644604,50.81443162532674,18.83688429516032,4.275877276252579,5.9563933099905935,0.8224794097982,84.3
Cotton,West,Black,1391.8908360145356,22.58213328055222,43.82109540478857,47.15817908937587,52.42005821044581,22.812381279323336,6.589307851037355,3.82004876059372,2.79
Cotton,North,Alluvial,1164.236542293978,35.3713052601346,77.9307835250065,85.19898847486724,31.706799233305336,43.569069717566755,7.296236781228347,3.7601921723692655,2.76
Soybean,West,Red,719.6334819154238,30.457870177710028,22.726152317560675,119.46584055500375,45.855103676926426,64.62786952491984,5.206259193395751,0.9218676252179723,2.4
Maize,South,Red,902.1920384554289,26.799208438022557,79.69685286859252,52.80097252881551,72.44815579633813,17.774694344335064,6.378871457192898,3.3198032917764153,3.82
Cotton,Central,Sandy,1354.8623487166694,14.793789719470904,82.34553366993782,40.55312706134341,32.683977754278814,31.42147971615084,5.822998240432275,0.16196084200479513,2.23
Soybean,North,Laterite,706.5337439036804,25.822876877246802,78.5480063069777,68.6638119806123,39.995129558835416,43.658332734165306,7.003517919887006,0.1,2.47
Wheat,South,Alluvial,1188.5931123295572,26.8919165655217,60.43641842853796,65.1797857642308,32.99297469574665,25.433719635893446,6.928307936225503,4.00207051175358,3.54
Maize,South,Red,984.7683972180523,34.31841000986055,66.9411255314859,38.221527522980004,37.81738724959971,48.12455083834583,7.284812057364635,4.1440849440889025,3.03
Cotton,North,Sandy,1048.0579748520918,18.250112336090176,54.96090640792228,65.39564620987065,36.482948089472245,50.76028494148026,5.496656738548436,0.30956582040785985,2.04
Rice,South,Alluvial,749.2685568025569,34.80128401092285,66.03005038887885,88.72017355638364,54.99577987132628,46.59014032385064,6.776514587380351,0.7068300537772213,3.64
Wheat,North,Laterite,1099.1992855306428,29.184665620555062,74.43735018812865,126.40648899416917,53.33417893204279,43.016811908367785,6.437213746412528,3.8022057160269447,4.35
Wheat,North,Red,1077.7227211343006,20.962085708908283,48.57440666393728,94.04009207984194,36.59057523011441,24.75062685961262,5.170409000405501,0.174969049321613,4.42
Soybean,East,Red,547.1924228300155,31.60907917975735,62.98568403334718,100.15402746508815,41.80119329500456,35.566065483664296,5.2860949620419895,3.9769037101318,2.59
Wheat,West,Red,998.6668316348891,25.780634414863375,57.84201872088554,52.792168980962735,34.981162115675076,59.04647307036566,6.133932784490497,1.7098390006967052,5.11
Maize,South,Alluvial,1184.1691471239928,18.690612431196573,82.59300980490735,77.63848659681973,61.229590924037815,45.452031493988514,6.5012093886453455,2.1416666381144505,4.65
Cotton,South,Alluvial,884.4150249110819,24.77790225302274,50.88419807167731,74.49410213504868,1.7039885036851885,4.903278131198853,7.468445834968555,1.806842527709628,2.15
Cotton,East,Alluvial,265.68083466867597,28.27453514758532,74.3923560814788,88.14899699206079,28.22624612024517,52.29522576565253,6.258198729250864,1.747096350556455,2.27
Rice,East,Alluvial,965.5549825306189,27.30968598621381,64.208547726294,94.91914180505539,46.38550205768624,46.121897963287495,6.79274999828665,0.40928424555016896,5.94
Soybean,East,Sandy,1439.940379943596,30.217390726056045,63.13607843818565,103.82165609040388,52.66745852624868,34.851639587210826,6.569898884375596,0.5385269910780395,2.75
Rice,Central,Black,896.6591531617414,32.48715304420519,74.8411909445983,80.79773054097186,59.035422501089776,36.875512899482445,5.757576189084053,1.735256671276542,4.88
Wheat,Central,Sandy,1428.5953248571627,21.507161673093034,59.24018617852532,66.92568384005696,40.001471512393934,30.798895933916356,6.117515483411722,1.0263414566237394,4.47
Rice,Central,Red,756.2927331066893,26.89547814768677,66.54905583188953,110.60178470742859,31.149852034738416,41.10012531120057,6.520239574465025,1.5586704014452863,4.57
Maize,North,Sandy,651.7088062819053,23.95021187253417,81.66655848984992,98.12836152400823,39.591668269752624,40.06946657877837,5.508530793921371,0.5843603619081239,3.72
Cotton,South,Laterite,998.4692086532232,20.755349577692705,53.34543902055054,95.45354853908125,54.5270504639375,36.29756579761147,6.96063198904195,1.2465806018506036,2.04
Wheat,West,Alluvial,753.2264896793794,26.740804021188957,69.06463849711295,79.01398077545801,30.781213132811537,43.94732058045461,7.656660753618339,0.30957932366606455,3.28
Rice,North,Laterite,1098.957321358167,29.158330919289956,78.22022502864499,110.40636790959448,39.08250574926622,38.11328761847036,7.781541940468204,0.1,6.0
Soybean,South,Laterite,888.2287437203887,29.45338552272367,72.00407078844685,48.573436191808995,35.50406270399426,55.041404958659136,7.052117737663959,6.03662560259901,3.06
Maize,South,Red,1442.175113576743,25.023941083732225,84.21775334742762,102.32488029756064,58.70462972526337,52.51623477760796,6.77088910747534,2.5678737487849763,4.45
Maize,East,Alluvial,867.4997586348112,21.960654993002652,63.20236875088258,102.1994762247293,22.572709522188173,19.772411985439337,5.013669139923575,1.3785647410718829,3.86
Rice,East,Laterite,1026.921088045576,23.776851830485512,75.07146144839234,57.48090133069846,2.1359908585899916,45.58831268546151,5.688191693783615,1.6015172677296394,4.61
Cotton,North,Red,1178.9007185331006,17.615839872485537,81.54071735418952,62.986499658403744,38.14996269981415,35.829868300447785,5.398621967122571,1.4314964032892623,2.12
Rice,East,Alluvial,1286.8948118374144,21.05348334098716,39.626206157063564,47.877224242645504,49.30377142289552,25.45417771423893,6.118733893743014,4.581500253880626,5.73
Wheat,South,Black,1443.8928087826466,21.48688518378666,58.89830993584963,92.75960456554168,32.34002116294889,44.96282907548377,7.113304771338948,2.971244583994749,3.26
Rice,East,Red,929.5410197077007,31.22652490277565,70.6860184475667,15.460320889670498,12.461360828799027,46.078625008038934,6.710975631576594,0.7865080587213448,3.54
Maize,Central,Sandy,880.2075702585748,31.22201814978426,78.80896361264122,85.58029532136705,49.74143589127662,81.4083742940997,6.798711006078337,0.49227890616308134,3.6
Rice,East,Alluvial,425.8249902410997,37.64740814070554,68.65311237819645,60.904544938496485,33.33123592546302,6.69831364199004,6.877853222748736,0.13769138517393564,4.34
Cotton,South,Laterite,1612.5134474244442,28.201634164298934,85.94965081338717,55.3923311882139,43.38006215759065,32.959930039862094,5.902278636636183,0.3198425489579614,2.36
Soybean,North,Laterite,1108.2892291699957,24.580569873085913,56.98742987978347,33.047112726696454,35.58207744786387,77.65425870487161,6.319263330062997,1.3469288632195517,2.65
Sugarcane,West,Sandy,1225.542419731663,27.059859238818817,46.47683783505201,57.844203356347435,6.841153456296269,28.707648096211116,6.669897085235456,0.45272318464490885,80.56
Rice,East,Sandy,1166.7186624737863,26.153866197646753,76.92030570811163,115.74522924626466,44.869228952305136,45.46098902589792,7.390944638393762,0.7490783204527488,4.73
Cotton,South,Laterite,1014.8604648627999,23.84140352835164,63.30502051412402,62.02005844461697,48.53583131275123,43.052390544440286,6.3952098668940485,0.2861919474598108,2.57
Cotton,West,Alluvial,1105.1057741510085,28.599611906215717,52.4332026383251,90.49519802377594,37.07699413156502,41.2887198246162,6.3129973964097355,5.123078265096673,2.37
Soybean,West,Red,832.1012652447245,27.966776118252877,90.62626671621976,52.72796574773293,23.08796567479324,31.532633105416817,5.393099859128885,0.1,3.47
Maize,Central,Sandy,909.370404778152,26.587093321968073,76.20324602999358,105.6481516206048,67.58635667076791,32.722933813705616,5.848942075937523,0.8671450525589213,3.85
Cotton,West,Sandy,714.9382598911352,25.528554528521322,74.76722466957978,95.12616214444327,45.856661824253464,44.76954357456787,6.682297626496848,0.597229020315586,2.42
Cotton,South,Sandy,1467.1731891170675,30.159507338233936,88.89914758511532,74.30631308921046,19.502931082158245,37.15987889398293,6.364399305335103,0.1,2.61
Cotton,South,Black,1168.444302968906,24.231291884411085,59.19369449983432,85.79364946600867,74.50086474524281,44.58296724408476,5.326393830850295,5.278859631807504,2.75
Cotton,East,Alluvial,1592.851774076296,24.984206362927154,86.2017310342471,87.93998197684996,30.824525581189864,47.17605222934286,5.310957106849468,0.7526112094743872,2.78
Wheat,East,Alluvial,1688.9149737836256,29.37541365484039,71.27766270183287,54.97449087276486,59.98096015108345,54.764869459186386,5.64282131315799,1.3954154676998565,4.45
Wheat,East,Alluvial,578.7531281148254,32.05739857030753,56.15529737154182,59.66413047697567,49.82634757865219,55.95815645209804,6.274667889606501,1.7474517017845728,3.79
Maize,West,Alluvial,1295.5685118619112,31.600688993989852,64.89511624244204,102.94786108225406,45.32600216481885,42.57352332241107,7.279410298186899,1.8856788873340293,4.52
Rice,West,Alluvial,592.6108968908695,25.70206840580471,67.79876711718987,118.66679361383106,60.855667149520926,23.231261589421425,6.708021165684529,1.2333381716492802,4.67
Cotton,Central,Laterite,1053.2252465393349,20.678262340191605,81.69074334534736,83.67113816372569,12.653862386824006,59.10494333090846,5.731690173900208,1.8019639907612797,2.03
Soybean,East,Sandy,1094.4188409578587,25.55254684752028,44.749830519101934,97.31551873369634,48.59325627131816,45.237667425952594,5.931493646448702,2.7867266080888182,3.15
Rice,North,Laterite,613.850155267733,27.367527037343297,38.77296998803238,110.11279469451613,34.93404219872777,52.715073189430726,6.887054477447442,6.0768214966641585,5.17
Soybean,Central,Black,778.7444993376663,21.428883203809516,53.186576054985764,71.88254073069922,76.10270096559914,47.248984944209774,6.771162805712155,2.1402669951624316,3.14
Rice,North,Red,1108.1054427329032,25.45951970988156,63.983965494304,78.0868020360469,11.05783492199847,37.03795389652817,5.950505326485764,1.2406468645810693,5.07
Maize,West,Sandy,1052.890209712189,33.035495228310886,75.7164916167919,97.85857087199042,44.68273974629374,35.35482867317313,4.655405140314111,1.176149634045572,3.27
Cotton,Central,Black,694.4885310596445,27.737396228113887,58.13249524766351,134.58682810493968,45.74267735891515,64.38679188751959,6.74499462408432,2.474765257076867,2.9
Cotton,Central,Laterite,790.590671218089,24.297050934009,71.257169893957,98.72936075190162,31.007724284902324,41.885483872510335,6.22693688817348,1.9725425389356794,3.01
Sugarcane,South,Red,552.5679134548272,27.144194547309446,89.0470689774017,87.59002183893016,36.11478052740562,39.82697658951644,7.886042639108243,1.090787865008106,74.77
Soybean,West,Black,639.1229362530592,27.41873391448356,39.510963785740614,65.32450537172238,33.05847617064224,28.461247952584912,6.226358033287277,0.8186053617999736,3.25
Rice,West,Red,888.5738765459575,25.13324559175548,62.9594103107588,78.55040553768282,25.422450958818864,36.410027191131306,6.480291145513468,9.966617194678875,5.06
Rice,Central,Black,1296.2359338093045,30.861899175833038,100.0,97.18801403228811,26.031477202974983,55.125389610120365,6.329859004624323,2.911691814223325,5.36
Wheat,West,Laterite,1334.26992235669,17.857990330923535,54.33921094268282,94.51762694803932,37.59241290626554,41.51553040976587,6.84996353283634,0.46329849013988844,3.57
Sugarcane,Central,Red,1550.0310086140184,29.35880539885291,52.74670409825422,65.01123370324078,50.128576430805964,60.26393592650206,6.817046627008446,0.6911073782713643,89.39
Wheat,South,Black,1127.2792555468136,24.134263306891707,72.81592634476404,112.74996970583308,30.16641657342802,45.843659959350205,5.605443125303989,4.482766824827225,4.28
Wheat,Central,Laterite,1056.484920315008,32.228522540266525,57.05357130123794,112.77827942094092,4.924119228372454,42.32512443671598,5.435525164478961,2.162502861069343,4.03
Wheat,West,Sandy,1148.5439022989915,20.626788903746867,81.13677301030027,77.22615287882977,38.586314735494206,34.030989888904315,7.382230595810173,0.7443106909881367,4.14
Soybean,West,Laterite,1145.6668051689744,31.692880462727665,100.0,87.00566020479603,44.25603626281489,41.61044942703399,6.12457406050001,0.9057748721051609,3.29
Soybean,Central,Laterite,515.0459198413903,23.05366033382281,66.12099770809995,63.9807733924907,36.344877592440156,27.975044210406242,6.9374912301625855,0.9525510398485083,3.39
Maize,Central,Sandy,1566.662016266232,28.60992955809558,100.0,59.78286171458694,40.63976390055693,50.180615567228685,6.22481962923568,0.41231525638477395,4.26
Maize,Central,Laterite,420.71830541141924,24.675000648422454,58.20595498698744,88.67762213963822,53.827278724669604,39.94899314841269,5.005758442506416,1.4314757939551215,4.16
Wheat,East,Sandy,1344.628718913564,32.6360486604647,62.48553852647684,60.48743145208243,38.97629830226276,37.110827389054165,7.6170556262913305,2.9012019784331287,4.57
Sugarcane,West,Sandy,1016.9160934995102,26.04459902179943,50.602242848164366,96.21201975228185,52.247853918188895,36.818207548340446,7.131834969912203,1.6605010833192577,95.43
Rice,West,Sandy,673.1508423535638,23.38470017643781,58.248151912448684,70.07351407212998,44.654414734360785,51.01388847136583,6.935720371873706,2.133889769673051,4.07
Soybean,East,Black,1159.4123290215728,33.99549872403787,61.41945910247316,106.25410752059773,25.898128762186122,31.293141195969607,5.7388071444392175,1.8096454236704493,3.05
Sugarcane,Central,Red,964.5584185294882,25.599258841881483,71.20980240438698,77.85972018510371,56.74193047586747,56.012672588384696,7.070630951727322,0.12140203694777836,98.33
Cotton,South,Black,795.238601157753,29.60891019327149,46.308941539413844,31.915004307399286,19.782800269670528,34.21445932429778,6.719498122423788,0.41665781591024714,2.52
Soybean,Central,Sandy,585.5567008656933,31.69522184634727,57.23687479809803,70.69623211770796,8.635199225099047,50.10056830110875,5.929023335923591,0.8626382330007266,3.0
Soybean,Central,Red,560.3478612928211,22.602535952850264,57.617134765708556,82.67180765526616,41.49813386346515,33.610721471885526,6.283905618914344,4.400688931272705,2.84
Maize,East,Red,816.7266101652399,29.10973142491891,78.40317336458325,36.656294269309,48.98746511301739,31.915914457595047,6.442708746121681,0.8575462871884958,4.29
Rice,West,Sandy,883.903564687336,29.78592407933896,66.7496690345846,38.9769485595467,47.95594528920341,62.79241304273117,6.0295927689027184,0.7923675415994521,4.85
Rice,Central,Red,636.8372401483595,19.262610868979053,66.75236209087686,75.31034701097167,21.886030980306902,50.57140591916428,6.751168742360412,0.16803894195173205,4.4
Cotton,West,Red,1011.5440442940885,28.615296483401245,66.24884721467629,105.11472380831272,42.18963861505076,41.888009724657515,7.190395811064683,7.156772267647228,1.88
Cotton,North,Black,679.5591393806437,25.230451378774823,38.830771872792596,95.78475809279828,15.08249278856475,18.394369536497237,6.131397379530841,3.0151139158402027,2.55
Soybean,West,Red,1108.0662160527704,35.100917464656945,89.10921779660436,79.63892097801192,45.2380562274408,46.571705536194706,6.4141469914878,2.904246426303758,2.49
Wheat,South,Sandy,1369.413796381497,31.33059757759666,51.12592381083991,58.683905954905356,41.332263886557335,55.53066556494167,6.410870378005997,0.9680607378023914,3.41
Maize,South,Alluvial,1086.8122948588225,29.195383679567662,78.35113804280222,57.46697557674314,48.15087821008399,43.04694698024674,7.1644645027801435,0.16322168995567793,4.04
Maize,Central,Alluvial,971.8495627058696,16.793358842299067,61.62241830331317,96.22794720948622,51.83430357669711,40.52898079521733,6.647000076533117,0.6117471267612734,4.15
Soybean,West,Alluvial,839.5308886536715,29.224930017003253,55.82823099135531,84.95465547060707,47.991332745012784,43.066622891263634,7.324396799744466,3.8332804699871246,2.49
Sugarcane,Central,Sandy,1433.8295855725657,23.195129976260837,80.65555272970563,101.36015560209508,20.030778164910192,46.72311883138528,5.975253123182626,0.3976286203943385,83.33
Wheat,East,Alluvial,941.94528474228,31.367642360348583,47.09479511031338,110.10000880884648,32.35753437580446,31.480707955733124,6.491343405681284,4.493347154463718,4.15
Soybean,South,Black,1747.0671330339178,26.20041321212783,48.36390391214528,68.64913570050314,22.913674419918316,39.889983804672546,6.960864914868395,1.5346836099290664,3.18
Wheat,Central,Sandy,645.089246526362,24.40457029989899,67.3621427235269,91.00297569889193,1.8900877806122836,42.073592053123406,7.062729830514997,2.5072824118630366,3.59
Wheat,East,Sandy,1086.972184798627,24.816910447019758,67.80871072428167,94.30364275702796,51.15731022013024,54.42940640921884,6.198574131857248,1.2089594662911796,4.88
Wheat,Central,Sandy,1423.817082990627,25.148900694008532,77.29251226154798,62.5647191852715,49.55072728957934,8.044828261347863,6.473207560829764,5.38561507275962,3.46
Soybean,West,Red,792.959100424718,20.263861713430337,75.7483822007167,63.87487714735997,26.111557597603955,54.83903108608656,5.843431186213299,0.5479747666071757,2.31
Maize,West,Red,929.1626950073534,20.91990985514377,63.95967201343766,98.06884179948963,28.227574469053643,17.127158064259024,4.95506811733931,1.6992905680603456,4.22
Maize,West,Red,1187.8439523479303,25.322581576101335,66.56699764745466,80.04334878560263,39.50548014950372,30.29576429839746,6.24984710622412,0.14324124127337387,4.72
Wheat,West,Laterite,1116.3670739193358,34.77568339025407,62.82098603777562,58.17794439740675,31.750240470143403,40.03867198378132,6.253100428536747,1.3094968494269745,4.61
Sugarcane,North,Black,1167.909719266293,30.572316000054634,86.26763291198301,59.521745039992325,56.51098320189389,50.92675818245665,6.164002409670479,7.202788855658405,98.62
Rice,East,Sandy,1348.0775423824794,31.020023969109193,50.2692153448946,47.90421394427909,34.21963171326502,56.65436050049563,5.635441807369939,0.184519029776492,4.58
Soybean,East,Sandy,895.9737657542527,32.98614051394884,65.47468702780353,71.04363029762442,27.34750799036201,30.058143898172414,6.95087809465249,1.4133689134924121,3.09
Rice,West,Red,1431.1077694404219,28.405577904983577,76.54286930598003,54.277315452349974,46.46889751221142,49.14206967013169,7.052032108061866,1.8441463937275113,5.0
Sugarcane,North,Sandy,483.99551518019507,24.71661951044826,81.64955048426528,82.55560247345518,26.360487627099744,27.31763859982287,6.448611497698574,5.369034289642846,108.1
Soybean,West,Sandy,1323.2312636757015,24.94508112003666,54.9840089782942,137.0302586747862,50.60020288970253,23.07281208651997,5.850607187953618,0.7059755052952791,2.84
Wheat,North,Alluvial,1344.161706272893,22.87130586105043,50.442109236339434,91.50879359499409,39.12056154818941,63.56362614952113,6.037603152620888,1.3980916312904548,3.84
Maize,West,Sandy,767.6588871837877,31.055040517738437,46.37834722305363,106.67772601069373,53.66261181366225,62.87684722712975,6.476636990953736,8.715972230917979,3.48
Rice,South,Laterite,564.8091472069254,22.318777954531345,59.85567431112692,90.01594632992962,54.969123074643804,35.42321923999607,7.180646528386626,2.9308396575366653,5.63
Cotton,South,Red,930.349778632077,37.451718243680176,68.81270786267413,38.76728681828902,20.437623502545758,18.922412462816474,5.438615477487138,3.325831158264511,2.11
Cotton,Central,Black,1121.140939248779,22.485458170744664,57.917293158742055,83.16379929704229,40.9825566001983,23.28145964148829,6.055962940571916,3.032908833544529,2.2
Sugarcane,West,Black,899.4702964928736,33.11452279353715,75.48802750323264,62.93350365619042,39.305093482210204,56.68685440993822,6.618432673832934,1.4481450493246681,61.89
Wheat,East,Alluvial,1150.5826563871576,33.14150331872038,64.01664348926074,59.388352412167436,38.2775779238899,46.28901708786059,7.104624076317857,1.1395739148575734,3.47
Rice,Central,Black,1581.3231289809307,30.12176924919145,74.1425421835845,74.3371471054859,57.393934080583676,24.019714668610952,5.443993441023734,0.5882406472449522,4.68
Wheat,South,Black,590.5864181898075,35.102860431158426,67.20767372729865,95.77593630835176,39.765105174302875,42.73305745174511,5.910155964482074,1.2545946914597048,2.9
Rice,West,Red,413.7684690442652,26.01882545693629,39.721148334773154,72.36991795478289,19.214662654615612,28.39856129417801,4.640333271951226,0.1,3.68
Sugarcane,Central,Red,979.2107039451333,27.64133720109671,47.75229564146706,101.46888848482271,33.1110501448053,16.761089493532985,7.54747138125371,0.2043112902483927,88.55
Sugarcane,West,Laterite,795.9494271077356,28.122132639104,82.35669722630827,84.58046146021178,29.497903487983912,24.21128233280915,5.613880785025244,0.6772704359419441,82.7
Cotton,South,Alluvial,855.9055244783033,29.950601846105112,50.94581427031179,87.93329150653351,33.81575702264632,56.18143776997232,6.8969444109297795,0.8118191395714734,2.04
Wheat,Central,Black,1380.0739448472666,17.905166611459318,77.77913032325236,78.52243627812803,39.776997380284314,14.869014022122798,7.643385757386792,2.4586997795363845,3.32
Soybean,South,Laterite,963.8151025517583,26.469317376487353,66.89366187383705,112.14778794461544,29.528459121236722,37.97050012643428,7.6235133083615745,0.3765241346063787,2.96
Cotton,North,Alluvial,991.3013737615906,31.2911802424399,50.23177458107604,62.47664754047772,49.18067201588433,23.48669610898582,5.05669681902757,3.1770446184345618,2.43
Wheat,South,Black,868.9607367271678,25.14042119588485,76.24467534997845,63.892413868696536,62.79532664878357,57.7787636688859,7.311824783530823,3.226907536354853,4.5
Cotton,West,Black,988.3596494122644,36.797882462806655,57.83488481829031,72.04464110848123,42.64756861393515,37.15681556847515,7.151912620409297,1.7687966023481114,2.3
Soybean,East,Red,1080.5504387426079,27.640156084722662,67.27343333771645,92.55911922667755,51.81859052869247,55.3678855878711,7.2686218406070795,1.3525664356630833,3.76
Maize,South,Sandy,1835.3764597544732,29.572608538294507,61.85218324533962,95.92990016278817,25.078128161895506,29.127513079958366,4.7348254835597015,1.2599649927057337,3.21
Maize,East,Alluvial,1083.8972450836302,34.75498177705879,24.4370502968586,65.99273807533045,52.83098909325261,43.177164924138076,6.025308650213899,1.0913143365555777,3.16
Maize,North,Black,1348.8085506068546,27.647164686274444,75.10630322669233,102.4214291059577,60.55917934555986,30.074829367988556,5.140592964390021,0.18549179960329587,2.81
Maize,Central,Alluvial,1055.9198755433956,34.67328264342598,76.50772102698298,55.49145240224475,58.36447901936557,19.616091975908116,6.117466583140734,2.130994665241873,4.0
Rice,Central,Laterite,391.6632009060115,29.91573085304308,57.58895237006114,97.82169878818459,31.25487298894437,27.273645333215626,7.146332713331087,1.7221693817870858,4.45
Maize,East,Laterite,829.8784498854341,29.925403877820653,74.63540248545885,88.94181707214884,58.580214518011324,33.60309957375066,8.063338329129527,0.1,2.91
Soybean,Central,Sandy,1083.6732154026638,22.554194184194607,51.9237052147709,80.43494086670225,66.40085524861824,20.497745861615574,7.182186835584324,0.45303789682103374,3.16
Sugarcane,South,Black,1217.024363135016,32.53230101407241,52.22958089988049,91.82809690996596,31.586530403330002,51.890265387258545,6.821953645496448,1.1465523538064788,101.32
Sugarcane,East,Red,1063.0685774735578,23.968046552636224,68.59417586969407,77.02366101506908,50.51548032882532,27.240449481496146,6.09023190257883,4.631497752181845,93.24
Rice,West,Black,1276.1054199315822,26.068078676621514,54.55784824606607,86.38080097360509,31.365324404037707,55.639329212493735,6.056940415342789,9.266886433905935,4.44
Maize,South,Alluvial,562.0045605462415,33.29599223668009,63.0623242329535,140.15183758022997,19.65815572061938,28.598219298115243,6.836298472916362,2.783227406247813,3.15
Maize,South,Laterite,1014.6377426851557,25.166293634603147,50.91480650262427,102.35808191797892,36.78933526109329,34.61229767835784,6.409199918481223,2.7673297663361516,4.15
Maize,South,Alluvial,1398.3889104056386,28.73894739804109,45.73129878591257,66.44598919092844,31.571515613989206,27.677120384977773,6.959288596761668,1.0732259285941195,3.67
Cotton,West,Sandy,708.5320008172175,26.73063810406525,68.11565544103364,72.36862785002819,37.95703354021024,39.76958496118773,6.393157311955471,1.692364747410009,3.32
Wheat,North,Laterite,1336.17742968499,26.90500566361761,68.25567276179532,110.20513952877602,1.2525120827847047,27.914905209673947,7.6678056976049165,0.530060114529655,3.4
Cotton,Central,Red,1320.6722377855133,26.252700573741812,65.28808128730046,70.12988838065165,45.76319678551932,26.557931701928744,7.299864404511274,2.679982114556963,2.55
Wheat,East,Laterite,628.892604243417,21.819117991121022,60.640729169526075,122.51935011245433,36.515435346109456,62.314194317565594,5.8207570664999935,0.12329267486367569,3.86
Maize,North,Black,1101.363568332936,29.725715833400397,54.44612132388812,99.13429155200663,51.25864327810777,57.76440784927155,7.111418983593957,1.0799812037479284,3.62
Maize,East,Black,1047.6441975005273,30.170609006209077,48.78224720163708,46.09935488895371,33.116994344118815,69.4973765814918,6.705375191012674,3.5599963690814755,3.17
Cotton,Central,Laterite,947.0911920812642,24.090062935672048,48.19402479874427,101.70833614357592,65.99343828134874,38.18445726128998,5.921393328326173,7.810054463380105,2.98
Cotton,West,Sandy,541.9332333328853,24.788556610177814,55.941862392707925,26.09127108923291,33.44106562960402,11.795182194692199,8.156094942461156,2.3851336221358217,2.39
Wheat,South,Black,921.0820791596001,31.564956186087954,80.3192358996678,71.29007610391449,41.68977732335203,38.94480757197205,6.743608968093097,0.43946285968631926,4.55
Sugarcane,South,Black,953.11123979759,25.68106134158127,68.46502412557409,101.37977973328857,25.270401745529327,28.655399096989758,6.782022582805219,1.6929395985876057,84.64
Wheat,West,Red,490.5096142660347,27.46298574275634,70.40375684617852,33.3438373504085,41.45449840660549,32.97717662335608,7.132075384521749,1.6442939363210007,3.98
Cotton,North,Laterite,608.4545088895075,22.592013797070756,46.16435060306402,130.73708793206856,44.031673107689684,39.3769595673254,6.954955431001567,6.749011131635129,3.02
Soybean,North,Black,721.9013819649977,26.682636441382176,67.78572581746245,104.2106931389047,31.50696861225999,65.79661790547671,7.284877324792235,3.667498165905814,2.03
Cotton,East,Sandy,685.5155304254585,22.61910660597231,70.05601011128871,55.52827255823608,51.38505840189752,41.505647528841465,5.520214629447677,0.10050655386279844,2.5
Soybean,West,Alluvial,1097.8811113168306,23.975121216472775,88.78796099615673,118.0003085195849,31.570453385427296,70.9750063480906,7.623437216170666,0.4971616930520993,3.63
Rice,North,Laterite,1273.4531580594728,23.179095841632673,64.71826634860832,32.25904723651802,57.01072556362381,29.871707537023926,6.814728747807995,3.6893576836444915,5.02
Cotton,West,Red,906.8370559591328,31.31641812832813,59.09316859703693,54.810502118454586,19.44935951692755,62.2078714783039,6.69666249807936,7.18510503593635,2.08
Rice,Central,Black,1229.8868702526797,20.352062917172734,53.50407831940153,44.62213976197919,39.017265868526664,42.5247345504924,5.903418803299018,0.6981852530927533,3.94
Sugarcane,South,Sandy,1285.7465381453887,28.33340838898084,65.89616571492623,30.62620323286722,79.41876090337252,8.8705498814662,5.7783239333055345,2.347073544157145,87.59
Wheat,South,Laterite,974.4121170866026,25.884377810904976,62.07650209330548,71.67085536752059,4.096455887725163,42.672259778883245,5.759266198107659,0.7357660281311585,4.0
Soybean,South,Sandy,1122.4131229588536,33.98131246569067,81.83680360177647,84.77876873953379,54.30964989597557,50.548335439491105,6.11413400039389,0.1,3.45
Wheat,West,Sandy,932.9964525487516,30.897349922899117,78.5299584852818,84.0323239903382,44.7485041287434,15.72388978917063,6.547430625859662,3.5378102671195677,4.58
Rice,West,Red,663.1510737414437,20.800169406970817,50.073843521016734,83.25945877587719,35.395338269004895,35.82943919171118,5.418747207822527,2.6853174700139717,4.16
Soybean,East,Laterite,775.9721645365591,24.197385967304324,64.66711959334627,81.31450883505995,56.491942988938234,32.25841062463771,7.9125516493441514,0.10955292231562234,2.24
Wheat,South,Black,1097.8444481973684,26.930434634852226,100.0,50.46367198606007,46.41376567008738,54.51971690166316,6.901706810875806,0.314388985396356,3.34
Cotton,East,Red,963.6011381144897,24.196369401730262,43.013028321910475,67.4378727266266,35.56924761500432,33.4308006322549,5.658404202167988,15.337596159161137,2.02
Maize,South,Black,1221.1519039329514,31.541366663104053,62.19853769078829,11.22727312765258,28.953917279526532,34.2261202809734,7.281941119966298,2.1039992289229756,3.14
Rice,East,Alluvial,433.9038778652182,27.849709622759477,76.28748598787986,106.9889360359954,33.65439183760312,26.904932780450096,6.0933153168684875,3.223188546238023,4.87
Wheat,East,Sandy,506.0285302905805,26.0332702514364,61.436032315961214,82.36524762506403,36.30518012476104,25.712419853665835,5.881717317972647,0.9840903431868385,3.75
Rice,Central,Alluvial,541.5325439930643,31.904486841917564,60.16971252624222,81.70806708958857,37.36357266972487,25.276539318106604,7.537211564827887,1.4606461302435787,3.63
Rice,East,Sandy,1049.9959543311625,21.113208060996534,57.95595663095863,99.4852092158249,28.07250919787279,22.09287108232561,5.97489602986371,1.9345452254294802,5.18
Soybean,West,Red,586.5690704982874,25.67243662335274,49.04185621227269,101.2742829482936,42.24471334327381,21.278709745834263,6.540623356187748,3.280006467898447,2.89
Soybean,East,Black,1096.0387494930806,28.239995822780177,62.46423752861441,70.9705243990553,30.226861087317673,62.405897112307976,7.227470453872871,0.8277197111331118,2.75
Maize,South,Black,1225.9029763192436,26.29342734822216,80.3903660517349,77.07802564799397,42.040846538378965,60.90474824467044,7.444809093833332,2.2310863823397398,3.45
Cotton,East,Red,1454.8749320258153,11.4769737413693,45.922534204462366,119.1533815004188,68.67865830728459,57.21245725556972,6.704602863598125,2.9891655430772364,2.62
Rice,North,Laterite,1421.7722654920826,28.695118051794616,69.00046519825871,65.3677657754018,52.81085504170519,41.098973010628335,5.117569614947425,3.2708715435235143,4.39
Wheat,South,Alluvial,791.3741036998514,29.51363798155439,81.18494835053505,118.93060208989701,39.41841468127463,33.61636873109887,5.646573626870335,1.3832612724183808,3.8
Sugarcane,North,Alluvial,499.1086020945353,21.93726016355485,64.69019910393354,71.24177587271707,22.280659501219695,47.803314677079044,7.6583975664294375,1.2824906375232874,67.45
Rice,South,Black,810.4174005069742,16.085123567744947,58.681551841694194,32.29444697894688,42.12737077868928,62.080495917945115,7.190259401794771,0.2208194401505302,4.0
Rice,West,Black,1293.050724080852,23.61132208561083,75.11502681615292,82.23799936142805,66.79309000136224,43.394845495560936,7.024844922733392,1.3772152431967102,5.08
Maize,West,Black,883.0929793480827,25.982590340747482,51.49581228153785,71.04862574410275,24.87902588665248,34.10242421683163,5.921088956146274,2.420876876391527,4.06
Cotton,West,Red,992.7038229883813,26.447344451161307,71.32849308371155,46.29336033474774,7.082055136053377,48.83800435572394,5.694712129335633,5.0662112534918595,2.64
Sugarcane,North,Laterite,832.8517766796459,17.164467712693163,62.50194252293183,77.9747158637677,44.73191630528141,90.30139834433041,5.365499255534541,0.26751903202268573,79.06
Soybean,Central,Alluvial,1474.3608294759053,28.016091830806726,65.93963604808614,67.86241540684145,63.06002601477245,28.142111577435617,6.077496385270299,6.94014991024951,2.31
Soybean,South,Sandy,695.6617705542373,32.144383697635064,90.1479908340071,126.8465387192688,58.2198677566834,24.380045421374657,6.802759720326914,0.5333352251209142,3.33
Wheat,West,Red,1020.029661919394,31.784033137379307,82.34280566345357,104.21222501972537,64.83085268154403,58.37119974969598,7.661465673314515,0.38684409783874396,4.35
Sugarcane,South,Alluvial,1332.4715683299737,33.10921673848001,87.2230249569259,55.96768132630996,20.68230566816396,55.54960767232329,6.416867757656784,0.24324557367655142,67.46
Soybean,North,Laterite,1552.46484291861,20.93513180200795,52.73064886175193,61.49351598449174,34.02223107458891,24.37848850397086,6.479403730928159,9.237816256790456,3.11
Wheat,Central,Red,791.5593695384073,31.395311540845917,49.67383731319208,105.0145217016284,45.534024603332064,44.64141081530314,7.248396258709691,1.646596073768846,2.37
Cotton,North,Alluvial,1288.2417598415125,22.330897111047207,72.00114351268515,110.31291770191956,5.359526897405374,34.87748556392191,6.112729201996581,0.6310659418060869,2.09
Wheat,South,Red,810.3205019430719,30.94619976831496,69.86034872617422,71.6721649604429,39.58502339603628,21.322369561181034,6.382240245531083,0.7640856925295522,4.91
Soybean,Central,Alluvial,1413.1479605736151,23.31324321211135,35.35310272776758,67.97716482568624,32.022144339485735,22.118883667492682,6.566284035012922,6.002341147859606,4.1
Maize,Central,Alluvial,1518.8401155187823,28.76011562964804,70.06448398986153,76.82105682422016,36.30201038509459,31.398416362665614,6.084182945224233,4.604539573725357,4.2
Maize,North,Laterite,733.1215304386851,34.67593505933784,95.70968694484793,87.24961896104935,44.00836015017999,42.38749799824795,6.890552940146886,0.8615153157861316,3.53
Maize,West,Sandy,1196.0390526655094,31.664681644841828,93.455800149047,98.14106560354999,34.9437124549922,50.56365084172312,6.601167845824163,0.1313940193695591,4.15
Soybean,South,Laterite,1333.9859583315365,22.388618213181985,54.50453290527706,99.43479955867882,23.64993446358603,34.046392036644264,6.655162790046744,3.585789111492675,2.1
Maize,East,Alluvial,911.7197837130719,21.30557972381615,75.66544581336,53.60924627713118,50.582653297283315,35.95632141901635,5.708018321360569,4.916656990263883,3.41
Sugarcane,East,Red,1164.314332057947,30.88170183958378,51.66455433616191,71.00728255053266,23.48997231336567,48.685876014090354,7.153191490239377,3.6345646717978948,65.68
Cotton,North,Laterite,1180.005178193006,33.59733921977632,63.56151384262396,27.803744922127954,38.309596358919194,35.42428186025886,7.847013580426058,4.883218014821584,2.56
Wheat,South,Sandy,1602.8950407369323,29.148997447650483,52.69651289008697,79.41169597339125,27.522119249110453,36.08055632551829,7.09249039135379,1.715581582874251,4.35
Wheat,South,Alluvial,408.69948424002666,24.444135160303965,47.464763771631475,45.30372870424437,50.25483514099312,57.51929845578478,5.898598951815042,3.6609031682622577,4.21
Soybean,North,Laterite,983.2259493835419,27.209350251334424,78.24937206092375,61.70476802153297,16.390541674351347,34.333127087489856,5.246753809048873,5.761663225630727,3.17
Maize,South,Laterite,624.9239794238968,29.162220657387476,69.29740920216507,107.6010923795848,38.5205533694344,30.780262237158396,6.4025719542697175,4.412791248475845,3.53
Maize,West,Laterite,1004.1394233200299,26.552221743326964,71.66167085936877,89.75099048349216,44.61169460403809,30.96844658932418,6.97320789710247,1.7694685923177482,3.9
Rice,North,Laterite,765.1425992253726,22.393596802533963,74.49551435458378,88.72691729553046,44.164384446763364,37.46129629511857,5.955234789463491,2.7450276605611954,4.26
Cotton,West,Red,923.5248341900228,32.318692830815436,67.95876941120622,80.05761682808486,56.113935613735094,59.076437737629035,6.2439473081512755,2.5552598856524735,2.52
Sugarcane,South,Sandy,737.7557983943425,36.39143074489214,49.43561922096052,115.09455492236742,52.40797283206534,46.50268310154989,7.397876101716075,3.2487440967821613,86.75
Wheat,North,Sandy,1046.6102359407032,34.13277409259085,68.15586839621128,64.3041281372088,46.793769004987944,38.12577078399522,5.229695385981801,0.5197440754233204,4.09
Rice,South,Alluvial,1322.1682510550488,16.144173101564945,61.7319689275982,84.09024253076674,10.12315151719319,38.36992546405732,6.754048164004745,0.1,3.77
Rice,North,Black,888.1795637703342,32.7799102056035,62.1289537798608,82.7547543798024,48.63478253171622,51.57665290703442,5.650004732499231,1.4262900028189194,4.73
Soybean,South,Red,1429.1866617185633,29.890998666000783,50.845329662439696,71.28651499965413,58.13663419474166,38.30093592349838,7.179795018618736,2.9010331730981975,2.94
Wheat,West,Alluvial,1313.1870424027356,23.71359363889191,42.406922221856796,133.45759015531993,28.347138590697462,38.080563113913406,7.111247854259123,0.26734262715945906,4.4
Soybean,West,Alluvial,1610.22070568705,17.189086860322394,56.49146940600693,49.47683772254287,57.42538338197082,44.9960275721915,6.468380628523516,1.521941051279019,2.43
Sugarcane,South,Laterite,1123.4071036172286,26.431815738589513,73.18039274662694,33.793681394757186,53.566390848118466,29.263170379404283,6.734256196721762,0.7549480315733779,79.04
Rice,North,Black,981.5067875106165,28.818407819338127,63.95895058561344,82.69981367903206,29.43809706709789,69.34403335338796,5.7715658246934884,3.6432859853666186,4.26
Rice,East,Black,524.4288410369342,21.465725547633852,91.74757076315541,64.92408508972083,32.08972839621798,68.330030032373,7.173549072559948,0.21128559878940967,5.87
Cotton,West,Red,765.4938635220859,33.16128741189214,64.01714104801908,21.965137997729286,25.57031908522903,41.30105346175761,6.819023681997271,3.7663558212369534,2.58
Sugarcane,West,Black,937.6291031502278,33.04009718937003,67.92368559001373,89.39650312267743,55.886143234388356,38.218286725055094,6.460123400453601,1.8871553316647613,89.31
Rice,East,Alluvial,973.1478906515385,29.33957962836392,65.2493101160909,86.04458632235223,29.73358147916857,26.732981452061324,5.876116893708598,5.037622316172175,5.01
Sugarcane,South,Black,1704.6167206739506,20.13592483102632,49.060294092559005,108.05716283687886,30.01516636523685,41.15381584718065,6.5758779275208346,5.486112018672249,107.45
Wheat,North,Black,937.9069655330687,25.68962266225362,64.67808613389488,66.09942354606952,36.48328732789216,25.12847234047398,6.200535660037369,3.3096801516443164,5.01
Maize,South,Sandy,469.49401321881817,30.618464427304513,48.974855051654174,33.524469610142084,23.104680278657217,37.72408956654462,7.133686445061291,1.5105139670915415,3.55
Rice,Central,Alluvial,1199.3711070333638,30.288704908547707,63.97267683324536,56.5418651436033,47.3343776859632,51.1581780760685,7.813851839563949,0.30760580155715916,4.03
Cotton,West,Black,1181.9494720807972,23.504854308605456,38.60096934821814,31.953791599800155,35.548496764870336,55.55224309988683,7.029539590984806,0.5108786749290998,2.79
Wheat,Central,Black,862.3210886680364,24.238046510496407,63.95805574542143,117.4188990603923,56.4666984215053,61.86443004637185,6.2170042535970635,1.0817171587686003,4.59
Sugarcane,West,Laterite,1638.3011373257855,23.37592018861439,67.22071803815166,105.14503945552433,52.77158716183777,46.93388830468272,7.6634025476216,2.611430972954175,83.86
Soybean,West,Black,431.0136835771225,25.585557928585104,68.30178793249144,112.08335998511734,64.46005788373071,26.815825101130436,6.178570262487452,1.5742751034516036,3.38
Wheat,Central,Black,1374.8371298763593,24.56655377126539,43.48189296529371,96.66154268963501,16.47236523484017,62.089494171997124,6.729123381413151,1.1535822325067693,3.79
Rice,Central,Sandy,912.6709887765915,23.655348908390067,72.21077794140487,44.98943089578915,20.841833695087676,54.42397752564929,6.167468711287739,1.2983921214218337,3.53
Sugarcane,South,Alluvial,714.8746665162128,26.311911601755273,74.88527177599543,69.89925055579509,40.04596371079237,33.919089420459805,6.517852819979579,2.7056152531267776,104.67
Maize,Central,Red,1720.119483381226,27.199957830426115,50.62749513499156,99.81242728698538,41.76069076343815,25.07834568479131,5.113624261887168,0.1,3.89
Wheat,South,Alluvial,1221.0090190873846,32.43526411190273,79.78046262887929,37.51537312449541,35.662072111652265,42.94050812489582,5.539118740762119,1.169055335698309,4.24
Rice,South,Laterite,910.4683950405865,18.093638724510868,67.83040832316333,91.01908139860952,64.61297486318568,59.60087654600916,6.449964574880658,1.7005526434615423,3.59
Cotton,South,Alluvial,904.3708933401242,33.09631656558875,64.09674221170658,99.45770572206355,33.98882619756773,33.622851231751454,6.734197198045528,1.7769297804033428,2.6
Soybean,West,Black,1082.6256506110642,23.26342132980012,73.5179333903605,136.5806882156838,47.01346682226964,42.32871913707279,6.389642427898161,1.9282699869389206,3.45
Sugarcane,West,Laterite,861.4109452244907,36.302533626681786,89.32186389281037,103.888400644035,45.04913878988112,48.95437207234828,7.194367223759983,0.10986168949865395,83.46
Wheat,Central,Alluvial,1389.8825573826412,30.365985171416092,62.88816666718734,91.87685147532844,30.91557554039516,18.31510678117734,4.80073264357941,1.6326551028572336,3.63
Wheat,West,Laterite,1026.3056179187734,29.73669080288415,57.590032142653634,80.7116935079069,46.97548432265667,30.750800191299724,6.8800464539623505,1.5994586721959563,3.81
Maize,Central,Red,1305.2693355091187,26.479926716695935,96.2096091869942,93.58114776435518,39.94325056296453,64.36666917701217,7.560763211961159,3.860028256372041,4.86
Maize,West,Alluvial,1062.3779034990002,37.31512045106517,62.40632317252979,95.26211326434674,58.579062131896244,11.060271673112592,7.121123894356302,2.8548752190956987,4.2
Cotton,North,Black,1260.9504997523018,26.846974529982024,70.49979804098133,28.210958060066602,57.448887155616205,58.06867244931341,7.030377285067796,0.1,2.31
Soybean,North,Laterite,1403.6529255239425,34.55848710360641,62.39988012129051,85.33592207084673,2.1891438815979214,57.88992730653028,7.29597810051588,1.6234802262603731,2.55
Cotton,Central,Sandy,1504.2789496797095,24.127335563247833,40.894137707874435,13.882602644764702,16.930090273829663,46.40003718195212,5.532674079638273,2.3484662370020395,2.15
Rice,West,Laterite,1147.2840062860812,30.582968260895715,60.387143203666795,23.654444808540113,37.82056307928602,42.17638701837441,5.528972054256805,1.735683292227313,4.4
Rice,West,Sandy,740.0358743076787,36.49090387616156,81.66764453560651,81.0516018217413,52.946931604671406,15.384611984322781,6.249038940784675,2.256303946915038,3.8
Cotton,South,Black,948.2253197414667,22.760132429972668,52.852765420929614,91.96431662612032,41.84724246282864,47.32732766988609,6.417412791341274,0.24808111217059647,2.96
Soybean,East,Red,992.158639216612,29.456300842705804,84.77444173171278,46.85137889925997,46.21880812759927,33.546223950046326,6.64811577610355,0.37083317415256,2.81
Cotton,Central,Sandy,828.037348576418,23.468125381037318,76.45465145992277,107.34563062344488,81.83766172430902,58.17962604849967,5.535869064144446,1.7480782457937247,2.64
Soybean,East,Red,777.9537330989345,29.14831288751576,49.9358951061144,117.98762292468399,30.656648683599833,45.056725777771526,6.290755420988583,3.225743409251682,3.48
Soybean,East,Laterite,1052.350170763123,36.469942590151746,46.93381711191939,100.14860562083175,46.6320566254595,16.76900493508277,7.270308335209162,0.1,3.62
Sugarcane,Central,Black,705.0077085676805,22.332904346024723,46.51707829002153,79.33200968491731,42.46607909003895,28.492568581403397,6.214618380689263,1.1462541514956803,87.82
Soybean,West,Sandy,646.7798527982221,27.780040060588533,58.869975711196,87.65645066540573,52.88454794086431,16.621025549504903,5.221767988300724,9.67010916738117,2.26
Maize,Central,Laterite,491.6692505624933,22.8276437099791,48.65601724478556,82.82193248159585,54.25367129780783,20.01190978155414,5.23858115949894,2.902696545199681,3.89
Soybean,East,Alluvial,1144.1010084506247,26.353593432911175,83.29721568645425,85.34954493268576,48.32576758817292,52.94249689765339,7.295134395522494,1.1963523116796249,3.2
Soybean,West,Laterite,1102.374393444393,30.10613175894332,47.24664478164422,54.3963267931169,61.017001544213855,36.34146269412392,7.682134548301345,0.20637115927525107,2.69
Soybean,North,Red,902.5973490280496,25.509158547743016,51.62436475768103,70.68479607193409,60.099054397289024,29.145320642290283,5.879997188778573,0.8900213639654182,3.18
Rice,Central,Black,1298.2693827305955,34.86956991197793,87.78273206111582,81.48947808325416,46.212009595330514,39.57969726350736,7.186083194224041,0.33548572778306485,4.18
Maize,Central,Black,700.3571928033844,29.41671815985731,61.04850732002585,88.42873461269417,38.41941807050324,34.26773964181984,7.0039672525844034,5.071026116257653,2.88
Maize,West,Laterite,1114.2622321965673,20.38294201274934,71.32202632047188,94.73869657455397,44.348163195644545,42.352061662744234,5.359392144211095,2.3144607951262115,3.91
Cotton,North,Alluvial,1016.2490081306439,28.598972674665788,71.96772472827087,55.03887701712523,15.091155136040388,71.90000306573467,6.901075083816548,3.8716872231643253,2.08
Sugarcane,North,Red,777.7958983981683,34.30558925710915,43.18349215151206,75.68064701199688,32.11264144225469,39.72629952350898,7.055401033230351,4.555092855481103,80.44
Soybean,West,Laterite,852.2372710610487,29.712071058891215,77.0416767095903,73.28922057035648,25.514160051898337,56.803260505330336,6.268680633307209,1.8673307765051366,3.23
Wheat,South,Laterite,829.1512059836672,28.30380522302999,74.19921533264493,128.9872639190028,53.351678788516374,11.364149625260463,6.176231516053633,0.1,2.92
Sugarcane,Central,Black,1075.8261907184337,25.512339969883335,74.78764600096108,86.24403020703548,60.255094655271066,34.339727872829215,6.683687133754595,1.6241860918852067,88.25
Sugarcane,Central,Red,1178.0286620966658,26.514866395045587,54.819857199785446,96.84398996792372,49.91654103797682,21.255043704454337,5.875251026861483,3.2439827703078215,78.13
Maize,East,Alluvial,872.0818505456217,27.054208721434932,69.30426548576602,104.91183025346592,38.06041658792403,43.58433105053218,7.435658484405472,0.7551835666630917,3.03
Sugarcane,West,Black,786.3686427647083,14.770303879744437,62.40591301692018,101.3454625158686,28.905708171068042,51.563435531426975,6.488172914178831,5.255288090511874,87.93
Soybean,East,Laterite,1041.166638558027,29.318492640087626,66.39706494116788,29.13622518138248,53.14848321057585,53.14784538882431,6.153382453709735,11.501241687574172,2.71
Soybean,East,Black,504.4746497474636,31.98348921772346,53.34171384398069,75.54428138288664,55.6799975483373,38.00366197346251,6.383913489287331,1.593742074085259,3.16
Rice,North,Black,1010.3072399326813,23.260351645115808,62.146332599024454,96.94977242574123,38.56679295093616,58.20426168826722,7.299759994571485,1.5153334814006012,5.24
Soybean,Central,Sandy,1468.5326453565058,28.162418112566694,79.65352598636663,83.25372771137434,40.897175991166755,44.77812046997841,6.383051862039526,2.1295195025932525,3.27
Soybean,East,Black,788.8110189361057,28.768058018625325,36.110423257109765,38.30043278782995,34.740968818994695,48.574563253708305,6.139043375264579,1.6709833797658387,2.02
Maize,North,Black,946.9434519775153,31.051486028883218,59.51066322171054,53.91427943176487,46.24316937163436,32.89705843633356,5.230367562330738,0.34979266235269274,3.65
Soybean,West,Red,1307.3685247907338,27.06171702060491,74.58138448708016,57.804216983403,34.16890908492881,32.030004989242876,6.637092793929362,0.6324618192045023,3.01
Rice,East,Black,1226.4020023225446,29.69818453241163,48.68212367701898,88.20578441724047,38.815930399607396,35.4358029516632,6.272591558197495,0.45076406225583865,3.93
Wheat,Central,Alluvial,1018.5517245174552,21.192022849042054,71.00529768869019,85.85360770153748,22.43798484778188,59.30339873913712,5.5438286217996895,0.14971743936545256,3.98
Maize,East,Laterite,982.4414421809673,21.92871829119256,72.03553198507954,118.09593596726823,43.933490251089545,32.9047835960015,6.8467327650895635,0.3025509712953661,4.13
Wheat,West,Red,629.3327273895509,29.155735042441307,62.70269261331979,80.31544530901942,66.27011988127506,16.999134961428584,5.627651007853704,7.174612285308945,3.96
Maize,East,Black,1147.3458462693397,25.85202909800464,69.5187168011395,85.08909624170187,45.209823357503225,36.942172045621135,5.985100993267406,1.6192733449937404,4.3
Cotton,Central,Alluvial,596.9874962765789,19.096445735641314,89.42965827009711,46.57574902052887,55.6360283778696,31.072688201063862,6.874767948121345,0.26912884840035384,2.42
Sugarcane,North,Laterite,380.4445383636429,28.7374840213568,54.914578909817195,76.10426783764628,51.453426874046535,55.68852847237274,6.8702614903908055,2.4972100028008577,94.71
Cotton,Central,Red,1302.4309208349803,20.62623993106484,44.18245169416639,136.8346224413105,38.166847772291526,42.39030889027203,6.56304709240735,1.29553674924128,2.09
Soybean,North,Alluvial,1116.0958895179333,40.51305358989207,58.63280101013283,88.55277594875002,39.79445470028687,46.90875829121302,6.28317171684963,0.508936160048273,2.62
Wheat,South,Black,1263.9207085173591,16.11936270576833,50.08250879711299,66.00284311704627,31.78421748555277,56.2688946639463,6.118182776652861,5.749521854285499,3.69
Soybean,Central,Sandy,779.0471038196029,27.263391071255846,70.77536560768682,90.38832743663987,54.68019652476897,44.67949465221966,5.799976300947566,0.5086059000912831,2.98
Sugarcane,Central,Sandy,1139.9091898526797,21.419258229583885,58.16737180641493,106.04860374005388,47.02349554381728,25.39513232736942,6.270714229811129,0.20537213627222742,69.28
Maize,West,Red,868.2796304101362,31.57934279422814,74.19667928419558,92.44486497548395,55.04458844521499,45.83003062899779,7.347985419915827,0.4607713714177454,3.73
Sugarcane,East,Alluvial,901.8272041114752,24.98557897567032,69.36776672707464,100.78954808107588,41.606107702865195,58.15002518062096,5.614850983198251,4.859208768644146,102.01
Rice,North,Laterite,1292.1262372568704,32.064164038897495,54.72188657462385,103.98295864942088,13.159835942587225,40.01688542737349,4.5,3.9009825339217783,3.57
Sugarcane,North,Alluvial,955.0626120395813,30.836687066496168,51.16107329569404,83.92021330242756,29.17960018134514,41.20345547691649,5.904165599137414,4.494766734112082,67.35
Rice,West,Sandy,791.0842623721552,21.66123948918531,44.1041658170779,88.22641117302624,55.019819019512056,32.306261844488574,7.720673088656618,4.958141688808875,5.51
Sugarcane,West,Red,590.3444733665348,23.36334071511469,80.77099466382474,65.04366813921433,37.05227794571434,43.10042615200069,6.180033916391029,0.1613329279964064,89.87
Rice,East,Black,1108.2068127581392,25.277402082518876,72.86678714002069,64.76315935875897,55.94230960776665,46.94437881512991,6.511266067757127,2.4849566748351712,6.41
Wheat,East,Alluvial,1317.8428502280528,26.662342874386916,58.837938964736814,77.98758677488807,61.16019045804026,57.525493658104274,6.562437217336316,2.184393180720213,4.38
Soybean,Central,Sandy,765.0614829849939,26.017731087969327,74.09384510851771,46.89023338192288,53.948103873835684,66.25698190252093,5.952770814888554,9.897682660086723,2.93
Soybean,South,Laterite,1206.6936804127722,30.640554151737557,48.434528309633365,89.22162303521341,53.37710011515395,47.70107333797641,7.5801590905162035,2.508247334224,2.69
Cotton,East,Red,717.166405379957,28.169759993244128,51.87713675834225,60.09272710798467,0.0,62.741459587768944,6.310038398738851,3.1407364573797647,3.17
Soybean,West,Black,1224.7906909887956,23.936749892614486,50.37864080741109,84.47305962773054,36.49377795743014,45.16446986153652,7.3598491105431485,2.5104373143923673,3.55
Maize,East,Alluvial,1009.8743393984369,22.43773606101461,69.1490580601388,92.93098466701721,39.90974166706093,49.29662821057337,6.541008422176079,1.938232440441549,4.25
Sugarcane,North,Laterite,1080.350851768954,22.920529541217324,55.93038027026713,47.08178152368815,53.422120958475176,78.71646031356858,6.5732787248889215,1.6104981599693964,95.38
Cotton,South,Black,790.7768955063168,28.649965139093272,43.188938740893846,90.25159918740022,41.70492467640471,38.710945551550296,5.673665197742081,6.964408903036313,2.01
Maize,Central,Sandy,1107.2652590460548,26.034637838833294,66.36989100241746,28.368204902082503,17.57221193743703,23.298100084124865,7.316798863964144,5.508462290809327,3.53
Maize,North,Sandy,820.6938275996074,37.40157129054567,73.59538828667881,94.71710341317866,17.913556988802238,73.25712365037853,6.353114287945097,1.1519737046411354,3.14
Rice,North,Laterite,875.8979523595176,26.998783271887394,62.96083599304251,95.06468572155447,32.72577688988491,50.20740227080208,6.610200768224271,0.6685800886480885,4.72
Soybean,South,Sandy,544.7117060356469,27.943651997191147,82.09623461172819,96.75820020370121,80.32245006097534,22.657179575528797,7.859249515930373,1.4229048465419796,3.0
Wheat,Central,Red,768.35435174446,17.994819088227,77.04188936788778,88.59439318809711,44.20672438560349,37.835177326125645,6.719581202159156,2.7417445021465157,4.12
Wheat,West,Laterite,842.3514091226399,20.30970249777757,81.78017769791464,67.04560548244052,47.68041464897888,46.98030716835722,6.642587897048637,1.0248128104330594,3.42
Cotton,Central,Sandy,1093.8428537916216,21.39299289721029,76.7566634141276,67.93339270496126,17.888516648222883,28.956056122730892,7.285250521645652,1.5410543232354632,2.52
Wheat,East,Alluvial,1178.6967326733625,24.334846699305118,68.53797741516873,64.59693338087492,56.553169559252204,21.596880917761975,7.0325311328262465,0.709655901891615,4.01
Sugarcane,North,Sandy,817.6204670733725,19.588813889788035,46.34217945346263,105.7433069677652,35.238638386220366,52.35394829229942,6.131084071671117,1.1161991652911993,100.04
Wheat,East,Red,950.6666385313196,21.225353424816156,59.808035679174274,122.26726260322411,62.56926490743647,12.387045246216502,6.039462636504685,6.306897221173941,4.62
Cotton,West,Black,1505.9155793383302,30.324686589853336,57.3137706881047,82.11073055460874,21.358484452549757,32.255419378447286,6.8562427249185065,0.4837823120771336,2.78
Wheat,East,Black,1039.3325689254507,22.700687654247027,51.672522989398466,55.29600721718556,38.592136895290544,31.885904411396933,6.058921933918668,8.97200857874086,3.5
Sugarcane,Central,Sandy,838.9322666788294,26.79493691004056,56.377848822622184,73.04860957585716,32.32860788248138,25.111226945735293,6.536053921602166,0.4855190945969939,113.53
Rice,East,Black,496.10537194321233,29.960701571259754,43.0332758754617,104.4751357759952,49.526090060405444,34.770014381004344,5.496675947197771,0.7690791109919705,3.87
Cotton,West,Sandy,743.823245989232,31.733099745586223,78.25914681393091,93.84868164671323,54.69918137835436,37.027742198145546,7.84787093064001,0.18240023646123835,2.26
Rice,West,Red,732.1391145768523,28.46262065268524,49.11630772983082,80.84837416422211,30.55474261494505,0.0,5.994978438577196,2.7894232858490375,4.62
Rice,West,Black,1593.3621161201136,28.763706147934656,77.19915409321567,73.39222679465924,52.075396799136584,44.153398357845745,6.977783860456429,0.1,5.07
Rice,Central,Alluvial,745.4627433121027,31.886385121352575,84.90112631497513,37.78890026466665,61.28206376009368,52.35359171607241,7.004907882686357,3.100837657925702,4.33
Maize,West,Sandy,1015.3128785014737,29.071328933317364,53.507702563580075,74.62802311415699,54.71458699716769,62.037063747671304,7.894039535657283,1.7213964656219063,3.8
Soybean,North,Black,1111.2272676636626,32.17712717206556,56.68243901228833,70.30932568598026,31.39408765703662,39.23760825302427,6.755110080512566,2.7627499802121234,3.84
Maize,West,Red,1331.9574775056747,16.283037438028515,72.47816047490193,69.47033771444805,33.64052733998358,7.691103089185901,6.184313939484567,3.0568264271957046,3.17
Soybean,East,Red,1002.4072725577802,26.58160224514599,58.4526721202821,87.0406030567508,36.809400953849234,52.556313304785775,6.469109439792549,0.26565127765130264,2.66
Rice,East,Alluvial,846.9056477197903,27.278437390407802,53.0029886384673,123.76132112826188,54.202061486979986,41.08507336873751,5.805363293949435,0.1,4.08
Cotton,East,Red,827.0390345260348,26.410578677324036,71.6143666928446,80.49463409205444,46.43586239424438,51.29838502190301,7.558013959703622,0.3696890300236069,2.24
Soybean,Central,Red,1106.913997803947,27.61600246623214,53.89063843866788,94.95744366728935,21.129578088631956,41.63903276401657,6.246252243746047,0.9692359493450925,1.54
Sugarcane,East,Black,794.6981627380534,24.958336378154506,97.06621014204752,78.48280519798568,39.760374241991414,48.30124737856873,7.906471928751721,0.15228626601964879,86.52
Sugarcane,Central,Sandy,668.7456571783705,30.944887597243874,73.42568100215657,78.47352203233847,64.53475757617778,26.401428685623472,5.975714414112872,1.2203329244053578,108.41
Wheat,Central,Laterite,846.8487034508803,24.32215653038587,75.03961594184501,108.51907525160662,54.78777319686989,22.726553654138975,8.559758530757426,0.6711954831278382,3.99
Soybean,West,Red,602.654697639203,25.911285064222394,63.653164541671686,89.34232403228346,30.987754904054693,38.07781362571933,5.954069463863319,0.9045945546004899,3.49
Cotton,North,Red,1555.1849753561796,34.22018832117942,92.94471633966394,99.47375854247589,16.960881703651985,39.453166119991934,5.91230734475756,5.639106277363501,2.19
Maize,West,Laterite,1178.9658130214132,33.52219519341059,53.86049185314961,110.99631690216816,32.515255551402824,27.93812413090061,5.988523027781636,2.576671543939909,4.84
Rice,West,Red,1486.2531530243702,27.788172177693276,76.40996368170252,89.07234951175012,39.949305792721375,28.174058752660606,5.9656625802244765,2.1468249016272627,4.99
Wheat,Central,Black,1145.6308110221466,23.815558940393796,44.92701745917718,86.11405603056342,33.830167645463135,27.627205225976986,6.796991137709991,2.120121304967885,4.12
Sugarcane,Central,Black,1457.3779090127691,18.82863479120211,99.40428777869639,98.42327730033699,25.27462560671021,57.48084452042478,5.84150574666144,1.6210750468346886,74.26
Maize,East,Laterite,1110.2393992167747,26.343247144170704,77.29851741973205,63.778606560403276,48.78861375989782,25.607712401518718,5.580772540577553,1.438901966391228,3.89
Maize,East,Red,1217.8543962986007,29.540897189098356,50.90188964388568,64.20707621361798,4.150192329463273,47.694712203454344,5.774347259624925,4.276728624768344,4.6
Rice,West,Red,359.8842920376454,23.394192693204992,72.8857099621713,61.03102770110033,56.820481052007466,28.119218956662294,8.120448364396932,0.15592725077869973,3.06
Soybean,South,Sandy,725.7011209071431,27.029643737388607,80.94121357628694,67.73509944828606,51.32405321787146,46.83878283759367,5.596374764166093,0.6808159727432519,2.9
Sugarcane,South,Red,1011.0783325767915,25.257804973964127,51.58951263184583,50.32731800460195,46.40455613990889,60.463482487757744,6.650008959287538,0.21991354152946907,85.19
Cotton,East,Black,1018.3563294369667,18.389025379480437,58.09522344812487,38.590059340097234,48.936763759643966,56.66090552160257,5.766303112752943,0.1,1.85
Maize,South,Alluvial,977.0856943981494,27.585831095239648,50.09744270564871,59.45509998358159,35.73991662299554,35.585727745897834,6.868342583773459,0.1,3.34
Rice,East,Alluvial,1135.8985831272107,29.17544903366055,72.18258827012285,21.19542784637983,39.593263349305325,44.081439458579226,6.6268435420691745,0.1,5.12
Cotton,Central,Alluvial,1148.260881378994,27.79709690724537,67.73219513797498,87.0975539114725,62.04737785690125,33.36299766043506,7.830482330844241,2.289757691871838,2.29
Soybean,West,Alluvial,1259.534745126352,35.06248883469504,65.47116347076589,82.46882380094924,37.71823840813999,54.11593361255102,6.147006940635035,0.23622729731321432,3.46
Sugarcane,North,Red,1200.6980563312416,25.3906646549543,52.91706683341139,98.52801166534007,45.76313535416772,38.86352118796018,6.840996528877558,0.45231889587201685,88.45
Soybean,West,Red,1361.2262198732483,24.99341851869509,61.8963498012629,56.68729801009462,47.90403557278643,60.42731506448257,7.335976983259239,1.085954197518629,2.93
Maize,East,Sandy,1363.6700852279432,37.83230094856616,54.26416379530198,92.47309913490956,41.58053719004969,25.653218569855984,6.204831619913044,0.6273684462068834,4.14
Cotton,East,Red,1052.3993346626094,20.756285232791516,72.27045025358025,59.786015256552446,36.789031077308245,28.02110108402725,6.66895634171266,3.3932364501872683,2.34
Cotton,West,Alluvial,1624.4946365692917,23.9008983745139,49.206964762132934,99.3532134407868,13.800647184049577,49.54783938633834,5.296338392288218,1.9534305834983887,2.46
Cotton,East,Laterite,1407.7991604764843,28.804916255139258,53.0158438464005,34.45225276108064,52.23609983880212,46.54072791742037,6.856608301776468,0.8108560309207847,2.17
Maize,South,Laterite,757.9147286603393,32.62635475711678,77.22965558148047,74.06760855565379,56.16735330094014,67.3828205656591,6.645576973422152,0.7648148281965248,3.68
Maize,South,Black,1117.780999317188,31.674178615064477,58.40163389980254,70.02238178635235,41.09004774710188,36.14934062161891,5.89229082269806,2.3020886013036113,4.2
Soybean,East,Black,447.21455742531543,21.80059650673794,91.41367605054045,99.92375455585227,58.649730325408285,31.696980751192697,5.5118336508767465,0.3742741905959802,2.59
Wheat,East,Red,497.7405154952955,35.1382261039078,67.94101512655428,99.55007427861688,45.69861956155425,31.38426730371348,6.280043618515957,0.6585245182407755,3.29
Soybean,South,Laterite,850.1517008992716,29.320301335686594,37.80132400665233,110.47052395517606,10.588265291915413,35.70543292075471,5.548338363226363,0.8721592373629691,2.82
Sugarcane,East,Alluvial,737.3665214008762,22.903148724603888,45.135303494326024,29.643774614371637,24.181388133171332,45.43183470330379,6.578842043723698,1.2126391811067188,81.84
Rice,East,Alluvial,851.9971149777232,23.32399771423253,56.145628874295724,117.40528390205677,32.66487015942404,15.29114956676047,6.995787009814431,0.4227556355166848,4.11
Cotton,West,Alluvial,1098.5481587189752,27.357733535165004,76.1404061607409,56.859535923463945,30.849424332405178,21.503408140900966,5.09659331488147,0.3421295055099253,2.82
Wheat,North,Red,1367.5870917549191,37.76161956971729,74.61722051604934,122.70253400695472,41.11377937222753,43.39315681233753,5.827890921691113,9.202372767036174,4.2
Rice,South,Red,1351.5255809419323,28.062240287505738,57.7453674734927,135.59271886906248,26.231034021112244,45.56902308423146,7.785954217278175,4.888251801145476,4.33
Wheat,West,Sandy,1123.9581210903916,37.715807590109264,83.48554756609849,109.77696087748353,65.55205774980553,35.15242064650628,6.988312313286402,1.4830714024965226,4.52
Soybean,North,Alluvial,673.8641742813634,31.3904369253935,69.93096810565571,58.567708158573765,7.709010688829473,46.8301378075658,5.365728053894144,2.9010285413009917,3.08
Maize,East,Alluvial,832.7835636100721,20.68850763889139,60.213012157791155,48.88804928461468,38.786556808838974,17.194938966999466,6.107109696743952,2.241738958482835,2.95
Cotton,East,Red,1191.1549976221636,34.03755207111123,82.59652181819305,62.368717246366714,28.75825313437433,28.833531354250287,5.05271045409535,0.15617029134140267,2.41
Soybean,West,Red,752.1650495378957,22.27924298990024,52.88889970246071,94.26143919512329,20.4540571307014,28.50401883623769,7.415116051577055,1.4591968168263036,2.65
Rice,East,Sandy,619.9249787308435,23.924440844448796,73.32678270095911,53.41693194407434,48.84524300667872,26.83436988718524,6.4874969614965075,0.40648434443498116,4.89
Rice,Central,Sandy,1147.6951376812472,28.37876534310184,74.8576066370553,33.53919394367599,24.827834306554884,52.475332965195584,6.604834504410291,1.7544204152024392,6.06
Rice,West,Black,985.4912090246478,26.857824225237753,74.27653259300094,107.02753929072534,40.60546140905173,54.26087031075191,7.4542514886761575,0.1275660971342878,4.43
Rice,North,Laterite,936.7242880578632,31.46707217923628,62.66625819107725,64.99096605115724,25.732332460394943,6.279235375796667,6.3158461871678435,0.35564439614866417,4.66
Rice,West,Alluvial,1332.9405806957047,29.508609663319113,78.06420956023088,102.8630992970506,11.43300479361103,10.347881310551394,6.719194662078098,3.043933577929835,3.25
Wheat,South,Alluvial,1326.642425095108,26.410358545990142,92.62373620746767,99.2912130732384,36.657940027784,41.91003401535325,7.371011758015965,3.7061729900982088,5.4
Soybean,West,Sandy,1534.335397221791,35.49463077313379,62.67059394901077,84.94061563522646,44.586103304039305,31.04853068405096,5.8459677725590025,4.760241721351373,1.93
Cotton,East,Sandy,804.5764629980762,24.627306904270903,66.01260295413583,100.9839715662983,31.030868999953864,37.98039879696394,5.502392767251701,4.5407498554929315,2.51
Maize,East,Black,1128.9200742670264,21.999876798219116,78.87680630549595,117.01925510350397,59.745907558017734,44.826739759629284,7.935003099472254,4.75093421129454,4.6
Maize,Central,Laterite,1005.7025411672054,29.31649562966144,61.014600862594705,99.10465840555612,44.43697085873904,66.63344049787045,5.908551899002753,0.19899765655750015,3.97
Soybean,Central,Black,1101.4947495236047,26.909083103543235,60.604966638155034,99.77509687538026,50.86649413167384,38.887806090001234,4.610997968427345,2.154613612924835,2.88
Soybean,Central,Laterite,659.6856472645279,28.226881308895422,47.59839613803966,89.69109235718491,30.143059629520913,52.856691756012324,5.923076714699616,2.414982992695143,2.92
Maize,North,Alluvial,579.2579996694365,30.690807242040485,39.1377831503295,69.17355806207227,30.528641943005816,33.493637666318534,5.958983630459462,0.6244824845138465,3.4
Maize,Central,Black,987.9351591313595,26.074535851640395,47.977729096257974,87.7074208882544,34.913501815547114,46.85561451670183,8.115707471923038,9.904003258093422,2.87
Wheat,North,Sandy,747.2462230077715,36.29304448339257,77.9409672439803,85.22702705605475,34.703079071254834,50.61925936335447,6.940114777381421,0.6732644127261386,2.48
Sugarcane,Central,Black,1281.4622861653863,28.324932649066376,49.58432665946381,92.22856772932575,33.06729398269152,32.26303648563262,6.330010420487683,1.7108048011881989,105.05
Cotton,North,Black,549.7967897924201,24.748031844843105,72.29714762523422,88.33980388139946,23.357146666904647,29.839962638837463,5.948080368888668,4.117011228655168,2.07
Rice,West,Alluvial,574.5397338261159,29.94789622480326,87.28001725567339,68.56680095670423,51.85813910508182,32.836150007978326,7.046391590885117,0.682689294251395,4.53
Sugarcane,West,Sandy,875.001257425343,26.572593694764937,67.37978646410603,108.4860299485789,17.99433605134775,53.04376598803172,7.34141436725648,1.865375459614027,73.52
Soybean,East,Sandy,538.5774982201268,27.566484098170292,51.76418931593051,66.81844420942589,49.38793912153995,50.894438904326215,6.89771467281414,2.5460361685611637,2.8
Maize,North,Red,1502.8009396291984,21.469337854572455,63.01562023180756,89.85524454134502,52.445780650655635,2.6125839968362925,7.236779576791193,1.9708027267498882,4.09
Sugarcane,South,Red,945.1247878191124,22.036032624021733,70.69739492058866,92.8759892491084,35.695900220016,33.67948074563652,7.740133486329084,1.0416337799750865,80.1
Cotton,East,Red,819.1597883907921,32.30795168456696,70.77461362439577,53.751468440078405,78.02901332884349,46.45734933943251,6.5750648417015025,5.791950659410942,2.91
Soybean,West,Alluvial,1140.3892076878963,20.828212743853395,66.75587492236527,119.04565100998765,40.137334166388364,63.356109388983995,6.094038726834991,1.8950982474669924,3.28
Rice,North,Black,1265.1545608062227,26.38811883495684,74.47506304452283,78.97466047456184,35.61013613011837,38.50083758119244,6.156363654292049,0.5081342057061812,4.85
Rice,Central,Sandy,1062.087670325286,28.629253189263192,79.9939500938004,55.158694701684006,36.298358511837186,45.61786485834314,7.502332207513635,3.281127115418176,4.85
Cotton,South,Sandy,979.5725521323812,34.06513007561203,57.802645201523134,80.00909587105578,56.289347906409,41.53188112507481,7.083750966662813,2.1335202028084064,2.53
Cotton,West,Black,704.9581225887607,24.5936119395382,86.07106713892277,55.6375634032494,36.02055518514267,32.158740311734014,6.619051872987961,0.23197849481625538,2.56
Maize,East,Sandy,1189.2727956763658,30.794497274377605,69.94419296665912,65.50106839214517,49.52585227235001,19.831913726378346,6.067098700157492,0.6518539859803856,3.62
Rice,North,Black,1425.0109270558587,26.397376259645423,31.619799859803408,65.0122485883029,19.720000478613066,21.21587253311547,5.853251986227786,0.34427831009263005,3.9
Soybean,South,Alluvial,934.0840735398126,16.09940048169819,62.18217547060464,76.60420412685016,42.1986342999126,51.80838568560193,6.50050143290918,0.1508981329284191,3.54
Sugarcane,North,Alluvial,745.3643499066936,27.23037893917941,62.39683787220643,114.11925244231043,54.80154393443841,41.806306196683344,5.701159950323671,0.5232484330899524,105.71
Soybean,Central,Alluvial,1054.4487302502084,26.665462531637807,81.20212955161549,82.65912167828151,39.388023612480566,28.93972720785458,6.31794515619178,0.651843437520793,3.24
Wheat,East,Black,1000.7949682001665,29.12560836210512,56.2810423736407,84.11037353228272,28.655447152429332,18.59332923759617,7.454491545160616,1.2566867620040194,4.53
Wheat,North,Black,635.0942852277879,23.786751360148475,67.23743527787421,68.07493778948512,35.724486208248166,51.60097743243098,6.3953609221301235,6.964576343347925,3.29
Cotton,West,Laterite,849.1933902376115,24.319875385509103,43.71310065849192,87.08313546439855,18.63459434925208,25.07721878204074,6.30964592022881,5.738861327686335,2.05
Maize,East,Sandy,1536.5457303934788,33.00534729052542,52.54663009807898,79.17285996552233,53.6848782768336,50.141080375291594,6.614087633972144,2.8022734438698813,4.09
Wheat,West,Sandy,595.7335398672712,25.31926700751744,76.9546998882511,77.90492355148002,58.305769797297074,38.03600418584824,7.272905366907418,2.0798082947361993,3.24
Rice,North,Laterite,792.8138939726716,17.4328481386895,46.67974209362505,97.67668942603939,38.09698155330678,39.361583828179555,7.942555790593294,5.8852426951897145,5.77
Soybean,East,Laterite,715.3859876428712,29.452222241713343,79.48928759553843,56.462459149317326,62.69556371098268,66.25755134333937,5.574169337954041,0.3073450612658163,2.64
Soybean,West,Alluvial,741.9100473425157,31.31282298331911,82.099417189235,111.66203073363272,51.115716417668104,8.524853214680203,7.46238320041442,0.8019420284542615,2.28
Cotton,Central,Laterite,866.3570817521443,31.268818090609727,83.62055447336614,12.608438055899995,40.27533784938349,26.822267032941646,7.1411735427016545,1.611857882361887,1.94
Sugarcane,Central,Black,1134.514630438378,23.923335271754258,88.17980696603652,77.67275402077347,60.17505610403221,63.984867330050434,5.512627102092345,3.363309473961717,79.55
Cotton,North,Red,1392.5687591863393,27.001144709264814,76.62774181266363,113.96802952958441,50.69173239618023,54.02235084600948,5.718407131143125,1.9551976736430747,2.63
Sugarcane,East,Black,1060.996478178495,29.656387950484053,71.38185254827091,110.16836736368259,57.83123802002673,36.38134658268683,7.265407312106736,3.30959441114412,97.05
Cotton,South,Laterite,794.6854536509395,31.81956340338521,74.29447944411328,83.95931495548805,60.88149885780916,68.0056607411486,6.943243041395167,0.3322863973376203,2.17
Cotton,East,Sandy,1461.9745437670972,29.510401923766537,66.06928354289762,59.752018239986846,36.413148344248334,55.056219053920245,5.112883456415855,0.4282061977505721,2.31
Cotton,Central,Black,379.43094369874893,30.878118430316178,59.39605926847976,76.66490680237824,50.33566215279458,32.15643831381355,5.835221966992554,2.698499933574682,2.02
Sugarcane,West,Sandy,1202.043445843647,23.339262549500535,76.55161668571182,144.78693516808772,11.018559937634166,23.903372668956976,6.926584389411604,0.856389620084796,106.95
Sugarcane,South,Black,691.972414291361,15.549515691724283,71.73602103180679,97.71905448206562,22.572595909351733,60.98884865935261,7.242810640958618,1.1457368067929816,71.45
Cotton,North,Sandy,984.7230467608908,32.268476011555435,78.20462039335959,37.48620485639439,47.569115308635666,27.79960592346568,6.8188497183899495,3.1372113883799164,2.82
Wheat,South,Black,1168.9299782652176,22.269910617401994,61.87102828887344,82.07284943656803,45.448423143806345,43.746722094611506,4.818479456928354,0.14521928039362603,3.97
Maize,North,Sandy,518.3871670850556,26.142895431445474,63.19143255509162,65.0348732904636,25.751730759133203,62.45227107348225,5.923560681251905,0.36779638505817663,4.06
Maize,South,Red,1042.4961454753054,31.039214738641924,68.17238051947876,48.251704893030585,34.32314405268996,42.70759845730889,5.717230592595252,0.7014164546159111,2.99
Maize,North,Alluvial,1065.5431203740584,27.133430252872746,63.100287270959946,92.06620667868603,45.346895276963096,40.154401366382075,7.053700548733369,4.29961590664664,3.83
Sugarcane,North,Black,1438.701304649008,30.513350958658997,100.0,55.742297470846,39.93493820233995,14.94780332715095,6.126818321951243,1.037987361545937,106.74
Sugarcane,South,Red,1814.5447951667552,39.27429010021473,94.01678923056843,118.70787274294764,36.57349258111141,54.95884668631861,6.927284884807326,0.5809956641967091,78.25
Wheat,South,Alluvial,534.109058278734,29.757579344900385,65.06440059731719,113.52695225430999,18.84674013718736,12.747657425314078,6.6373333129965895,2.2690636922637193,4.19
Maize,North,Black,1425.1461051497602,23.35682214219462,63.03681254578256,61.75965452947568,45.25713940520906,60.290121735095916,5.564786893108654,0.1,3.5
Maize,Central,Red,988.6359297580713,19.763932695518704,71.6904291449425,60.19580511861989,37.15658507797937,14.748630849882893,7.206097441463291,2.984258996573733,3.32
Cotton,South,Red,757.4286282603705,30.38339977391001,58.55844110950775,96.8315340388427,72.59191920238638,27.571006111238262,7.431744483339145,2.393946125238024,2.91
Sugarcane,East,Red,1110.7159510765505,27.407535205402134,58.305779618638304,105.44407883683374,61.074406934623234,57.525351440072264,7.2470445736503795,0.11331696867109164,115.65
Maize,West,Laterite,609.3125812941032,20.10520136390443,65.64355890092297,73.7086622840568,42.01692165979359,61.71002794931273,6.673297878548748,1.378425251869852,2.69
Soybean,North,Sandy,627.2162098587917,32.89535176688112,59.429264635653944,104.46137823865813,10.888343285461772,41.41811152115089,6.425148243381203,1.035534037537928,2.67
Wheat,North,Alluvial,479.4524085305237,30.620743094538195,67.75651518990959,121.61123273436962,76.37109689989104,34.58082052571495,6.011055915132323,0.3442812270320101,3.56
Soybean,West,Sandy,1163.8267030369689,26.9420720768483,70.55136740642142,88.24771068370464,52.25221567651381,42.298347941423515,7.512725968775225,0.33457766677861134,3.23
Soybean,Central,Sandy,1098.1035475057936,37.93403246829023,20.0,54.27447879062966,31.741464831577208,10.5411449372967,7.794656483146483,0.3491787643121572,2.83
Wheat,West,Sandy,755.684891481885,32.11584984582207,36.104111452131804,99.63794113360835,53.289019134837176,56.37920694860633,5.972944917609696,1.830894098074014,3.69
Soybean,South,Red,1457.080544107494,22.046780248268565,52.284412175046185,83.57954601473467,51.9312880419163,30.694611606979063,5.629089690864429,0.3753275653578172,2.68
Maize,West,Sandy,801.1132930495596,32.863160302580866,69.19503202543217,71.96112704477164,30.1649028349742,36.18782075391835,5.665954476710185,0.1228912899317132,3.68
Sugarcane,North,Laterite,1384.8968782436718,28.274609076461825,53.43944507602989,98.79274759828594,26.03984269404249,41.27570235853745,5.729794870423309,6.32012869515805,84.76
Wheat,West,Black,1036.6242631100622,36.466542838998954,99.65151318522479,110.17659525049282,51.127958745830014,44.162186726967455,6.763429519971695,0.1,4.8
Cotton,East,Red,797.089503096611,31.714919771303613,78.41940422632916,84.65028612764286,56.13265063444181,46.697235340171986,5.446460485428973,2.1806695735076125,2.15
Soybean,South,Alluvial,965.5055790255286,29.421526451063272,94.37421279797537,23.021445469169805,44.81726712982172,58.38206348143261,6.051870614703857,5.498773521181273,3.1
Wheat,West,Black,623.8772383311427,29.136890522569555,78.50262119890243,82.995370690368,43.84081049806449,59.0562982363226,6.074394411869179,0.1,3.95
Rice,North,Black,1065.0200089132813,21.057574907765016,41.24252259830243,85.67407296165031,60.30935200818104,39.54581688496311,6.638955937780886,6.7470797240027185,5.76
Rice,South,Black,1009.1650238091134,24.43988435835747,47.51628668690148,144.6478049713849,37.74973130178127,51.024873946469995,6.335867559546458,1.395672746453342,5.56
Sugarcane,North,Sandy,1158.2342383351302,28.04176336080558,57.328982276422394,83.24053677730588,0.0,53.05186634476728,6.858224694756638,3.07502737745417,70.11
Maize,Central,Sandy,1263.7457179254216,20.141250847293612,47.06009361124529,75.71703301099204,48.0153467074783,13.929468527501495,6.407498650031292,1.9623088623748477,3.17
Sugarcane,East,Red,1034.6847330559617,29.335944718772225,81.21847391364156,97.24532320479551,57.29118977224294,33.43218661497536,6.660401931648727,1.9186416860696014,78.8
Sugarcane,Central,Sandy,557.1035035667612,23.28360960920862,62.62238407728613,72.49633541341156,47.12882485058718,26.404799044540304,8.045950975518176,3.109506729730091,78.89
Sugarcane,East,Sandy,1279.7089997419143,25.03410091720483,68.07632646364345,62.84683501551716,20.81579829509015,40.39374195910514,6.609215793340133,0.13535894615852814,82.97
Sugarcane,West,Sandy,1004.3991900338997,30.553502516352985,85.64843620575881,40.139685588967865,30.378527894439394,58.834458591872405,6.714907554367804,0.9964437026172585,87.31
Cotton,South,Red,431.7812166809874,24.220250368902647,93.90081337266119,65.11185818520356,37.90918021501161,51.68383805585178,8.437501896792936,6.984527440961323,2.72
Cotton,West,Red,1092.8844411893917,29.3474379914535,60.92918813191713,32.30510909489043,20.161553173747606,52.298847814823176,6.37988045273412,0.11226741345003566,2.57
Wheat,East,Laterite,1115.537192172486,27.72485012965952,44.531333217507246,87.08117587985768,31.352980812758837,34.0791066514639,7.67462428216513,0.6097807251909826,3.95
Rice,East,Laterite,892.4561077209022,21.70687705191437,47.17607273769801,85.39588726912022,60.922125484078755,34.12762594504086,7.483500804402184,2.230135539253986,4.3
Sugarcane,East,Laterite,940.6489429488649,31.406968199526606,82.24109824229691,97.41048755041007,25.083512562997072,30.94992248474956,5.749412720409477,0.21168931372168465,99.95
Wheat,North,Laterite,821.4204665809887,31.663766161581297,68.98406694992407,54.222453532014214,35.545270013057284,26.56046119570275,6.618693754665393,1.5386468800204454,4.25
Rice,South,Black,1124.8380038546882,31.935520992177295,51.6494709317003,44.032230968225626,50.74956477462453,48.644932343217306,7.011921976770307,2.4991291128017696,5.95
Soybean,West,Black,1041.9974154978634,36.5384031715699,75.61926347924589,131.43659977226167,15.855357900322598,31.767036081047518,7.252994245051225,2.8328505839970664,3.35
Maize,West,Laterite,727.5313899126688,24.944324493229946,48.85660539330157,78.03415296010807,60.33962622251793,20.49229826455668,5.868827814663268,1.6473756683751455,3.68
Cotton,Central,Laterite,1485.3911736364737,17.251774028690626,38.41419823999878,97.49524961274398,30.734491240951442,44.31276846235628,5.866345398475247,1.3888171880278886,2.7
Soybean,East,Alluvial,800.2590792022124,23.71496860172157,34.88416152296685,83.32277309363613,24.20402394450426,41.01081733137939,7.211901782139014,2.5027489727199086,3.72
Rice,East,Black,188.044462655541,31.797460027100612,43.310517330191594,98.62359332954432,60.816089496217714,44.456821173257936,5.691066689403887,0.31344707692891755,4.2
Soybean,East,Alluvial,858.7977291222589,26.59315038269776,82.35974125998631,85.70092680485702,53.07645484496199,61.70139905360645,6.240077784008886,2.282108188420647,2.79
Maize,West,Alluvial,1309.2812704108974,19.976136585437736,61.96158822944727,59.94966367608967,24.627000397186336,40.36008337045827,5.359329113708499,5.03267892653808,2.98
Rice,Central,Sandy,938.0403890350183,18.582885118679087,64.4930000064191,93.54554759884428,34.275213092114186,30.364646059129164,5.835361196768932,2.296149698035999,4.57
Soybean,North,Red,509.5660665747164,34.10177505841699,67.80453648684308,87.59830904272502,44.253819030781884,30.257078368052277,6.3045896721796035,0.1,2.63
Cotton,South,Black,691.5725668450423,30.04291278414196,49.84270705693057,37.94182676201876,35.09536800936047,25.579647289977956,6.387904742638104,1.4103835816147863,2.23
Cotton,North,Laterite,675.7040752677826,24.51667137126949,57.804986403425886,87.36343083365277,59.26554823817126,28.515747315140022,6.614259181003558,2.591264756630487,2.4
Wheat,West,Laterite,827.4141264742118,36.41257765408051,59.248731945004984,70.3221827710139,52.94955912011469,21.24455155752669,6.394648897959339,0.1,4.2
Soybean,East,Red,921.4885070619493,40.244518106929796,51.03538346835063,63.331016830353235,0.0,41.78024417702249,7.226244955429518,2.872636042125532,3.02
Sugarcane,South,Black,1148.1563826801857,32.17422551694537,57.71242647047855,104.38355998650151,27.605676894282215,29.858059112324977,7.496426323463535,0.6614653367161429,92.06
Soybean,West,Laterite,1038.5316114883701,30.776716088093913,63.17517315847801,78.20359479512133,31.897773029861533,41.92562613784184,5.941686973642268,1.7772207386814993,3.07
Rice,West,Laterite,1052.9211346216364,29.641267996712028,61.28201032361002,78.96450249238298,32.94360157202895,34.552929912072635,5.160797211665895,6.783100494468972,4.76
Rice,West,Sandy,1533.8059377282934,31.278448083890968,71.49780043070508,82.23124081116909,46.69057923965025,38.41211609346438,6.835163137147084,10.56862575360724,4.06
Soybean,South,Alluvial,1258.2488020944756,36.79184903392185,57.71555484640676,79.19107359681603,57.02178917801713,66.29796210936942,7.317170544634446,2.012472986811399,3.25
Maize,South,Laterite,1231.8413990911902,22.1364085932218,88.17267845793981,77.55599421373427,30.39178117472101,57.16540762476614,5.879067504490056,1.3525161186370394,3.93
Cotton,Central,Black,456.05141617064896,25.304617948519944,49.5088850639636,116.40207890262988,23.09689842918953,16.909989441136656,6.254710337768725,0.39128125875562647,1.59
Rice,Central,Red,774.458320752807,26.761062343829433,57.04570898317994,62.893881747799,35.14061096776216,30.85588263492062,7.275794299977827,0.4672307407533761,4.8
Cotton,North,Sandy,520.8928012675372,29.87154242488805,70.91008242592773,36.58010920036847,7.523472035478633,11.52990753242365,7.386871044732918,1.121432830519335,2.03
Rice,South,Black,769.2841576463156,34.827128318724085,74.26413264814084,81.11677174139578,50.453028530451654,33.967112759930025,6.8756637577228075,2.4232462332526294,4.99
Wheat,South,Sandy,1238.460013806433,29.064146467898347,46.907728821937894,56.514555030360555,38.12193077350779,44.98471553117889,6.530044498533966,2.9333012460599557,4.4
Sugarcane,South,Alluvial,882.1514338247123,30.12616934233536,63.458989648274596,52.58121239423288,33.779613219542725,56.09611335643121,6.1121296855220315,0.5018219927915581,102.69
Rice,Central,Laterite,1321.732478547977,30.38358623675163,76.99300373757819,79.60664196143385,43.281267828497896,55.34739070759838,6.677914745021069,1.5332291297698788,4.33
Cotton,West,Black,1207.9405606188484,27.115428303477692,40.961130528873724,86.86695345286718,26.234662754785703,44.768810895736266,6.569266029486173,1.7910411868827922,1.94
Wheat,East,Red,1015.1358320116095,24.91933955431505,63.6827928701784,75.65809745873419,34.74783215311461,26.009021054337715,7.030885672992331,4.4713117381138225,4.92
Rice,Central,Alluvial,1328.8139228260945,27.373383036044142,42.69611787733217,68.58172967436522,29.82454810334145,52.66833509760748,6.822950453691989,4.181758394210569,5.48
Maize,South,Alluvial,1409.3248029309452,23.728519906639526,52.80594621941491,74.98744487004552,11.591141377282817,40.73276499968636,5.394467010281401,3.4007525399265774,3.24
Sugarcane,Central,Sandy,1136.3161811277332,23.814519873011797,66.28346838519208,78.72660226022109,39.899422422737885,42.84617594080101,6.38604516405832,1.4540760441547391,84.81
Rice,North,Alluvial,1068.9901340866388,28.840177872751063,61.740022556225725,79.93296091011896,77.76565787609161,69.28795985667077,7.544976061483899,0.13459537620432457,5.11
Wheat,South,Black,1190.0106427824887,24.60887626739657,47.89088152970348,35.19454872154777,40.41910841799966,25.837739567794237,4.579920260452684,0.8143535918844377,3.74
Maize,North,Sandy,578.0239937882773,36.23352282663959,83.32106039580775,101.84729388443517,28.40249396567547,71.11333601349239,5.423357691985771,1.9442437774763628,3.18
Soybean,South,Alluvial,964.7285608971804,27.73271432217151,59.995134679673775,43.55982457879261,40.85276291220884,66.97511712353173,5.696737575454848,2.030053139394229,3.28
Wheat,Central,Red,992.8028470850822,33.7962638485699,73.24834254113027,63.222932363393255,23.577865914833563,41.01998089799013,7.030403914302351,3.781917830634323,3.99
Wheat,West,Black,889.3767067430307,20.774528051103786,87.52645181016419,41.14490047677674,31.048374599092778,42.901184322913714,6.100722472180936,0.9541176085372616,3.03
Maize,East,Red,763.1512615805932,20.927562195804896,54.853732025471004,84.18173007428487,33.61144046304665,29.393600539501183,6.593412621792324,5.517281253162404,3.77
Wheat,North,Red,1299.4135664907933,26.444656210730663,74.23415198349518,62.2352500665729,31.67783421758663,42.85282680357754,6.895363300460118,0.3564246656326698,4.42
Maize,Central,Sandy,1051.0174574631749,31.68383390914636,71.22745910677347,75.40438942160584,35.59181372205323,41.40171374532861,6.890231890091519,0.10230414931039163,3.48
Rice,West,Laterite,1078.2972196577227,24.54971074606711,44.15679202179507,61.42775884847959,50.361947815431,29.67020894463204,5.970572563237093,0.3888476585086464,4.6
Maize,Central,Sandy,1427.374021379988,26.49811568263711,83.1085443334227,53.6473296420282,33.89983678650346,29.277666113977578,6.2475904275073,1.240995103134583,3.74
Maize,North,Black,941.4014934229377,31.99962707900706,66.51408806967294,17.25016303650243,35.55854999493582,36.415652426707624,6.340780659821849,3.4621772880523434,2.5
Sugarcane,East,Black,883.3662270367594,25.059857300437354,57.0074660286943,65.21419347985521,11.239079517920313,39.86184280263075,7.8243460165372545,0.33408497541531845,80.77
Maize,Central,Sandy,1408.3879373317698,23.212408019049004,40.70565165098847,49.747798078239285,20.158913710860535,14.311386178652402,6.3298588267453475,1.5889714130296717,3.7
Maize,South,Laterite,552.7781860853393,30.54196172988315,45.885808023805794,92.98969500045546,41.221660104846116,56.90782222428995,6.993493518425809,2.9975058696720147,3.84
Soybean,West,Sandy,1015.3573359939694,20.479819896553625,63.37223568052792,132.02259330193675,57.12656184735104,32.53703984594184,7.07265119464589,0.1,3.83
Rice,Central,Black,778.7072699627755,25.1316792885552,44.93211692598979,125.74814655850803,37.17539550252698,35.49201892584013,7.376386038685889,0.1,5.46
Sugarcane,West,Laterite,1087.8037356465506,27.571381702031587,74.49119778794812,77.97180035279413,38.89256722122438,42.663519378467775,7.205764808397133,1.3490088344488684,84.31
Soybean,South,Black,1171.5894804164323,29.645095692732387,59.314652663755965,60.22256696704967,18.717642030768747,35.99143684065059,6.545169684360633,0.40336665470653754,2.88
Cotton,East,Laterite,1188.2772196852138,31.113240108488313,41.5788024305518,31.253769251989574,27.690643325254946,57.0904398933933,6.895225525200356,1.1977441474563217,2.45
Rice,East,Laterite,1307.8717245695432,31.893264777072957,55.05577865828369,69.53080556517796,43.57405035519091,35.73577421201552,8.492849818505647,0.1,2.66
Rice,South,Sandy,924.2418019567402,25.48763070803765,49.05664689645407,57.195998306115165,58.04113382956592,31.250808392108098,5.909263338898574,7.5333058341148655,3.6
Cotton,West,Sandy,942.9336153588155,31.787566309608987,46.637977032420395,61.568228587060375,43.01596226145847,49.29951346775295,6.096138768163387,2.1237249491383228,2.39
Maize,Central,Sandy,1157.9806643055308,29.530746280886284,31.77288843725446,39.19560095701597,38.03171595790036,51.40153577568191,5.57997232920198,2.3211626191709263,4.63
Soybean,South,Laterite,1266.250507991837,30.606036556437346,66.4926478321957,97.56872490558519,43.87628655365309,77.54824516042211,6.649439659354425,1.4255927238582293,3.08
Wheat,North,Laterite,609.9088548584937,23.831089521052036,50.692477128828486,92.73066294879031,24.83702291721029,11.568238905159728,6.129456883521761,3.4849123685273153,4.51
Sugarcane,West,Black,1094.2363524039033,30.325540276288507,93.14929466874267,57.11320063239242,26.028047987915222,41.14593562619248,5.651906842911617,3.584412558039027,66.79
Wheat,East,Red,881.4267023715466,26.23624902662788,79.88863195544741,101.39634645022844,36.53545456791431,50.21325377316587,6.5060356810632864,0.3465428773938527,4.01
Cotton,South,Sandy,1026.1457711153084,27.239341635825944,89.47216002687199,81.4903960639732,22.67133764200563,26.350970979008128,5.405937345300394,2.9254470442301943,2.12
Rice,East,Black,892.9934040136824,27.825707950216856,75.73334083499174,93.25559892752001,50.501391542221505,61.09067595940086,7.506060893324794,1.6725337344425266,5.13
Rice,West,Black,783.1760181123145,37.56592568000421,56.230508743893814,99.35272531408613,54.08523694757355,29.731896254789163,7.332448074642438,2.87420772637045,5.19
Sugarcane,East,Alluvial,694.4430211530332,22.425721623203756,69.86124119700617,89.12475345604399,35.915297039743706,41.776198047703645,7.912580174651061,5.01920748846986,82.17
Rice,South,Sandy,954.6927955089145,32.94658201783863,60.45863684343786,59.484776643579565,51.33510637772915,56.31292664462774,8.62401846470219,0.8162257407789667,4.21
Rice,West,Black,1107.5217375267687,34.151862670112536,70.10942631338071,106.23262783191893,62.310650946105014,23.608750611583282,5.197166696054454,1.6921843672710826,5.76
Sugarcane,North,Alluvial,819.0976599778808,31.127944583894504,78.36911515143495,99.3185363225997,46.04519304276803,38.004563192464964,6.371172285175818,3.097465756582954,119.69
Soybean,South,Sandy,1356.943590060062,24.322745554351513,73.96202174988703,99.68393272163742,53.4539520696129,51.516793659844566,7.533928269186381,8.650323748828406,2.89
Soybean,Central,Laterite,1737.5351029004248,35.48252790953417,65.1251379366154,46.76719536869915,38.859737742818275,42.26286746928031,7.515582038363817,1.8964725832993845,2.59
Sugarcane,South,Alluvial,1123.9375362951832,25.339930537305918,65.98743594923992,43.326306823799236,53.50427445601407,50.02860030651423,7.187900201384896,2.5547221599886987,91.83
Cotton,West,Laterite,987.6293426359947,30.435593331783487,68.29401115975857,117.82116812570197,38.12456316301191,51.992159695037024,5.662473939492352,3.7460916445619645,2.71
Rice,South,Red,726.3211778726,27.60457214723269,81.58763444900188,64.04766549741328,29.546584261056154,32.06639554920801,6.724216358885343,2.782865596056463,4.75
Rice,North,Red,1111.0174265103938,25.154250328703743,57.655026906602366,86.31088805302583,50.40154258889618,64.2810028456809,7.347546834211214,5.706106367225438,3.5
Cotton,North,Red,1443.15272001049,29.73342031861652,61.1192430023481,110.15924687484679,43.296643301153004,27.392881584156225,6.224365451056631,0.5219746185111079,2.65
Soybean,Central,Red,1584.5438230292032,36.39705403660763,57.387934279267405,120.8242183631815,51.69686227875084,60.354753757474526,5.889720235591926,4.76749865948158,3.91
Maize,East,Black,1418.846739546007,28.281726774402824,67.05949352164315,94.3534527303646,28.884191749779077,45.27318504495334,6.279673759750302,0.4641308317954077,2.92
Maize,West,Red,1252.9928884918327,36.89218460068062,74.55030693414282,66.94732520227551,44.76242685880193,30.7560062625479,6.046800030636956,1.6654069420651476,2.74
Maize,West,Black,1123.058011014149,26.08359161748629,69.49480485866675,72.83392384178109,54.13373196070328,27.062449311386736,6.717809511599721,1.4800435761599617,3.17
Soybean,East,Black,685.3995907358848,27.387074778676737,64.13487003219178,89.26746277152621,33.30716288434505,44.213878528257666,5.351499449298202,3.5596425045148377,3.2
Soybean,North,Sandy,970.0835356509585,20.871042574095263,81.0915838323235,84.37219341907071,52.015422836290924,36.70157443376746,7.813286424064466,1.016814511518733,2.15
Cotton,North,Black,935.2365587586625,24.21080877434151,53.0867363905615,62.10019927949199,63.59225260142236,47.32541549718382,6.049101205409274,0.30906151316080716,2.92
Rice,South,Black,972.038789377824,25.90814959915141,42.502937532798484,13.669759185132136,31.16566783829694,36.60168844316887,5.689207803273666,2.4537711779101206,3.69
Cotton,Central,Red,784.1763361519594,25.35478074071062,69.82327820519683,61.60263667136267,43.98479082463661,41.12350320492649,6.17839310898398,1.866019431968853,2.72
Cotton,Central,Black,1227.3585905309128,22.19878965797917,64.39610262568827,74.67516386442894,66.31900260313122,47.67714842880689,6.715971832552566,3.509716515124842,2.31
Soybean,Central,Laterite,917.840561977887,23.19077451510929,62.493110545104415,79.7591611676297,18.467057701768795,39.05834321432439,5.254757287920048,2.842854799960476,2.56
Maize,South,Red,893.4908778569501,25.567049372148894,45.20806786978065,122.66747826427354,46.07016285993504,36.14920232695685,6.041528412875116,4.504263367925078,4.36
Wheat,Central,Alluvial,785.1920127366805,32.93269278224068,67.97903239760079,106.67783329942307,50.39263376113418,45.34129445282265,6.4497364104342125,3.654163015876154,4.56
Rice,East,Red,1069.689996482311,19.522097119066693,91.92610484941343,68.45916622967027,40.308904990594264,34.50157126390359,5.960833379839994,2.316955855022427,4.12
Soybean,South,Black,1449.032357816739,16.589104684831526,45.02686442287782,92.59378796261298,73.55925074839143,50.07404834863654,5.730615955036218,1.2536230904177217,3.11
Maize,East,Laterite,996.9375110168386,18.19586233520749,62.643479026772944,13.386517998340977,47.36274308552831,46.82076082444274,7.257982897161291,0.1,3.82
Wheat,South,Red,1084.5221645398865,22.763002703990452,66.13239216538311,110.65243745313873,60.17246110092714,50.48091000835447,7.2413137992135255,0.7351644700768725,3.14
Wheat,Central,Laterite,1580.5781689120197,30.184850391320417,58.34098847456629,67.59098673966237,52.504484400501575,50.39146833833167,7.228847508138196,2.6003972893035785,3.91
Soybean,East,Alluvial,1361.032761775387,25.21845877488837,67.46605316172263,84.67953538460415,62.4171935882389,36.257485937134916,6.9531247712662045,0.12269369831045601,3.04
Sugarcane,East,Alluvial,1176.3234452656593,25.150206519800914,58.29455107541132,80.74542268520409,42.64293248782596,10.012635844364429,5.548878218388022,2.8260543093918646,63.04
Rice,East,Sandy,1163.7093298772315,25.037950203580493,67.30389485766987,105.65578378154426,20.422358415100906,37.57860231463774,6.481189219197786,1.4529262892075014,4.98
Wheat,South,Sandy,819.0802276621258,17.61084561966389,61.17661236669104,71.28309327665866,48.19534038299721,43.5645260906082,7.5838499660901135,4.046664146068835,3.84
Soybean,West,Red,789.7391653352171,31.30712286262278,56.93261615691338,100.57217683052974,14.710496575530303,38.21139984514552,5.530761154067637,2.156537614074095,3.25
Soybean,Central,Sandy,1042.4224459015102,33.55261921633509,63.843850985339415,89.1167099352758,34.993271868623054,29.20019286522094,5.7114280415997625,3.203354784777611,3.13
Maize,East,Laterite,1050.0322315474868,25.32264269580581,72.21891819418701,83.06446339032574,33.00461786884811,58.60498350473672,6.715822569660802,0.37628852278082325,4.83
Sugarcane,West,Sandy,745.070539290146,27.427306063766924,41.63804006464075,77.29782136214357,34.181293458425685,27.979274726974694,7.108339659957295,0.37969359579169176,90.72
Rice,Central,Laterite,1210.9889991842322,27.593604596187,75.40852661339495,67.26553559009773,58.96312132533723,29.75295345342341,7.044891271156437,0.4742089102622579,4.09
Cotton,Central,Sandy,916.8106334508642,21.66088765485906,54.11378400368814,75.85450677671682,39.61823360492256,33.287737730903416,6.757203946070887,0.8108655185809395,2.26
Maize,East,Sandy,1338.1962207138633,24.792555687659917,74.2763457607515,70.44326171824012,70.83660414968436,35.59140972368064,5.697612931000096,4.695742693780878,4.42
Wheat,East,Sandy,983.3774464631957,35.928784578600286,54.95324183951564,90.47034385801945,39.02890452059806,31.250068666345452,6.892269226197778,2.9771633983212347,4.49
Wheat,South,Black,956.8239309892399,26.980052852593666,75.6999531236934,51.63848593818868,7.9365349764087725,39.708956282852924,6.004511214823959,0.9071364900128694,4.32
Maize,West,Black,718.7810651482058,28.117595674979363,64.26573277759927,81.80206496994197,31.11694327221525,41.566197980378504,6.772710589206019,5.013837959237616,4.25
Soybean,West,Sandy,751.6420794644098,23.53179416622728,51.05875889810983,117.90545600869191,52.759270451079445,25.564681767050118,6.40238178216044,3.018514917402569,3.27
Wheat,East,Laterite,1395.3293095232802,24.850206771025555,58.41830169807833,69.0022606160759,19.78444032797298,23.342120678708373,6.248166453750541,2.1345611792619854,4.02
Sugarcane,Central,Red,1080.6891240966938,30.23145951845851,82.90500795788559,90.9579592070639,34.66048386707822,50.79408504518404,8.36424906478944,1.1474128198458726,85.23
Rice,East,Alluvial,1116.7907141567916,22.801998566261048,65.77742546968348,21.917912657803555,52.245681510395286,39.27919142751035,5.552080715298972,2.109151978177275,5.19
Sugarcane,Central,Black,1480.1940870649369,35.0999143211414,58.12947664471594,40.481603656577356,35.26812104031383,55.03587049107454,5.910132315785267,1.799010112015203,84.72
Wheat,Central,Sandy,604.7234138973272,18.918669271164536,82.10805294046106,76.6748821927854,31.67802174762062,49.603717149310725,7.354894154692275,3.045290714092023,2.68
Cotton,East,Alluvial,1201.3767151124173,23.834184641925976,77.82749860672031,78.11771514250516,58.81379942071162,35.57841765044979,7.893603751062101,0.511280624127985,2.58
Rice,North,Black,523.6327405920555,19.60061651811849,52.39661865691055,81.03359480483704,36.59642510423112,46.53243328695665,7.035415769413496,4.3357198039883595,5.16
Rice,West,Red,868.7044173839884,33.62181623258162,61.93266149500356,134.76985773605242,24.36620093867706,51.16664003232194,6.317903420934498,1.7923389131093315,4.33
Maize,Central,Laterite,656.4738925874392,26.818632568504484,38.562342015649925,65.42706611220623,52.50426236861883,27.95296528553473,5.867661978523433,3.2876297650865878,3.39
Maize,Central,Sandy,1257.5771637796602,25.568053273836117,78.0792946540908,82.11032362454812,57.051889418133854,17.010829390927093,7.189979357552668,0.8532838341087872,3.85
Cotton,North,Red,433.0820943821128,28.988017372726983,65.06100687040698,62.090473672911514,42.70868870587305,25.743100032642445,6.493666484485258,0.9948787228163934,2.79
Soybean,South,Black,930.9746465941613,33.99507390358516,75.05240429258471,98.42231052557932,31.306193030174995,48.59509004571654,6.082337865713931,5.538409538847114,2.86
Rice,North,Sandy,652.3689420404868,28.080343770268936,36.01843309408168,51.240993923891736,26.69020952205821,65.85888104774438,7.356074781246132,1.9454845746975198,4.31
Cotton,North,Alluvial,743.5574882187965,32.71325342981229,60.78714057348924,62.5248702448128,31.69592008155018,39.46834593495325,6.379976888349552,0.7646807780345304,2.5
Maize,Central,Laterite,789.7866507437278,25.53181453553363,67.51384495645519,57.463283726920864,21.09166487028239,59.100777295423654,5.44951037306166,0.17145911997342636,3.77
Maize,West,Black,1395.7313612495898,22.19330208096368,33.226374683021724,100.592533938011,32.61167611554762,53.697072973959656,6.595289323919858,1.1395695217924333,3.53
Rice,North,Laterite,899.4311649905407,28.16107006940176,74.84530047450332,83.14967708016844,48.23931378231141,29.510896075566876,6.223118875377226,3.7820481728504753,4.85
Sugarcane,South,Sandy,1518.1977088044705,23.51320664004021,60.14805127780168,87.08738489011225,51.05005013416893,39.00795079442492,5.702508074476517,0.5791859440794999,88.39
Wheat,East,Red,1580.9758980539602,30.44373780741767,38.679248299434576,75.15202383561068,40.40660048985458,49.6154987190773,6.745466784727621,3.9363304391985108,4.75
Maize,North,Laterite,1634.105160587066,24.953358481971527,57.28238319869957,110.23162973769605,45.73661822872374,22.387366568512785,6.861706271892843,0.35263191889253787,3.3
Soybean,North,Alluvial,982.3699237143569,26.577287127750065,71.85022416244882,76.12678983266974,36.47298856606456,52.72747173178862,4.5,0.2783689250960448,2.96
Soybean,South,Black,1063.1071418114084,15.798003232848197,51.303378648563225,129.13293435992892,29.042874833341607,56.06798140798381,7.373072584127737,1.8612463191514026,3.34
Maize,West,Alluvial,1113.3866928588325,26.376393762326323,64.31491299497807,111.73612751316537,34.863670960972385,52.17475456983749,7.3038252292008945,3.2658012207396276,4.7
Sugarcane,North,Laterite,889.7536514317708,25.787074079991168,58.503003359519504,43.10402760217612,56.86450898924802,38.208798268368504,6.407629446263333,3.0287366477366864,80.03
Sugarcane,North,Red,1127.3110776525855,32.8148190389553,35.08846786839146,95.96337686284397,5.854013952481054,47.26509683846257,5.867844468799529,1.5688092958433024,111.7
Cotton,West,Red,719.4411378590057,31.350536085559003,74.35753081303025,111.69545246284761,22.806641752818717,54.744622883634165,6.932948871936756,2.036047519036698,1.85
Soybean,South,Alluvial,437.35727116070643,27.121091835095584,77.1160365881004,69.80661303942284,32.90076686887971,17.92313181247006,6.502061870815846,0.5973493155279798,2.2
Cotton,North,Sandy,1214.240379826484,18.847809232166327,82.23097122475556,90.28640992845858,23.332147354398245,4.038757392231538,6.074435952592749,1.602449036579653,2.41
Soybean,West,Sandy,895.0680085850489,24.7988382364166,65.13518543132,43.05239043536161,46.572018100126236,47.72643925220272,6.0919382857864735,0.46563414057473296,2.21
Wheat,North,Red,706.9924485883413,32.82012044234428,72.26904692952834,55.09962046451014,16.99892054387135,31.04905497294675,6.642011024599303,5.272161673998938,3.39
Wheat,East,Alluvial,744.9321091992267,26.007753238526384,40.789419801033624,73.70913072894822,58.05038813440134,42.70118611325467,7.562185729542779,2.266759893540299,4.36
Rice,Central,Alluvial,1454.5365462296195,21.666206487064827,68.6018918562402,46.13843545069326,69.34432098481041,43.020441792980144,5.447573880811051,1.6631824566771138,5.51
Cotton,East,Alluvial,1139.2338372766287,32.759119495340514,60.23075823805239,81.37984974319136,43.731942010892716,58.36718698958798,6.748423325085863,0.5677580602385002,2.61
Maize,North,Laterite,543.3078452608944,18.88242974050485,63.84567846064681,96.25953813883793,30.716438227228814,42.559785450770526,5.790074588074324,1.0518047065071963,3.84
Cotton,South,Sandy,643.9040762236432,26.435316244775308,48.23989999486217,57.10216481040517,53.90243413530587,47.97891856105485,6.754476462132988,3.0302268117783973,2.67
Maize,Central,Sandy,912.4361182548942,29.79041880873037,81.83995929454002,46.48700389387142,35.756739738500755,46.971817368873104,6.9607999055646435,0.5473173041685634,2.79
Sugarcane,East,Laterite,1142.9228075026097,27.630269607135524,40.235375465608286,40.52831528095726,27.18153000768593,51.889573717790945,5.512556132558698,0.2758987273745396,92.58
Cotton,West,Black,761.6285864881452,20.792403936658935,69.08017475101988,110.31028920673688,40.79024936767324,31.502917855516706,6.957798537258157,0.7344714269690116,2.47
Sugarcane,South,Laterite,948.1159975464016,22.35403775323188,51.23737706358483,36.44842930478225,16.347604280599803,44.554996561973226,6.706765938672037,3.1643435461658322,73.28
Wheat,East,Alluvial,1034.365356469053,23.51011729377622,96.7789929511662,87.39487790606672,28.90040738255339,5.0151896596228625,7.543227786437561,4.2931480079723965,3.37
Wheat,West,Laterite,1040.5805227308026,30.92234758762028,75.43048732990464,112.64710338716264,28.513697209580023,30.520091794740082,6.517629593051601,1.0701114039103654,4.18
Rice,North,Alluvial,281.459134300223,27.852625736980734,64.57252782786912,55.55072144287823,38.58113319118732,55.33076393077304,6.728552345736327,3.0397219329881895,5.04
Cotton,West,Red,1066.4924115409194,25.062282427421646,49.58120822524474,58.90094906083739,16.155847111880785,20.102165906013916,6.842049043119531,0.8076050761492122,2.75
Sugarcane,East,Alluvial,480.1421071178953,29.044553279263983,78.35043916257007,84.39190459200016,26.10070870328299,21.747120841414986,7.635113888551828,1.421769447279171,79.86
Maize,East,Sandy,914.0804555497132,23.24906586958912,20.0,86.01676950588275,32.297868972146524,49.75887126403102,5.046335014829784,0.1,4.33
Wheat,North,Laterite,849.5754859274505,30.6918938775813,70.76255162336446,67.53957148823311,47.11094751187806,30.801281167060875,5.255810981369802,2.489560954264485,3.24
Wheat,West,Alluvial,676.3801302399443,29.25278953689446,72.6556932032341,72.57380933513932,40.03851192361343,58.817693224972544,6.417867902031751,2.5367449044701136,3.8
Maize,West,Black,1252.9501612003646,25.877504300618305,71.77605394835285,82.27132388295657,64.52287851356245,41.124164388814954,6.790634015926411,0.21117380774939618,5.02
Sugarcane,North,Red,662.8072420309734,26.18866730456403,77.56770133275107,69.89833493587967,26.42917695510859,62.81838727291483,5.175357136978905,0.8888437587238085,100.6
Sugarcane,West,Black,843.1189331837606,25.290882857519804,56.52541303443628,70.73960987291642,53.248610906735095,65.52305544156518,6.449724335492341,1.3215407303794284,81.05
Cotton,North,Black,1263.620251900957,31.979710113719236,73.23970760926002,128.5599315708227,53.23747141900502,59.13376227497197,5.8970588910287445,2.9753827890380986,2.91
Cotton,South,Black,834.5498782031018,28.080459230579777,54.95011174586518,105.33574700507575,42.70595318642122,32.34580940339284,5.465337786529289,3.470076329207606,2.26
Soybean,East,Red,772.4470027943723,25.917565756415133,52.544256759967354,107.29934873680374,42.12473074665797,23.20437558895644,6.361278690343874,2.5399311584173,2.95
Soybean,South,Red,919.5533667842111,22.14844548468719,49.51480604192955,71.47371047216657,43.95983981208494,59.070846835367014,7.069539929825269,0.48630212639216036,2.99
Rice,Central,Red,1162.1507561713295,29.94745772359047,61.22030498203456,37.03093448373897,25.911105474892413,39.773311052928356,7.98014615092745,0.8811715435418861,3.49
Wheat,Central,Red,1433.8922814382618,29.71377593725119,81.66836021601662,141.90221013263846,54.407288721475304,43.00685846978452,8.191590187065147,0.5681847021545618,4.43
Cotton,Central,Black,719.1635206186527,24.371787910498977,90.72614191180551,64.58042189447646,41.12299731121746,57.22818707563377,7.495791219109115,2.027726137058771,2.88
Sugarcane,North,Sandy,743.4754103601728,24.899215290386977,60.9437018441386,87.73186607708215,21.96247712076365,23.173933590140262,6.758718922233657,2.0845560424296936,84.78
Maize,West,Sandy,917.0993785220396,26.414928723257134,55.325481323526404,99.59284364231718,57.867557313233135,48.82716717268938,6.4133925528208655,0.1,3.75
Sugarcane,South,Red,1069.0421953801526,21.231871695547863,84.94147557641574,65.48836172546447,38.370468159916214,32.599821507258184,6.619301823221419,2.6313830728233203,80.05
Wheat,South,Laterite,768.9260008007924,27.368534094522293,71.5014119397037,102.53687027907944,40.79492623538662,51.8891294466269,6.618494775293434,0.5214584666429602,2.87
Soybean,South,Alluvial,1206.5690103658465,18.772810808691013,65.4359017420389,80.22528055172762,2.3425160960061646,45.79456009069209,7.395277542230404,3.2326822041376775,1.81
Sugarcane,South,Laterite,724.8166745642312,20.602652812853556,48.41327144323195,73.4118436060175,38.762938769305364,53.224662463360126,7.779814580039102,3.5773035198055743,107.75
Rice,Central,Laterite,429.7436231512112,24.45202797441917,86.47552498575376,65.47765181697099,59.03691813648709,33.621402459680844,5.568291263979987,3.1888626525968333,4.21
Wheat,South,Laterite,1159.532584349703,23.85852456190987,66.40527243010293,55.085182043621515,30.587437225327665,29.354654727618275,6.2622158170899,1.0488791455520892,3.44
Soybean,West,Sandy,1194.2768419438735,29.256954631780292,65.00239695561555,33.42956581361033,20.68067162667082,40.02248492099223,7.266023440569943,0.8563488019804055,2.41
Maize,Central,Alluvial,1313.3951906898278,28.4149869051123,73.12512881225781,150.3443304402656,46.839008026082844,31.286182938261135,6.3985280461796705,1.1422877598352668,4.13
Soybean,South,Laterite,402.43006085286265,33.883120469878726,65.32847380217119,116.4335018458163,13.857850348038525,30.561554179328922,6.169817964378873,1.4983207418069797,2.73
Rice,North,Red,800.3154845431436,27.46423909393101,87.1195496767057,82.57350029431863,49.0161578512868,29.477228280267404,7.427283751434097,0.5751506240562688,4.98
Wheat,East,Sandy,924.6825495403775,28.03064984115537,80.17701473602081,119.00043681028666,36.94625076649117,49.498987106495335,6.093120381587178,5.36582932861394,3.49
Maize,East,Red,1527.087452025365,21.18472865873279,56.58004173801621,115.73012963969711,41.22387235212837,69.29835993249519,7.02612405183857,1.4026206575569995,4.22
Rice,East,Red,952.2395815062823,21.195116371759262,66.30351398359737,94.91351242228237,75.46991246663558,51.89228952769054,6.24577205371935,0.15202851108587823,5.49
Soybean,Central,Laterite,596.044993592362,27.322133368661103,56.21870508744203,71.37506050914845,43.756531683831014,50.51395527538412,8.27341953416368,11.757765701760832,2.71
Rice,South,Red,1089.0221394264377,27.408559631301095,93.34046175413927,106.85357142164175,19.924444947355333,50.142743230512366,7.501249740850808,1.3237003249678743,5.52
Wheat,Central,Alluvial,1392.8368677388341,28.447951831447362,54.15681906876226,102.71530537917498,41.72270415871485,26.30287117848208,6.235774152490202,5.874506755345855,4.97
Cotton,West,Red,1328.9916828882506,33.34816973683648,63.214575922545414,99.77917935639246,51.14559324175786,50.3918397996898,6.721986401429014,0.9895230822311186,2.41
Rice,North,Laterite,1168.5394492983396,21.415962817802424,70.45889966132191,71.56953143977701,9.7145186458676,12.959519817874668,6.969474136108326,0.5091673108996229,4.46
Rice,North,Red,1078.7897101324495,35.44955997465998,72.58579172159305,89.4735356869949,39.808259353161965,45.60181456042573,6.165019382570315,2.6702909912606607,5.02
Soybean,East,Sandy,319.67430716473234,19.549948533675256,75.11868704533047,86.83519135605172,14.0328902556764,51.00285813239056,6.247725198623793,1.133009018877983,3.06
Soybean,East,Sandy,1007.6999365161137,28.864702442536117,77.01449831490034,70.48205462934752,40.37099019894426,52.20051234149457,7.171167308584984,4.264986321351809,3.35
Maize,East,Sandy,1053.4420787595209,20.76823052419624,75.39290084118545,89.24933053702924,63.16814302158983,49.76980097585869,6.495623442419743,1.249075514909497,4.43
Soybean,South,Black,952.027097724672,30.620685661383046,58.50539457981523,111.31955170763293,33.484005836094454,21.312872464013097,5.37576933460126,0.8260088971268755,3.3
Sugarcane,West,Sandy,1212.1299662468093,19.58082673061329,56.80461322480277,118.13902796855032,41.18072018341269,30.370518011376404,6.951615363645267,6.803072456130654,93.45
Wheat,West,Sandy,947.2006591681915,13.337628292259588,65.57344809295114,92.48609602540502,44.19662802019506,57.63667188547849,7.271390498948724,3.5483257845533873,4.49
Wheat,West,Black,889.43103849916,27.72934976989628,56.72451991333309,75.84914956749665,45.13890903828235,45.53961673895318,6.238620187705271,0.4603345887171127,4.62
Cotton,West,Sandy,1311.6993164956764,26.375098952234612,55.13422790872372,101.3678267157233,42.221588370011446,44.735013930166055,5.881570084382191,1.342204819193457,2.49
Cotton,East,Laterite,875.923385867295,32.530352204655394,58.67091913236574,58.19794066883963,9.874729182521218,32.044990296276076,7.562782744849926,0.24053457042232948,2.65
Wheat,North,Sandy,1019.3962216417369,27.38932892912888,96.53202041396757,70.57250245232129,42.76905514369189,23.46403620589369,6.623424543129136,0.22800559218888727,3.22
Cotton,East,Sandy,1269.2593839045646,23.275727586519135,88.1573419307676,111.87914914804213,30.482656768638265,29.0372787384161,6.436150156082798,3.8400959191694146,2.59
Maize,West,Black,696.7993746240332,24.30094971902095,61.41230019098806,126.79418081326159,22.888663342013842,19.153365731484186,6.434370505702079,5.3713783838348075,4.13
Soybean,East,Laterite,664.2441003515893,43.08010084010584,34.00229870675601,108.49771342238434,42.98896607864875,48.257755109055964,7.6641463261512435,2.685187932142573,2.79
Wheat,West,Red,1407.382046695256,22.627126369460484,56.14562992380489,77.96017274070607,42.08769261116046,0.0,6.70958202648906,9.063226405709772,4.99
Cotton,Central,Alluvial,822.1863988940775,29.622745920327155,78.20031496738055,25.258254998067656,13.427168326582265,29.082316210096067,6.854258917239337,0.1,2.16
Wheat,North,Laterite,1207.7297295058302,29.01099901194226,41.51695854278923,99.59938802741661,34.009659746816936,69.599087556504,6.375108008724218,0.8054659406014979,5.24
Sugarcane,Central,Red,467.40369044791794,29.739304937835726,74.05764451062697,93.09193508711263,60.12666568045468,36.78560953448772,6.512127789650062,0.283413578342207,81.7
Rice,South,Laterite,249.08452206739946,29.331069653552575,73.09570368711006,93.81156011197835,21.127886533519685,28.408696905442962,6.246483154805473,3.0466901942167266,4.34
Soybean,East,Red,1109.269017503578,25.66191139049603,65.25987064029616,44.14868817067897,42.5078388810326,73.51596642024957,6.891568670563922,4.422073502969623,3.18
Wheat,South,Red,961.7438044631575,18.189756122298654,64.43594364069195,71.73483583014794,21.91758719016978,33.94268261731688,5.611316378436053,1.1852233145352622,3.76
Rice,East,Laterite,1112.0894324992141,27.778154432499143,51.43135050383961,126.63251551729412,64.60651207369612,69.82294820568553,6.686981635985371,3.53458043986554,4.45
Cotton,Central,Black,1562.4126407829517,26.93589694211802,75.4523588464419,54.40313812700295,50.47015094002239,35.82746221623932,6.207055226643175,3.7627769477232875,2.5
Rice,West,Laterite,628.7974540262844,27.61965959351804,69.64870000619686,94.45939469388837,27.55938768941961,53.692168001308794,6.089035984478349,0.30092605170186676,4.84
Soybean,West,Laterite,1011.4563682739289,29.82615974438275,57.790578604091635,63.59461816845075,43.20697587085021,74.38975736605323,6.85698637197417,0.9463713932811261,2.8
Wheat,East,Red,1443.239825674776,24.931912095511212,53.224806071229644,92.68700552967186,19.443151735084914,42.24022923424174,6.500502757842024,0.4165794138482185,2.76
Sugarcane,West,Alluvial,672.1029659510023,23.898545573963194,47.09863057787789,75.02591861104284,12.811850118850352,34.863379751640295,5.705390071456339,2.217634126901906,64.04
Cotton,Central,Red,824.58188926815,31.504215613069633,70.5728144802469,110.1624276362175,38.5769285554041,50.7259425386015,5.7921329732749545,0.9798612217059088,1.94
Wheat,West,Sandy,469.8144387995203,25.355765916703493,61.96634424375482,81.03145099901118,28.635625503586187,25.165204064669297,6.660679104391585,2.2038845418155746,3.89
Soybean,Central,Laterite,1671.3547777505748,24.53140753939318,62.157555118989826,104.86754704569135,42.97474873821756,58.92207674619431,5.87393634343073,4.172952902608188,3.56
Cotton,South,Laterite,338.63784814965754,24.098785770777795,41.58228232215658,132.78144460562305,14.858657090129721,30.377307780462147,5.174261781112813,1.0646172929033686,2.09
Maize,Central,Black,1239.5757107930326,29.972844434576658,48.57237622796812,104.652250348634,31.65598863947136,16.870206841687835,7.159004758721797,7.145663125878599,4.14
Rice,North,Red,604.0600117659463,25.951170777760606,46.94089479138266,94.41427156337697,62.959547153420196,38.53283600359793,5.509760075368438,1.0505729394360384,4.06
Soybean,North,Black,684.7323302803911,38.06403894722916,76.53125712877362,108.93272315358593,61.460807464533715,33.460848768073,6.214946132213257,0.4809219093100862,2.86
Maize,North,Laterite,1319.1861811669653,27.287239575499605,67.57549896112745,94.06602729324874,65.09457169448505,3.175355062445391,5.766940619702945,1.5069532255198415,3.67
Wheat,East,Red,777.2468703116671,20.966989405096612,60.75523890513594,64.80017821146238,73.89547518695699,40.23210909504343,5.7458110989400915,1.0184489252458369,4.05
Sugarcane,East,Red,1195.5362713681209,24.815629874110478,81.58341358233541,58.85292531190566,33.93990029210872,23.686458455492456,6.772113722045532,0.26706623255311274,84.0
Cotton,East,Sandy,1414.0094751534975,30.276603977766534,79.4618905436963,97.25358916335006,0.0,33.28342888302012,5.975569722366572,0.1,2.37
Rice,Central,Sandy,1060.2090956957086,23.999143622528067,81.58153516838874,64.36741011476975,56.559140232876345,23.64886287258902,6.321294230151259,2.725188267448298,5.39
Cotton,East,Alluvial,1266.7857547642488,26.913907608825017,61.369339550091986,61.94165778470533,23.251375421011137,49.95249810990745,5.050582815045307,5.4019352851981095,2.53
Wheat,South,Sandy,1024.2019586808049,31.892277021562904,43.78446783668903,75.23484839602827,70.89362550473516,39.817017478339686,7.899797300920037,1.1613324206890039,4.18
Cotton,North,Red,1038.1018255835638,32.644337764750354,90.59748618745905,36.847222119176614,41.24266243605395,18.198071250386608,6.786512667746266,0.1352884426853773,2.34
Rice,Central,Sandy,809.5212712485318,24.377910792336717,72.86313184258991,63.65286036531274,64.5349818822703,61.220463938983755,7.617074880020366,2.6991004189890093,4.21
Wheat,North,Alluvial,1578.657830101938,25.715884931174553,73.17399834616405,61.61043713693071,37.684712717461785,44.716413159608216,7.522030301918189,4.035894793031719,3.62
Cotton,East,Laterite,1222.853348234599,27.48412330845267,75.13803624192084,141.54907956684275,29.80691005855816,32.61765780701115,7.450072216683377,0.7820982968332025,2.62
Sugarcane,Central,Sandy,1156.541582335802,33.71163229741595,100.0,98.77779206229366,50.91150996675981,28.66478479795485,6.301897831165142,0.5020967719767123,92.64
Soybean,West,Red,1231.088427423881,21.500983551778997,63.49339208340351,69.46610369693451,47.338671879149544,39.12994314920072,6.536683952206472,0.8221313215686326,2.47
Wheat,South,Laterite,796.8128994650971,28.798623982308225,86.54724236444041,60.82818017742737,22.820341130230762,21.063645975693532,5.702894133558185,4.778798459196047,2.56
Soybean,East,Red,1279.2915657557346,27.27720425416108,52.21078253091329,19.051437921699183,39.48071944884159,59.81814544899454,6.570371787488611,1.0824360873522614,2.88
Wheat,East,Laterite,1466.764234447574,22.514899141267637,77.22848364029747,43.38350595417408,31.362545400122524,57.08333094538594,5.504547763462539,2.1235461073014994,3.24
Sugarcane,South,Red,585.7907134898692,33.18669180424022,91.75162853763734,38.497121681173994,43.063460025951905,35.154674555832415,7.630097016345573,0.15452918444940214,94.32
Soybean,South,Sandy,1162.4688404615058,31.951701806402603,64.29556779341247,55.582774198945444,39.47890785261787,34.17261736515558,7.217429107463791,0.6612874546085183,3.15
Maize,West,Sandy,1018.8370209501375,34.6913835215625,36.216105963607234,79.74122556642074,42.046841868308704,26.759329964746648,6.998283554884239,0.5176084987658731,4.03
Rice,East,Alluvial,844.2445190873515,32.901013533339615,73.50518942846608,75.30393763928998,40.23253365187808,44.075940250603885,6.0508760108935356,0.12934210789016828,3.71
Maize,East,Laterite,672.0232028664414,27.050997714218347,61.74637815345447,57.675968348894926,34.71135935272774,44.19769541456373,7.434486008411751,0.25705907111222587,4.09
Cotton,North,Alluvial,1315.5758988963935,30.09712285028612,77.66388112487212,78.72742085328277,45.39463956902054,50.75316745743506,5.235289152249779,1.0777793249006797,2.18
Sugarcane,Central,Black,1062.3968988774868,28.659169936194203,58.003834583238685,44.171321407289575,28.623248243429586,44.36218202530655,6.415540549216868,1.6329127362761333,96.56
Maize,Central,Sandy,937.8609989493377,22.46458910605106,100.0,91.10445810966381,64.72668702228643,26.660166006175135,6.622515444661716,0.7476969769277205,4.45
Wheat,North,Laterite,1162.7146340499467,20.477970693032965,66.59647747321019,99.09923265529515,39.76111315334214,29.155392540789883,7.803276317729036,1.087736726259785,3.09
Cotton,Central,Alluvial,961.7557637442645,28.845048178585596,76.8661726467211,92.32212280947653,52.63342051732933,42.21346813804655,5.463247166742113,2.850008699236753,2.12
Cotton,South,Alluvial,788.7784834758762,27.482364994674548,50.004642923044145,107.34786920422037,31.981190974477045,29.620299246252987,7.584678398212466,0.5678763913228194,2.97
Maize,Central,Black,1038.6856143836646,25.317932831460833,47.37397173143056,42.066143203533905,33.63424432265795,60.71137823017996,7.426024352244892,0.1,2.9
Maize,Central,Alluvial,991.5982109254444,26.538155651320917,45.54686138527687,80.99459611435095,53.83296768899147,39.75681557774732,7.469175432519277,0.59408836858064,4.2
Sugarcane,North,Red,467.7436145444907,35.847319143680465,45.647756260576585,56.1804358768213,51.39629144661037,18.416061825040664,6.041256873026829,5.086800670421937,66.32
Rice,West,Sandy,811.1300215672172,16.101950933776827,75.17695699498536,51.20441681734367,38.159279083846336,38.63898679051443,6.859683376894481,0.1,5.18
Maize,Central,Alluvial,620.6814996396778,30.19948163426814,55.95481515384542,44.634781293364945,13.22707734492814,37.07377920634509,7.2221522399230675,0.2760880316663014,3.3
Maize,Central,Alluvial,504.57931745329034,31.212605705352438,45.94956632210821,141.96107957983446,32.13925929060083,60.337641389491885,6.735343767238737,0.13458993548571757,3.94
Soybean,West,Black,1140.3098118767857,31.83862048336828,54.54963315445011,102.7828860401001,38.67401614810437,40.677300086339294,6.785487639559887,0.9461830393697136,3.62
Wheat,North,Red,799.3699210510275,20.10823011764422,75.55458562866808,120.56294979841903,29.76421047107536,48.956227244770616,6.88885917630383,2.086816187695962,5.25
Soybean,West,Alluvial,1312.4218886557376,25.53403622298478,75.18030533669562,88.81903677663342,20.917224569691626,37.78194804164019,5.990035323312714,4.82355394866411,2.95
Soybean,North,Sandy,451.4211050968174,25.284286065851067,79.95352777328476,59.30304476699669,52.81016316172335,55.381301384017675,5.9774395021832305,3.1604057391515137,3.14
Cotton,South,Sandy,910.6738195500322,28.45992921438029,60.77708183329139,96.7966528011802,37.291884134358014,59.835279235713884,7.121046770126734,0.5772474662581757,2.52
Rice,North,Alluvial,815.2221072170674,21.352963728185664,94.95681770010785,138.5674959064112,67.13334702766696,26.34571607288246,6.018505898802427,2.0148390176836846,6.43
Wheat,South,Red,526.6105977389882,28.89238766217853,81.23020054155378,93.1167402431792,37.48583843244534,31.203293736274574,6.765404823105592,2.1803635925866565,4.88
Sugarcane,South,Sandy,1001.5261096544431,22.576168920367916,47.38764177826734,77.1860791929698,42.66165926494224,36.834474676393754,5.474666332639052,0.1897479884565977,88.77
Sugarcane,North,Sandy,552.8006361106202,25.512100002932538,77.18208705841519,86.78981606868138,31.168129249515115,53.82859513466288,6.329044101056105,1.1142077499953347,97.27
Maize,East,Red,1066.8147518866856,33.72526522030557,65.28662708650654,107.88542102358547,62.66569033088018,30.35308638699398,7.705113462672224,0.7457536546279956,4.49
Maize,North,Red,1216.227627782036,31.21076883613015,62.523884901939596,79.59866491530268,35.46461448564737,6.6639281559030366,6.673826866824964,0.34184696420791616,3.34
Sugarcane,Central,Alluvial,1080.265952897427,27.619135398814638,65.14764458542965,77.08135886807966,36.95620559460585,52.142772388826536,7.453751396144343,0.12092652795907245,87.46
Maize,Central,Laterite,1118.165048792761,20.03870356301933,55.01063538096797,63.05959103258804,25.716062132539747,28.40315433551629,7.845948214052765,0.1,4.1
Rice,East,Black,1309.3704715222004,28.66190185691354,80.13495017638006,88.86800576943185,45.69403469152462,35.00150892762569,7.22424172512541,3.9141455301287,3.83
Soybean,South,Laterite,991.9709796618886,28.997966648439373,56.32650473204747,48.27233059117194,35.05202635998679,34.18821843850128,6.850843812176541,0.8028738231105434,3.17
Maize,East,Laterite,752.1917071344438,16.502927516636106,56.59753835398433,70.38207760765849,25.460682097531357,8.796848800568043,6.418580980041174,1.3587811983006515,3.78
Cotton,Central,Sandy,817.3145484531626,28.754244881535254,76.4029033294955,76.78801642968043,39.27192485520547,22.337891719747706,6.3294580533479925,0.6895839601679137,2.15
Maize,East,Red,823.7877655905327,21.61966890623515,97.55714491402486,53.500309788601555,50.86746580844891,52.8531233385041,6.2432267227247475,0.36269813114601995,4.36
Wheat,North,Sandy,686.9983895369196,19.602123864904154,57.546128897421475,79.43619483768184,64.72218329751185,39.451273972430684,7.3810670166389105,0.6057276986873987,4.22
Rice,East,Black,1235.263391032707,21.390092888817886,46.30212379675103,103.83653783580732,43.53739653527028,54.34528070777964,6.674625792201095,0.37262565168085127,4.52
Wheat,South,Alluvial,1158.0708486050119,16.19260563307779,82.09766776856455,116.26298039217609,31.741283729089712,64.26239862607756,7.1862604394193355,2.8366233080889165,3.32
Wheat,North,Black,500.49902947574867,24.962067027058914,67.9256350201864,74.0829904927818,46.850428114452335,15.509061883681756,7.819044138079393,4.761389782134885,3.52
Cotton,West,Sandy,752.102661155398,21.973600078067914,72.53525335865847,68.62453025099803,37.89374920378634,35.030848578259935,8.046587602178798,1.1400957649362142,1.96
Rice,Central,Sandy,672.4043935355601,32.702920628184835,65.51492161964674,73.47780164808839,40.844575939208,38.34249189045824,7.059810552368993,3.4623561880222598,4.19
Rice,Central,Sandy,1095.203801726023,25.204692960668066,73.90392119985839,95.64302221754916,39.96862742078945,62.69837637793157,7.056263433817935,1.1095094289524132,4.74
Rice,East,Sandy,1322.9528533370067,23.40086374159266,70.45830696703574,64.40388294027143,46.920646076005205,23.796492925584865,6.340059490749881,1.184005561016413,5.52
Rice,North,Laterite,1134.455807002535,19.035008296979353,57.14808436243298,64.36751299802471,48.92736502811614,44.92471570971708,7.2533753773861,1.3276260235192017,3.75
Rice,West,Alluvial,789.6422615060012,24.860358553492624,75.55816470360087,86.77582429590151,39.25859928100137,59.270984261086355,5.82191797875999,3.4322243783036597,4.07
Cotton,North,Laterite,904.306509298434,33.76724476349739,72.50150871169737,92.97001284913323,92.76951056490377,53.35484222917825,6.580165832556618,5.507917356202904,2.44
Maize,Central,Sandy,582.1446230295098,34.73659510851821,59.43200559105685,85.02188154087635,53.77872827671627,47.670195843302736,5.686739802145578,2.728620478231755,5.07
Wheat,North,Red,605.1512449654479,25.17629796098882,62.404720670038884,83.09848022993573,8.81111285702698,29.246218156858355,5.467330762828783,4.386444681995406,2.92
Rice,West,Laterite,1253.814914477408,26.652458202164933,53.21172598125124,67.8889268764958,34.79721381574288,56.316035669948526,6.757762902738133,2.0585027273544023,3.37
Maize,East,Sandy,1433.2336609393765,30.514513431514562,71.92832401759135,80.5086016570296,39.709118881872065,15.906457491362332,5.718005926114898,3.6559015232149097,4.32
Maize,South,Sandy,785.5694413571299,21.8722952018798,72.09240732394102,20.417312533405195,49.138184733186705,47.52301159836622,6.071103826838864,1.6275751294622922,3.27
Wheat,North,Alluvial,1014.435646039759,28.845306911087164,64.41883230624943,118.74448671578367,67.51128094590113,14.018146188401897,6.848924304001981,2.9630202181179732,3.8
Cotton,South,Black,1216.1571280003807,38.83364651876671,47.91909199997339,84.02800029793558,29.208884633918302,66.80175789491405,7.265880188703041,2.4432658187602496,2.51
Sugarcane,Central,Laterite,500.84733944834494,30.825569336984774,34.662078284851816,132.59932016325484,57.26396696448658,22.782747744431163,8.078553219592237,2.7666937228064623,96.24
Sugarcane,East,Laterite,685.3940165093211,30.666087667737884,61.529112613112204,112.21571193374996,43.05419529498671,33.079016957719766,4.989527384784278,0.534129892379533,97.17
Maize,East,Laterite,1598.0906455733752,33.71906556730643,68.54922906774618,59.62253314857347,44.93689127202538,64.9949314862896,5.812103211158139,0.3338832908278099,3.91
Soybean,North,Sandy,712.6850506331775,31.518920689121334,74.6701576466759,70.89749882934957,57.914633135379304,46.730944461178424,4.994494779699103,2.117031168673888,2.55
Soybean,East,Alluvial,891.4497071742526,25.735903423360796,81.99210175380196,52.44453218404763,15.044330070949439,29.104239464713622,5.485522488092766,1.3189886826301342,3.07
Wheat,North,Sandy,819.1196918811904,21.101011953487635,59.64335599708237,63.260587607183595,48.02267332410731,41.80291241788721,6.919726258721745,2.893448530489924,4.22
Sugarcane,North,Sandy,401.566192633008,26.332529599660777,41.268754445899916,40.90398600451755,64.78704882164806,44.3829181195899,6.476742961227953,0.3168296226971158,102.23
Maize,South,Red,1024.8167615513253,22.151593170265663,57.29485063475856,56.90959251668252,24.130929875752923,46.34290302440337,5.218475982251786,5.901235561115908,4.41
Cotton,East,Alluvial,992.4245127103396,25.590607357774733,97.7489944829878,54.12245769448863,40.034926950499255,36.84467567011518,6.765358146697137,2.4350424619453315,2.1
Sugarcane,North,Laterite,1054.2553643260371,22.643762629266167,89.66349885481776,102.03823796939456,50.17515648683199,35.16772778814519,7.737391444933317,0.1,113.17
Maize,South,Black,974.627332795595,25.05064433556859,71.42134563871461,39.4860537104013,10.649012134174065,50.31272042078031,5.658086495602774,1.7185634030811343,3.34
Maize,West,Laterite,862.0417177035426,19.573370341121816,58.525876884199604,135.64684986602836,45.03957352609836,36.20386132760187,6.8373854150518865,0.7497359584430121,3.15
Rice,South,Sandy,844.8183398943834,23.53343116994169,63.63081328765417,71.95601080743043,36.08856202574504,23.891703933393693,7.778450269283338,0.6422739190993357,5.64
Cotton,South,Alluvial,849.9471912520123,29.027565596608603,90.72049064222874,113.67802955856568,61.02709914065538,35.266148282527126,5.793886614834552,4.648939149775983,2.87
Rice,North,Alluvial,703.3930843459225,30.28968953741554,68.14986447885498,55.89559327546911,28.907900414768797,39.70167359371863,6.433341576029564,3.615151126384212,3.18
Wheat,Central,Alluvial,749.8586162838076,29.204720935970368,59.292420256259696,99.45377496164885,39.369277125863,45.18687786362966,5.323535272757183,0.1,3.74
Rice,Central,Red,708.4258960808925,25.120088394976968,84.89374547761426,43.2888794546871,27.926400124868294,42.93829975147428,7.582815666856254,0.40098264813550355,3.93
Rice,Central,Laterite,1172.0231481685703,27.62411292708916,35.784873033377735,43.14878611730142,38.214472910217,20.198612615866587,6.834013390127094,2.5425901288333117,4.18
Sugarcane,South,Red,1091.8307711374036,36.719834118875646,49.93158007977597,107.36233381313608,29.234276381808918,47.47689435562551,6.01322055743564,3.770259363310763,114.08
Soybean,North,Black,1008.1401544545512,23.396259588260953,52.925725710510655,76.9518663737745,34.2166934652147,36.87355098113135,6.351291752667717,2.5288882850047125,2.93
Maize,East,Sandy,1582.679563257976,35.02460396328818,80.02439014065142,75.04445800254204,22.804568450974806,31.569253218032408,7.249558173767399,1.490161694195596,3.22
Cotton,South,Red,722.2914070166721,19.7807026694718,56.588287707769844,54.91797002748731,29.559610237661953,54.03428327753753,5.220524802067089,8.343812541463256,2.59
Rice,South,Red,1335.633044575989,18.455812637392807,38.404578850417465,58.21916219352937,28.739435317612074,29.153517465982947,5.845019836811014,3.1918555187954887,4.09
Cotton,North,Sandy,921.9909476536686,26.263592373101776,54.61725653005226,40.099711725688245,33.1203139700158,66.77488893001562,6.676577906821457,1.261954109629988,3.31
Soybean,West,Alluvial,1047.1494054820794,26.812758174551522,57.93566648437632,66.9173394564863,38.251437902314045,65.31441211988269,7.213725492728835,1.7516247260436597,3.15
Soybean,South,Sandy,1201.340869438235,21.34684316749395,63.98758460945162,86.40562447363376,0.0,55.12331949180805,6.865000581242737,0.1,3.4
Rice,West,Laterite,856.7390386924163,25.354434391627418,66.92349262620996,81.9807773858235,42.14361787209907,29.909209100281053,5.342566070685682,6.68974791036053,6.05
Wheat,West,Sandy,682.990648547915,29.013091990045634,79.51510483560135,82.24405562796659,58.586903478118415,48.60120940111156,7.2988793040904865,0.9011511629957881,3.58
Rice,Central,Alluvial,732.4672506924983,22.125661620965055,60.31950705878965,28.674284944847088,51.30884532350105,44.030238835879864,7.44426262067029,2.16657480069968,4.9
Sugarcane,North,Sandy,368.11485488993014,32.07956058555258,56.25865477753475,84.91810587471159,26.99662947033595,29.177564822761497,7.304057637276518,2.198926655016034,74.18
Maize,West,Red,1182.0388471963856,32.625809370071664,65.70044946499046,72.02914449244348,55.34115598286397,56.03961198051438,6.516259555338516,0.11725505421944954,4.02
Wheat,North,Black,1174.8218879980357,33.225258432668355,68.63973384322847,60.35022968909709,27.86852113992449,39.99547949647578,6.044532625514534,0.6180916533757215,2.8
Rice,Central,Red,1475.0951668277153,22.460500220972712,55.98005183873372,49.12190072205461,44.39309368353911,3.2233084413849227,7.655461457426762,2.135344140188661,3.93
Cotton,North,Black,1124.4786727206128,23.11066653628328,39.45476883301775,96.5986683061724,3.7516201445583235,62.171825557804425,6.12585567295348,4.864420054436026,3.03
Wheat,South,Sandy,1196.5674242279083,26.135634623101375,57.65151494916257,26.847605602519614,49.14256720799514,62.64231241265031,6.608081461461023,3.0158669564613607,4.58
Wheat,West,Laterite,975.536093239193,25.638787412719807,77.11153685043926,49.165360191108235,40.07535740321151,39.03982525723727,7.240662610958893,1.7356604042186758,3.8
Rice,North,Sandy,1139.4637662448133,25.37154708588839,63.81777624845159,83.67829684394454,42.079755940728255,49.3060983785558,7.515569903049417,0.5291935015896871,4.96
Wheat,East,Alluvial,1326.877880097976,30.778790234789213,83.6577651441569,67.14755182154826,40.26113857528906,45.17341650234789,5.923550773570502,5.945694091015119,4.43
Cotton,North,Sandy,1054.4416650575924,30.058355304889318,72.53832114437616,89.45490554710715,68.0232535861348,32.86684987267038,7.541820995892261,1.0339167204424877,2.79
Soybean,West,Black,843.6305326483749,22.627175011497364,57.08118590266621,82.40920087840556,53.10668530884433,80.04053240188165,6.0658497247433845,0.32481436571487055,3.32
Wheat,Central,Red,933.9321296315436,21.29418517096407,87.03558073444943,63.01942220684037,50.73931354502053,30.74092576411912,7.141778137734785,0.1,4.57
Soybean,Central,Laterite,1225.5590809700507,20.804635135649352,51.964182024084074,37.68005348702111,48.32922855226711,40.76940528675668,7.029348249146234,5.9975119461312385,2.78
Cotton,West,Sandy,852.6209781172508,22.60470954000855,39.87262915021536,98.82871660694711,70.0867292811271,23.225254242997693,6.556042578627231,3.0093936674643293,1.99
Rice,South,Sandy,1266.7198978513456,31.22944820116514,70.16116997586053,75.67741211702327,36.22026481093912,52.847025234949044,5.40691089897213,0.4876731641800308,3.98
Maize,South,Red,1572.5793615072096,27.71664485836299,53.241877681047185,47.11653172089322,19.170667136171073,50.383356508521935,5.693507580828291,0.30578261410836993,3.29
Wheat,Central,Laterite,1270.4386404495417,31.629245853552746,64.14984831863315,27.516686908972325,65.75458855748218,52.91839789843623,7.294783178579766,6.4118145437553,2.76
Maize,Central,Sandy,1224.140770962624,18.499902572181607,48.92036112005162,88.31336003560448,32.872346271042936,21.696398282466358,6.8692453867254315,0.5509576212809767,3.09
Cotton,West,Sandy,1104.2896783172514,28.36695551992645,65.06811057366977,64.11654667345476,47.434640125404805,44.140189855588346,6.946864835462959,1.2395590829402525,2.12
Wheat,South,Black,766.939154925346,28.302955725700297,72.27193223143468,51.3593620306827,47.819935927418875,45.90714955603257,6.27693157292535,1.8875989438309015,3.21
Soybean,Central,Black,739.7254101890762,33.001591541001346,74.48867999066002,109.45177828459828,28.99071152784537,20.256336866749542,6.199433060113292,0.12882193662875796,2.2
Sugarcane,South,Alluvial,736.7132829551529,24.954537789217547,47.925841232559435,33.12588386761936,18.794834681501122,45.85484714490063,6.876250844552196,0.8445102868268443,103.53
Maize,Central,Red,1166.4196206545673,24.60087281434887,44.68817949840532,73.75530953214553,55.98884638365247,30.295281881639845,6.2389178267269685,5.75199734321988,4.44
Wheat,North,Laterite,883.1611338138789,34.5324978915263,70.96223663229715,98.11783625370603,59.02660512809411,35.526054001711564,6.866009212748248,2.4102646527919305,3.95
Maize,East,Sandy,991.3022824243899,26.144933694785895,59.306402048713245,92.21522118184848,49.4996861016854,48.66464211113478,5.560898175656924,0.9170522451716068,4.06
Wheat,North,Sandy,1125.5969291958595,27.88635357353148,56.648559851316875,47.41346106926441,46.0322289940716,42.980814825176715,6.5696010325873555,3.1378418465140205,3.84
Rice,Central,Alluvial,747.8736135224292,29.381493561800397,63.23602086687518,112.93330619729612,19.023981357448033,28.853945142254137,5.923248005850185,3.630303655452621,4.42
Soybean,East,Sandy,849.4228601116021,18.661214481470694,62.44390176860217,115.49690336996164,35.02287997688828,22.983295936236086,6.68354780822226,0.3292289563674664,3.42
Maize,East,Red,1096.864840488771,27.205510678594642,70.60929152868282,105.61044479192068,58.20498587608383,37.53624037539815,5.6277997473299335,1.7666523141972679,4.17
Sugarcane,Central,Alluvial,912.7438392671991,20.77431161123367,72.31267403244249,58.33326705967285,28.296748539799278,43.363497561744786,7.539781494100066,0.9137945101049172,70.43
Sugarcane,Central,Red,940.7646905327213,26.561853190142052,79.7583859651254,74.36717756198648,41.9919901546877,40.21490288072131,5.199280762388201,1.4139368048438805,102.24
Cotton,South,Alluvial,690.2034951109829,25.527181219734246,61.12657822784016,111.45168384013196,46.91740854662042,38.106924362017025,7.342605814671807,1.2662237182960117,2.67
Wheat,Central,Sandy,944.82654479538,24.46815560397762,79.9365796414688,91.10287794941719,47.71963405242944,36.54412538459148,6.248958631629392,1.4016492620243313,4.79
Maize,West,Alluvial,1495.6509933603547,30.133363417843537,73.8127610910982,64.04493535683324,24.631340210006066,61.54325963784271,6.998363526733491,1.4760716878346312,3.78
Cotton,Central,Black,866.094248439716,27.486984110374024,78.09536231264126,74.68142053047767,38.23425443987105,42.83567606795513,6.871533237448535,0.14354292419289966,2.48
Maize,West,Laterite,655.8967554867753,21.695487666177385,48.398460558113754,41.88087811933466,52.68769729779022,43.03889355377304,6.08368642132457,0.39128622131782903,3.52
Wheat,Central,Sandy,1287.4408472834214,21.52578127386647,63.45411255801217,108.73013457934351,67.88555602100698,36.69058512555798,6.170504829037162,1.6703321691768738,4.64
Sugarcane,South,Laterite,1157.006479552488,31.200753290518215,93.42857476894144,77.45186153568034,36.76260623714947,33.61029827811161,7.33947455751014,5.498834201190086,71.27
Rice,West,Sandy,1063.7855327552827,26.811107258972033,44.432143361226096,123.57482722814822,46.167457815274425,68.23605162374434,6.629095246306005,2.7449078500340067,5.75
Sugarcane,North,Laterite,604.4074102502498,19.87949575136117,91.87305697517525,34.35066369167279,22.604920848480656,48.44806916199923,6.281781572604609,0.5453062525633737,61.03
Cotton,West,Black,647.0158950405789,24.917521444702533,91.20924984576568,55.712358853567636,36.36034374698011,51.657468707215024,6.180701787720046,0.8979504266832707,2.16
Soybean,South,Laterite,538.8043450608936,26.21275535392008,75.97943096662745,78.67981923056153,32.50034325203737,27.985653859098335,6.313416201946031,0.8170799775768652,3.54
Rice,West,Alluvial,1129.4594503451342,20.83039055769615,44.79882250033459,136.53377872852224,69.06893540790647,54.8334289923328,7.825074408817166,2.9351535257592842,4.32
Cotton,Central,Laterite,1305.9606785505193,23.81538880890222,61.751268106637774,81.94194312724149,50.996935127950834,24.962256215141274,7.703539301507261,7.165210756796442,2.2
Wheat,Central,Sandy,1139.5802820316437,31.58927276622559,76.88848705147404,61.005023702960735,41.40163028721156,45.00367898056029,7.857124229659446,0.8782685786545263,3.61
Rice,South,Red,1584.9707193149993,39.44814130193195,45.112909507071876,80.4443879305987,11.44418169869946,41.6530750335948,7.820476934256779,0.1,3.67
Cotton,East,Laterite,867.4289010503771,28.51331129966641,75.14347696459201,63.10441658554616,44.62612071004348,59.83413791817866,5.937375039362197,5.5255128994188185,2.36
Wheat,Central,Laterite,902.8991675995487,20.22564393183933,66.61984019725163,103.65793218850496,44.7770647247262,32.54408526443625,6.556486328488786,2.7985821226874195,4.27
Sugarcane,North,Laterite,1031.9685674184634,25.911707923837387,56.46505400231689,101.53361090043171,36.59767249583637,48.386229844630336,6.022040770932476,3.5958250229870785,113.1
Soybean,South,Sandy,931.1504752770057,27.610149590845467,48.211771256388616,120.25625996584131,40.70041777580988,45.888337984386304,7.215952723708055,0.4681075953097631,3.65
Wheat,West,Laterite,1149.6132729549429,30.93171825325186,86.88575069031413,38.94617795544087,67.02246294462299,28.481302409174745,6.373560237134305,2.07498132291957,4.35
Maize,West,Sandy,808.1137183183835,31.04996069566175,76.6516349404648,34.87335076009926,54.23138362629802,48.05271383793202,6.160527713306382,0.5297775107804994,3.56
Wheat,North,Sandy,581.5826965172507,33.82126395170887,62.52582118685829,74.17705020494533,26.71952895604379,37.75100700780375,6.185978092798733,0.1,3.4
Wheat,Central,Red,463.19782630252473,26.992246015094086,65.52235408506151,100.39545879341996,69.28552973581054,39.37033830774783,5.910692391933225,0.3417342672823388,4.51
Soybean,South,Alluvial,1144.1537871296116,27.088392509184384,60.98257413299567,105.61587831558789,28.086202605320636,34.47314228092435,7.065595366234529,5.122894200400023,3.29
Maize,North,Sandy,842.2266638171619,17.560315292042645,37.884211974310375,86.00174024691299,64.240667960078,40.90421119108357,6.926639693795015,0.4849579875036827,4.09
Cotton,Central,Black,649.1377058646473,21.936104230397326,84.32733624609446,100.35103690216596,29.138602415448382,40.63333018047781,5.935739213265866,1.759638693387307,2.27
Cotton,South,Laterite,814.282279000235,20.188741093820333,68.28264040828596,117.8746503197525,37.72923690626019,47.9456989696165,7.227500032270802,6.884865454143877,2.55
Wheat,West,Black,1585.7595707786356,22.79679224738545,79.31571995627252,60.30590238404842,8.312708357718282,44.81942097808402,6.763517230834288,0.1574075775725046,3.94
Maize,South,Laterite,666.7319821491413,21.240640591378266,58.186553292893024,116.67756636557463,47.910245042011,53.20060755772674,5.73424004923824,3.2998651699575396,3.56
Maize,East,Red,1218.1574591049405,21.579037455272637,66.38207285286676,117.4393468298407,10.556182987676138,52.38762458702416,5.6648431931452,1.8204032196428264,4.53
Soybean,South,Sandy,1126.328071434745,32.44639116847657,69.79885400003425,66.20095127876543,43.10990781097123,62.50627687721295,5.764453400897828,0.7813494947689281,2.27
Sugarcane,East,Alluvial,1402.4298454039413,17.382035713846832,80.46737050978703,56.27122252182106,33.480894928468786,50.288797385334675,7.23399308917936,0.9059140738210782,74.17
Cotton,South,Sandy,963.0721385157583,26.00824289238729,91.89494631106682,98.94606889010778,33.64897708636758,42.158240993189,7.6846885274615655,0.1,2.16
Soybean,East,Laterite,531.8966804707931,31.320786292339033,59.768727770731914,129.76652862044284,45.909872394555,56.990375414265344,4.5,0.5909856261848407,2.79
Rice,West,Alluvial,1297.7635914342288,25.492535555015664,59.78574830827807,58.88845633620682,52.29383665328412,41.88767994247594,5.5451562626111635,1.101214878624899,4.3
Cotton,Central,Sandy,925.0533054661631,33.63554213959493,61.31436783675023,128.00808155547043,59.63169188813464,44.34727882414357,7.538095511504309,2.5240060398529938,2.33
Soybean,East,Alluvial,1382.3389389435854,24.002143153418146,56.055490300547916,55.988114969533015,22.45456358577383,2.1807273852279465,6.270579580626388,0.6425561460247484,3.12
Cotton,East,Laterite,1244.7906679935081,35.753716203175856,100.0,74.50104404170054,35.33247585588326,26.49857512856287,7.341701658927511,1.736478297431156,2.38
Sugarcane,West,Red,1298.7608777141895,19.156914550317005,39.77616915356302,51.76357152551271,39.284430513156025,50.49365421602084,6.564785983702936,2.6312082385931443,75.0
Rice,East,Red,1710.5445127976145,33.64487793403879,100.0,90.76875442228035,49.04434333931883,60.120944209225584,6.750333047587418,2.3981754211379074,5.07
Sugarcane,North,Sandy,1084.5994134687874,22.52880855809501,74.58007287890187,83.39138227336389,48.73785242392397,48.07742146211057,7.378523946541245,1.7846187640545428,96.24
Rice,West,Black,1432.856520943385,34.2244921207969,63.761339360697704,81.24177708312982,27.32937738015396,49.125442123475636,6.478441024547251,1.73591256653716,3.32
Wheat,North,Laterite,878.5463397910875,24.659646105316874,52.43552237196073,64.30791798785339,58.02790861839448,50.09142814730909,5.8252355865665875,2.554599433655414,3.82
Soybean,West,Sandy,1162.213418999701,32.522955494515394,64.39301405110237,69.3183889529225,46.15176106391315,40.547989194808146,6.959329746692083,0.8174762031929357,3.23
Rice,East,Sandy,849.3187841284407,33.369004032433956,56.54381200989503,78.33806108705305,66.83463967193202,25.934370242119947,6.17673060618257,1.1964556177497558,4.97
Sugarcane,North,Red,1143.7719517172889,24.110237209112935,85.70538686746099,73.47385232908108,44.75624703352263,49.60356710909491,8.322036963443887,6.7726289598831375,94.92
Cotton,East,Alluvial,1112.4416491820311,32.1094840094247,74.46543803462879,78.93281297454598,9.961169350364255,21.431542566186604,6.375679657956819,2.208869534144028,2.08
Rice,West,Laterite,381.83003694817603,26.86016970611473,90.0637520805653,42.58700328231483,27.64911583831222,47.37833792771921,6.9226532000770815,1.4674892209841264,4.63
Soybean,East,Alluvial,816.4816319029638,19.68698886413405,60.6439082974011,26.228294833184883,37.58481377358364,61.29794442014557,7.239597314342577,1.7269795423068004,2.03
Rice,North,Laterite,1069.094711461703,29.541548528302254,67.12013493398432,88.67430148702113,27.336666721925315,44.32293923130153,7.467580860320643,0.2205870729656903,4.62
Maize,North,Black,322.7821053367062,21.91714431210768,63.53894918641637,89.48986819218737,26.78290128025107,47.881072430829704,7.441069209801367,1.7929210912342857,4.5
Cotton,East,Red,971.2466887884444,23.7349265095982,59.39285466881523,85.85854256219272,68.56583474329486,56.32936807982985,7.440478176074116,3.6218719601084177,2.89
Soybean,South,Black,1302.5410869518848,22.536078480257387,49.564415364617645,93.19399221226824,21.260203378578222,37.80392407593792,6.423847358881362,1.4830607492777708,3.1
Soybean,West,Sandy,1390.0739449677117,28.891086405057273,75.79060341589806,68.68216710867623,32.06012780396265,62.40865635352557,7.135906600211489,0.38934970287472753,2.71
Wheat,West,Red,765.2665858964706,22.072106294062245,70.1154381444485,71.20753757353116,40.99281734142705,55.35523520311285,4.993610746029665,1.1891751623651157,4.64
Sugarcane,East,Sandy,1409.3218520643604,20.86822807276554,64.2914366991419,68.04720735265997,20.269732159897167,42.049046665689495,7.019794811887915,0.6515261249896356,83.86
Wheat,South,Black,1362.4349539508796,21.783141361017023,72.54415940734192,34.74698024440175,37.55375416779009,7.04761862038643,7.05954240870708,0.8917644827820034,3.46
Soybean,North,Laterite,355.63279082834083,23.451103213936026,58.81786971693698,94.36907586849047,4.542062704768121,38.47046585131529,7.174171791412803,0.5098077233269647,3.36
Cotton,Central,Sandy,1034.7375738952971,29.483343965903195,65.22800315064369,99.63354192333941,31.73385943830299,38.30205874319147,7.211144079699861,0.812664885673847,2.52
Rice,Central,Alluvial,1067.9287633635904,31.545361214427388,77.93048329374872,103.2963704520752,23.221274339106355,44.86612824154003,7.221975689707235,3.448556655297025,5.08
Rice,East,Laterite,1455.6385653678226,31.473737749824267,79.97970553482428,72.23036059599403,35.398523863644016,61.89602877284958,6.231272723852093,2.8352081865537913,3.69
Cotton,South,Laterite,1085.915488277523,26.826220629767686,87.92281599073382,62.06177084420898,39.16341036945103,55.30330974448285,6.304801597331627,1.3488044029493664,2.33
Soybean,South,Black,1418.1193118824153,26.697211037283033,48.35668941782464,68.23729486452062,60.23048457725015,43.39087656173559,7.061035760055173,3.051129734538307,3.34
Rice,West,Black,765.7654943808709,26.081377721597747,50.56062882945441,67.11246028678195,30.846502893239506,36.18837206523882,5.091474169386893,7.423492555114735,4.48
Rice,North,Red,520.5852239803407,29.220760104105324,47.721127180886036,29.91336392576902,72.05795446350047,12.528752152638948,5.33462560650792,1.0422385325545003,4.17
Rice,South,Red,805.6485437133682,32.59796777947818,55.27679798404628,87.42855472310367,43.18380115376265,51.512855495744645,6.033037099192838,7.822765519795664,3.97
Sugarcane,Central,Alluvial,1473.0965310040947,26.244510974953617,59.97200847281596,101.09156254915636,25.85763099170979,45.472466377116426,6.175044307623969,0.5644768972780392,102.15
Sugarcane,North,Laterite,1277.7758140019341,29.663178716511734,71.5558953806308,85.41543486516991,42.027282856550215,55.34306716739376,6.740175496298431,6.181748933683765,85.87
Maize,North,Alluvial,1696.738430092045,20.79784771083881,82.46823627360078,80.56370782742506,58.5328770435671,45.669827147355235,8.180222652309633,3.9965902237692887,3.71
Wheat,East,Alluvial,567.0011663769587,31.26337421807541,59.092123711597345,64.31864882510212,23.98394690197849,31.601368643828224,6.143376085528117,0.4441156804841468,4.54
Cotton,South,Black,1312.3965939080686,28.080340461267763,73.60959239095257,99.05065079927941,69.1332342312847,47.61437090652055,6.874855998538148,0.8610843609469115,3.27
Cotton,East,Alluvial,1226.4598599320263,21.8370878100307,84.16993508306896,77.80821335701411,47.982434811255786,45.23634042624239,5.204196591680739,2.461462515519758,2.13
Cotton,South,Alluvial,914.4049788511117,32.34642275083675,58.171134538571216,49.531647036462275,22.839551146308278,55.18464266201726,6.149006114617526,0.42544874791244786,2.22
Maize,West,Sandy,1232.7782774988173,20.79390987988482,60.780541186583655,113.07935258041913,32.1668949503089,36.22348630034911,7.069190057757921,1.7866457163140577,4.23
Sugarcane,East,Red,1041.9894432770454,15.625423554399232,65.9917185789339,96.16685507979332,33.764931338646534,31.069166781015074,6.200182638330473,1.5306063661130844,78.5
Soybean,East,Red,1138.0922546624506,31.233916740975378,39.86568566974157,121.3728558682142,56.62435278468119,42.89701588381279,6.020313980467603,0.6902667015471453,3.68
Soybean,Central,Laterite,1204.1649793010747,28.926844555846483,72.6694660749399,109.07026105057653,22.30932147293323,39.699530480557904,4.845632207754505,0.7148745824010753,3.27
Maize,East,Red,1294.0327885765175,20.944908241488985,46.927267318929566,64.42477982990572,63.09192149658584,32.397078960285874,5.89833319474306,1.4526149958281782,4.09
Soybean,South,Laterite,1026.0434998481212,28.776764406197604,76.8455949143563,72.87275427603208,57.124062235994316,32.17104729286333,7.410525208961447,0.7129196531115907,2.9
Cotton,Central,Sandy,1533.200816383861,32.84939125823065,58.5358651619522,105.2886178032777,64.9655982956495,59.32966454169774,6.157800964959394,0.39752318264056463,2.56
Wheat,East,Red,935.2824025314644,28.30588773216666,57.344058361581126,50.61817763491301,40.88216660870524,39.60201085819601,6.573932600614664,2.9687733480005036,4.33
Rice,East,Sandy,1565.1272862064407,39.19275236537963,50.320190962929104,121.39732690700774,58.523285692099336,57.7742660648058,5.906113226726419,1.743407334691662,4.92
Sugarcane,West,Red,661.6468214672745,22.74492873065433,73.11499123237817,88.18680451654471,36.389244963328906,72.7942363117965,6.264645120609957,1.1512120480313892,69.91
Sugarcane,East,Red,704.4821425962198,15.821711926717084,73.01714927134802,100.69895760616096,55.324707744471446,37.73089533044356,7.459341256308824,0.39994708429832104,103.21
Maize,North,Sandy,722.0469203932525,19.945161720735257,58.172706739271774,88.07462076876016,41.313080649400064,30.497350377775362,6.146538686927839,1.80460543267841,3.8
Sugarcane,Central,Alluvial,1287.058234517705,15.528092452981486,91.96470644484324,81.334708684361,67.01601945415007,25.900436160385688,5.916273504997704,1.980986746358705,86.44
Cotton,North,Alluvial,758.3615442078384,37.694489285816985,65.51448011258914,72.74115050265607,44.0249921047805,57.428853856425654,7.479721670115019,1.3069132369842738,2.73
Soybean,Central,Alluvial,1447.037608181064,26.975297309866267,64.79062120840524,76.33740502480059,27.33026750215963,39.23101765738839,6.476918985172756,0.9327864298957608,2.93
Cotton,West,Alluvial,842.0578867381414,36.69551026947222,65.88958749264071,13.231490967856928,62.69346096544801,42.81924934471376,6.260107947474537,4.038526004299549,1.89
Maize,East,Red,1119.7857094745136,25.227232503186695,54.79521804218319,94.06899523649905,43.12765567928654,35.99703390575989,6.643210871150567,2.4402708183152035,3.83
Cotton,East,Black,1192.0262576310206,22.474558205844506,50.092325726405534,134.46833189654672,31.95039123363364,39.82830828318767,7.350864859579221,0.8806455773453297,3.05
Soybean,East,Sandy,695.2767030702033,18.349625608861313,59.39703973386132,59.270237457685376,31.239136355309192,80.70158821746475,6.605474900373746,1.7983287034777615,2.5
Wheat,Central,Black,582.7679689690884,25.01623284808796,74.50975423188135,43.2970277977842,26.648978725066616,31.90064866754083,5.946004402345499,0.5324443447368383,2.68
Maize,East,Black,1084.8649600102538,31.221043244174012,37.230327503889306,119.21918144693359,18.51349696308713,10.852654718558753,6.598189887987088,0.1,3.54
Wheat,North,Laterite,916.8275109302608,25.876938837652503,42.507058916974174,89.43975563776186,33.66662580191034,40.38769473339428,5.247346479964048,4.062786037774501,4.35
Rice,East,Alluvial,1149.5347023652612,19.012462126235977,55.88668893918008,102.61655977180365,43.072631955465184,33.32897169591556,5.768905684360674,3.417290658780211,5.66
Wheat,West,Red,596.3025762086081,30.26562307524015,38.08875141332592,92.58250313058824,34.28189089909232,51.646566027568014,6.7683138562713,2.039989662015821,4.18
Rice,North,Alluvial,892.9728496282648,31.19398810500547,43.749345365829285,56.81655181804713,0.0,41.30286159571779,6.524027808724901,3.335338145514525,4.23
Rice,East,Alluvial,945.4487075224293,24.350726447031295,77.14193454474446,102.72140010827361,16.943908334266013,58.43197466866869,6.81738033534052,3.03574774369413,3.89
Wheat,East,Black,268.7590790678222,23.72472644863169,58.426064837804034,67.67530360205396,54.1011799524565,10.747508134309662,6.844325749939992,3.9358894981388928,3.47
Maize,South,Laterite,1298.63718128715,18.453271405790534,52.311534997953316,59.35065088963299,38.28328456907564,49.85774990383108,7.1593657869549165,4.448731636076725,2.6
Soybean,Central,Alluvial,772.7674464651724,30.140339984659846,67.09936020056928,95.96081875593767,14.410684172329471,61.857938256401276,6.588487865195558,3.4163435757753073,3.51
Cotton,North,Sandy,1449.748402501777,24.688354914607782,66.72486346586763,84.31936877899815,34.6665967214148,35.33886073138355,7.310199271721686,3.817693097642001,2.02
Cotton,South,Sandy,792.1507846257572,13.606099330001964,82.4690493794461,90.32837492573847,41.869211574460614,35.1167094584745,6.867827536716822,1.3930890723126323,2.07
Soybean,West,Alluvial,843.6019792021146,19.574564730878123,38.30685321238083,89.43661884781916,54.330280018878724,34.58556135183118,6.912282004629322,2.4620538884531493,2.42
Rice,Central,Black,627.4263644318567,29.811091926986425,51.10343491585325,100.75746722943887,29.704407198853666,33.062736475949954,5.8322837957568,0.8106701705110915,4.53
Rice,North,Black,1343.9838193265787,25.290431472308356,56.04482258570723,112.41782246154533,49.51413345020838,57.72669017837514,5.927124154088151,3.948461068861877,5.3
Maize,East,Red,1136.2485548530594,21.322710545066357,70.86704742164645,85.28845333557449,39.667077873825086,27.302633024976423,6.0799900023291285,3.9121926116835035,4.45
Sugarcane,North,Laterite,1420.040713339752,27.26896438923699,100.0,116.1149616282236,34.439787130908385,50.35429579884288,8.021696260019818,0.136862799022928,88.74
Wheat,East,Black,937.7953019684962,22.799763029089533,73.79571615959792,108.29227377845135,53.09544695199708,18.315513950297117,7.595750565271787,0.8524170885245286,3.68
Rice,Central,Red,987.4852759650762,23.786129259865422,61.01184226711303,98.49441820696984,25.82624756722138,22.28663446763966,5.792098795138252,0.37614364330973726,5.45
Cotton,East,Sandy,495.39603046890124,25.65235289677418,46.80077155893351,65.63107954645392,54.21014471585922,42.70163364208259,6.483838625605737,0.2919019622575861,2.55
Maize,West,Sandy,812.7866869391471,35.42745885854702,44.923667588558736,104.49260556952277,22.878913377541142,24.9021114294241,5.861423835918063,1.071920311857011,3.62
Wheat,East,Sandy,1051.1495964301869,35.40381001296917,78.54717907314186,90.68937420747054,31.35518872654302,24.264120576770907,5.883867940605228,1.965189071992547,3.71
Maize,West,Alluvial,1116.1602512399218,17.14410212820905,53.07833613426479,46.441924353208535,34.23407702919003,58.80615135335734,7.30752176148861,0.842353155486492,3.12
Wheat,Central,Laterite,1547.18124199158,26.676954274600224,59.68874950627652,50.393529349306256,38.33735301414931,48.071987014313684,5.325290541029581,0.739853204812589,4.2
Wheat,Central,Red,444.71585312732407,19.73896707539701,89.85903614771696,49.625692848341664,1.8443272935885204,41.45023006742397,6.877454729433405,0.19844233815653367,3.56
Soybean,North,Laterite,1068.8364252411634,21.683807656939628,39.280660692018245,50.17100629727934,41.583104013971145,50.33980465940261,6.450026170109566,0.9655125244348998,2.3
Rice,West,Alluvial,887.1288171708081,17.7055543076264,69.05725664164869,52.608960345601155,12.59283824867039,19.720531696502633,7.297579536073197,1.2734494118943311,4.08
Maize,West,Red,1022.6510779714846,22.661336339397963,51.44541544953557,100.91305647526447,42.51451135409486,26.516562276868505,6.654342576468593,1.0173425304076344,4.48
Maize,South,Red,1030.8148753930682,21.0339432253425,89.54406356877865,82.05402042847145,44.114915658813,44.17441077364894,7.697048715172539,2.2793956510747186,5.06
Soybean,South,Black,942.6446313249297,32.127702886718154,50.921326212623725,102.070525617084,54.64965157696076,18.71936758739794,6.530498067179798,0.6797989710443542,2.94
Cotton,South,Laterite,660.067624559962,22.79034878062673,75.03375758792077,52.00013599745273,19.970278605556185,19.241677149910206,7.262832413472346,2.517862459748124,2.46
Cotton,East,Laterite,604.3668428481506,17.270872330769173,37.87734946772207,41.45380281865362,43.43992741585995,35.52572465749995,6.674787470147311,4.287223075999228,2.09
Rice,South,Black,920.5264645610519,26.985879984553506,88.29917222066238,58.420591450457465,39.284555467559315,43.25680006742447,6.559205909060452,1.7892556473136652,4.84
Rice,West,Sandy,573.8147508955128,26.115360628876687,78.795857800621,97.32295837143478,31.483849720673675,37.11948066234043,7.4726564181860375,0.9842617861241973,4.9
Sugarcane,East,Alluvial,966.1287162595349,25.682253979561143,56.657106848252305,98.70284793260862,23.877219740428064,26.801209628466104,6.5642023002759995,0.3961529549447101,110.07
Soybean,Central,Laterite,923.9891673583229,30.049993350188537,70.8947465023975,74.32258643762046,41.21262223339167,27.533907263174623,6.63844660162686,5.388996702401142,3.46
Cotton,North,Black,264.98940948704,33.15946920106121,79.35990099147273,88.06073713128511,60.05379946521767,36.767747025956574,5.942908068642878,2.7874890070519394,2.53
Wheat,South,Red,1580.0839228517596,25.60917960154186,67.29248421136398,67.33509972229811,36.39097429896342,51.62298755101153,6.5303866643306785,0.5658962300941003,3.56
Maize,Central,Black,1023.1772998437758,28.32841673837648,59.17179201106788,61.8590381434916,58.80619873898296,63.17546823173444,4.5,0.32653203027305294,4.04
Rice,West,Sandy,268.78295794763835,25.736420276751183,63.5286980274829,89.94134006682864,57.18930011842702,41.43821980669914,6.151465755283839,0.10113493235750749,5.78
Maize,North,Alluvial,1074.1398796626563,29.532461169032345,66.65037387333861,96.57221707198396,7.9114447049209815,11.402629966958646,6.765667592762438,0.4228079054727992,4.07
Maize,Central,Sandy,938.9832041945411,19.651534619975187,65.84513725952458,124.7626679212256,27.111547088403633,53.51577952981004,6.383181389409566,2.636338709528857,4.42
Sugarcane,North,Red,604.6702930837988,30.086722101275626,71.51779022312994,55.039481096914116,31.768619676157734,50.278478594620914,6.326078961235638,1.9859850087987576,85.89
Cotton,South,Red,1092.7908822322777,28.415105740519643,49.68131017844641,51.917895373348486,59.85718862490455,32.011796629625984,6.955015857925431,6.8491357735221525,2.33
Rice,West,Red,717.3538434431196,22.20241674465051,55.27695527345414,67.61675254730079,39.700920732263214,37.17710320555489,7.754133520993375,0.7771303128441641,4.84
Maize,North,Red,1057.9097886497343,38.04173893239778,59.14751289455249,95.32994603707273,59.35986833017944,61.88036686449169,6.180080040712069,3.089175681920743,3.8
Rice,Central,Black,789.5470979832489,20.202839013249026,72.06504463562035,130.19425052725126,37.9539592578394,64.08148631036761,7.192238653875666,0.25671009357193864,3.82
Wheat,South,Red,728.3262647560043,28.648867088502147,42.07909692881414,83.54131949355178,59.78061777613671,28.354223286773987,6.4846270773511785,1.653735228891749,4.97
Sugarcane,South,Red,995.3398455893744,22.21395192697904,67.30851466143193,58.447259003849624,46.78501354016078,73.55027901683334,6.919646652982651,1.2576827684390683,98.95
Wheat,Central,Black,513.3721065488596,29.890013127398653,76.71176856735441,51.52328309031121,38.56400181260323,47.25945825770384,8.10750917329081,3.642781744802236,2.59
Rice,Central,Red,975.238832316965,36.99820235904125,65.72602393550412,65.43867331335244,57.62078394146675,78.07965059786957,7.244416806643253,2.4186624820661264,2.98
Rice,North,Sandy,1197.176133403897,30.87777108545033,66.12819754895045,85.73451311236396,32.430976153345235,20.155851306524227,7.505477986870512,0.43212580729280436,4.47
Cotton,East,Sandy,1381.1832372206622,26.419769765426693,60.46246416948143,97.81471641242081,70.31095197587868,32.36967208382999,6.176330210239186,8.255943031319408,2.81
Maize,South,Laterite,1326.5704641982427,31.643027590327836,65.93359332343195,85.46447155034537,18.076478147023913,7.796951552002902,6.429298661413739,3.4648314813231296,3.31
Maize,North,Sandy,1405.9991547565978,24.0477556711212,58.383396685177026,62.00388050170769,33.5420487854681,37.31573532696567,5.637483143788529,0.8758641712489302,3.15
Wheat,Central,Alluvial,863.5857921311153,29.44488871356669,62.504247474718795,47.30160026403086,41.51181985776671,52.66424324508266,6.014256682207918,3.497747745915147,3.87
Sugarcane,North,Alluvial,692.6092745485569,27.438751014410435,58.375171330939935,96.39548449973145,28.872842548630636,67.8372182724969,6.662036689381712,6.288958475000228,89.31
Soybean,Central,Alluvial,1244.6069084810617,20.9170876580256,62.309334918038424,66.23292130884724,45.91545595155634,29.47833178588065,5.944299459392856,4.41968257945618,2.81
Maize,West,Black,844.9319977035291,35.543046467084274,60.236200143453566,68.30293330408101,38.19114920423787,45.50869199983168,6.686415916409213,1.6248075701714049,3.03
Cotton,Central,Sandy,1001.8786840780666,33.219111081883774,47.28209163667657,54.64974424256631,44.94830259626378,35.65378789936539,6.1357995488481265,1.7214652719968004,2.42
Wheat,Central,Alluvial,1224.0601032506142,22.719283469634036,42.41595625462105,41.14665999304334,26.663374625524956,50.87375748783592,6.617000882019184,0.22543900759629307,3.96
Wheat,Central,Laterite,1606.3293311161556,32.12833940857977,66.18843155065319,121.12328404123454,24.758024514242805,38.173541801310215,7.036965942760862,0.35994430260515586,3.13
Soybean,East,Black,1158.6401530354144,21.112607086627627,74.05819484364882,63.53462839984313,39.570931955867934,36.08184709050638,6.974408035573243,8.103563331591612,3.14
Cotton,Central,Laterite,1061.5308947351955,29.314621297243853,88.31367269642682,30.890726390730926,50.93634171838748,13.953279673806204,6.83469302234312,2.9375281731598015,2.19
Sugarcane,South,Sandy,663.6667348028897,27.237589825470888,81.4635141144075,84.07331695879346,67.65168191093888,44.45117721257624,7.560521933650525,0.1,78.21
Cotton,South,Red,1350.806627067608,35.39197407054467,78.56322027361291,76.29343824248626,12.590840683794568,62.13866715454715,5.0154503371044195,1.5861242043057382,2.33
Sugarcane,North,Laterite,1122.592858236432,28.659502500308694,68.43830182437843,33.18082896435876,37.04428978197443,21.15271233773707,6.475975665589969,0.847146745455416,80.65
Cotton,East,Red,895.857408950671,19.274199022741776,66.78853732364928,108.5203602723608,46.64304731185391,53.85767898543036,7.122233484644104,0.7465175367056972,2.38
Cotton,North,Black,864.8744937581715,32.09633739061264,53.16256668182958,96.5579897810969,45.478868878821174,41.37517831968929,4.85906095995611,1.6265830771897734,2.09
Rice,South,Laterite,877.9412137179971,24.79709580565509,51.46633415650287,101.06276721430757,21.686792024368433,9.015624130925609,7.882540765219925,0.7717685795626653,4.77
Wheat,South,Laterite,1013.189560833473,24.561333793417948,67.8576588518573,86.69516065635996,29.096807898977506,34.9829573452447,6.259336285806224,0.5795139003938322,4.9
Cotton,West,Black,562.2978980589587,27.145990750999655,52.4750995473516,47.413043040143954,39.79277401639978,36.005630272640914,5.9586771410110835,5.555312097373876,2.27
Soybean,Central,Black,1365.406841415893,24.12657596397186,63.641270447982286,78.44407894101522,80.25100848250369,46.68796366535763,7.114076840286379,0.1,2.79
Cotton,South,Alluvial,1310.4020191916366,35.974077633458904,27.533523469164784,67.97965360236745,54.14657952676756,48.365659781327786,5.880940401814587,1.146008541080566,2.68
Maize,North,Sandy,949.7534945378625,31.02593814444465,72.00708428629558,63.7469849984024,45.2564391861857,42.09482595974269,7.579858602102149,1.4315468932837463,3.71
Wheat,North,Laterite,878.6051551389523,21.280623922506887,49.478834119393326,120.9096991117843,0.0,50.45713708634007,6.5163411686499275,1.1594648131798748,3.31
Maize,Central,Laterite,993.0466885645418,23.362240444238527,43.58331061085636,55.21820365364502,20.238408867775387,26.491012506234867,7.634584285358114,2.141515145394285,3.67
Wheat,Central,Black,1043.9685476759619,20.451912040729795,75.83687038601352,68.42129323797704,21.566803398926933,37.286669361744295,7.48549627548108,0.1,3.49
Maize,West,Black,909.9709911743746,31.838633429174095,79.44612282584302,80.94356322375506,45.37021354417429,37.809459852492765,6.597677832713382,4.32561920016185,4.26
Cotton,East,Sandy,1299.7255179948688,26.665542609711913,63.7329608186396,89.84664640821487,37.956875404589795,57.55141607433848,5.955560825078382,1.3871434901890614,1.8
Cotton,North,Black,572.7675486974302,22.116814886020173,54.2432383282368,122.30726615909916,30.472042062359773,12.43105702363194,7.890637703711116,1.613413328981061,2.3
Rice,Central,Red,786.4191490195791,34.859106528886265,75.77420969296516,75.91212910329622,45.01669696992673,49.03810159730624,5.286998648163868,1.2426619811789994,5.27
Soybean,North,Red,1232.5725975592177,29.52439361133738,53.46494870316549,87.27288265937639,17.339312336310034,62.56869434330501,6.228739180322875,1.1758040203226066,2.89
Maize,Central,Red,1097.282962743661,27.927628868191402,62.63543342231807,49.89270200186135,27.77777554400894,41.9122507684827,7.194055290823395,0.4133090055509965,3.63
Sugarcane,South,Red,796.1376248774868,27.69179341179037,85.22464375955064,94.38779999881983,39.01168079940656,89.78328155657628,5.3270368504997485,1.403954127202398,81.69
Rice,North,Sandy,1120.1405400091091,20.21006775041196,70.62898641009008,128.38643542070412,68.03825141501032,32.706715850079846,5.522995109533959,1.0941053894668307,4.92
Maize,South,Laterite,762.1118664740718,29.796772775341797,64.30765176556748,69.31503742924608,53.43467208467669,37.94064181543144,6.354225581218514,1.262672686997571,2.98
Maize,North,Red,906.9652507662323,24.905626460876963,60.86162514429767,100.07568961458884,46.46556638471782,31.67310890397505,6.721840302897145,0.1,3.23
Rice,East,Black,1313.115683662736,31.35325229205963,65.65739757266985,44.73989508446531,33.989009262632344,36.673927304473025,4.990320831298902,0.28057917212267475,3.48
Cotton,West,Red,1279.9250731195543,30.196162328915047,68.99010593864823,71.37457130385378,39.727513727363394,49.38947317163984,7.405994512240049,2.880836396747034,2.92
Maize,South,Sandy,1086.471027329177,26.694620927391835,48.11720553024922,72.6263083724236,58.241054308934096,34.514940365132176,6.37846365724119,1.0863670204149516,3.08
Cotton,Central,Black,684.6552888240201,26.340917394610265,83.12385711008059,88.80201267943262,67.38613779859924,27.670650559684002,7.066038484279574,2.7166348585363536,2.18
Rice,East,Red,886.7034549715692,35.294653359980174,58.127916410463406,76.50967946990173,36.40059994199681,16.12944238143103,5.902729462282134,0.3753386881276246,3.42
Cotton,North,Laterite,1028.939692842812,20.31570977284187,61.93212074588442,108.23081580737464,46.75917613362161,37.670814673827124,6.193575422313207,2.3960497585378846,3.13
Wheat,South,Black,1436.6264164195802,24.133004567707975,77.20432131624588,67.15825426661462,53.711485437948994,39.706882398463556,6.742065674226195,0.6824797823096846,3.75
Sugarcane,North,Black,465.28916990718835,32.68266515086414,62.87791300894148,98.27122578112397,46.1319467269339,35.44801460285568,6.62578367528632,2.4423846141815573,67.87
Maize,North,Laterite,738.3567859300422,34.425876579696855,78.21539622103757,84.03580338242865,20.359486244811382,73.36025923698111,7.039102971204763,0.1815651396308621,3.3
Soybean,North,Black,1338.5810176366526,26.310575575795955,64.2946050728482,53.03138967417202,28.82531836534112,49.738354309392165,7.078566638112476,0.8118548399645588,2.5
Sugarcane,West,Red,1408.0501233381988,23.50340477633977,66.48999382792407,24.28906360819498,51.10947682288476,31.946616264231935,5.5730965469126765,0.25420458314809774,92.17
Cotton,West,Black,979.0858788166598,23.60472722638547,68.23059204684864,83.66649158894086,31.547675614359115,50.67061844781389,6.651974980375739,1.9865822696671511,2.43
Maize,Central,Red,1461.520222366973,19.827863737594868,70.60858792157731,62.88539817328175,66.90402320896908,52.33351710882556,6.3671951406789065,0.9971290942747006,3.12
Cotton,South,Laterite,779.9886536735711,37.00874944651656,73.39255111504781,86.88297983853016,35.3860462134054,39.92433141264073,6.816762651035174,0.15436029174437024,2.85
Wheat,East,Alluvial,547.2281787809142,26.25970803144554,80.77991072223034,48.48644615435175,19.992038774172897,33.83231137888257,6.244230608436401,1.4946406255577533,4.11
Rice,East,Laterite,1237.0690827037383,29.32437546406194,79.88937450029351,93.33831299420048,55.519149860729904,25.350554265867373,6.541976901403823,0.1,4.27
Maize,East,Red,1388.4114728836582,29.375133072774812,53.1008325556761,119.21191158507217,34.600241123748326,60.588872722925046,8.058186573750431,3.4127531517933742,4.11
Wheat,North,Sandy,1383.4087575946385,34.41916889986825,86.81302165622591,74.01524644387041,35.78766868542655,37.586644536547645,5.555509166713742,5.5724441204572415,2.95
Wheat,West,Laterite,740.9666181362265,24.90372189833542,39.49233423342604,30.098327699582036,53.018674087733174,37.143511452083246,6.14030169126684,3.322207705656727,2.86
Maize,South,Sandy,1059.8139588457004,25.256210937021212,55.531951058892645,78.60729310029711,25.14348801971562,56.712171722298095,4.629677823786585,6.052623601724986,3.1
Cotton,North,Sandy,1251.945414088013,31.15458773350006,62.93316765849422,62.187100683764825,41.231896409081685,40.501106781331984,6.069521572336303,4.54822274997538,2.66
Soybean,West,Red,1090.2933139695085,18.025435567183358,47.50611397873153,56.31407120189293,21.82956638786656,76.90441207939907,5.614847889461917,4.506264606488204,3.55
Wheat,West,Red,1433.907012743843,34.45155972177674,69.1973361118187,74.76006370170528,41.138995540601066,32.11121197816462,8.057883107644681,0.5632413039319721,3.14
Sugarcane,South,Alluvial,878.486242839617,35.69066709474508,76.09790665842546,104.91593752610957,15.419237809090422,34.43589425309109,6.23863208590511,0.5257677569454032,86.72
Wheat,South,Black,978.8152569035473,28.228920931877866,54.31063480550141,65.57770027718219,27.387399738314993,29.462457897674565,6.176403698984785,3.315399073426738,5.01
Soybean,South,Laterite,1070.8571384516492,22.311281350367643,71.95174352456878,97.43563680250962,53.47451600715774,27.544346314061535,7.018244897333736,1.352126579810389,3.44
Cotton,North,Red,1249.7662417708602,31.265614382126543,77.55272105044745,74.61005650001151,59.45868850141129,46.085793402424976,5.64275558549771,5.705431352708192,2.23
Cotton,Central,Laterite,941.6620806394591,26.044827114066013,35.96718377759912,77.73659860129499,26.727882936505956,50.63081166589384,7.115013305184515,4.551082520720553,2.81
Sugarcane,South,Sandy,1278.2302431800226,27.711064313290343,67.61366640377416,107.29546720652738,26.56539962620802,34.27491797407881,7.087929865278506,4.4731874252683355,102.32
Wheat,Central,Black,1481.387412416484,28.092378264927248,70.59962605342356,73.0086877125868,41.53547744710601,40.62540862161187,7.754654140056976,0.7894056556730531,3.42
Cotton,North,Alluvial,844.5786542794987,23.708323523192554,51.24184390930003,99.15257435868315,27.87427853651846,43.16896788278545,6.9379563929823975,0.2852070776692554,1.59
Soybean,Central,Laterite,950.6021860870289,28.736314114170558,47.07603637976081,74.31590509292101,54.06493796742049,59.40126758590139,5.028249244755836,2.266058968326114,2.62
Maize,East,Black,1290.327877532846,19.683615939571187,54.683428111378646,93.99029882114483,19.14756593373906,30.918110199343875,7.411205444042613,1.1616980701848778,3.54
Rice,Central,Alluvial,1578.2585122411228,16.02127269850269,62.194133110358315,73.36211303604142,30.5941563368444,42.66256007543294,9.0,5.434458520493718,3.4
Rice,South,Laterite,1190.7877856143361,28.821910152779953,53.74004085768074,84.27925808530256,67.1846103353189,46.48226800873689,6.476981087261968,3.846406526021149,4.76
Rice,North,Black,764.1291189897356,32.21817308092122,73.3335602571737,86.42981709058613,45.672875467226355,46.14689639795545,6.500800166814471,5.2853407304106685,6.01
Wheat,South,Red,1059.4516809169352,24.432316236917522,71.39203586537266,96.89265201433452,48.766400104590645,41.1243366247245,6.109200913811681,1.6780403189562834,4.57
Sugarcane,East,Laterite,1288.0580055296475,24.151493062423015,70.63889449978775,91.99534333124444,37.147197035650855,55.34400995556951,5.192116664562175,1.49405710739431,73.48
Cotton,South,Black,756.2294297881381,30.237630904758298,83.87291661790665,58.8924595123102,18.067755658578367,29.580810395374833,6.793587652242882,3.7557273500451465,1.88
Maize,South,Alluvial,676.4859389982075,26.896471388488116,74.68170771581852,125.5037249330062,63.23327235176032,37.41430831418603,6.060796824292249,1.4344291136063723,4.61
Soybean,South,Black,896.5050950331134,24.169527653635985,69.25080241615939,80.65433721577101,42.92711863169707,31.140467017922568,6.7668197889549795,4.605747122406647,2.94
Maize,West,Red,1197.8900645315775,28.52642403215107,46.630464126708716,102.88641244210088,54.23662776259989,30.11760954163435,6.791266274777277,0.1,4.25
Soybean,East,Laterite,589.2357262473843,27.03182944529152,82.36236665487624,20.251135985550555,35.89235161465265,41.74815101865065,8.01923752895448,0.8887949401744452,2.77
Wheat,South,Laterite,792.0763636985281,20.753533947666696,84.00002157403243,100.08482415891129,39.6155828340334,54.893232842700456,6.178443766975839,3.601604126827911,4.13
Rice,South,Laterite,1082.0979655442018,26.455873443924816,60.063717634592486,99.13272791143996,34.00045248206895,28.263032847807693,5.506190736722704,0.47131966509305034,6.6
Wheat,South,Red,1327.155626094645,27.914683739104778,52.86020355957254,85.84898601606312,43.08752568487061,53.79846374386906,6.7274063750218716,1.0182107639596147,3.94
Sugarcane,North,Alluvial,1087.0632229286307,24.33108328890322,76.31869597229006,23.585602460837805,32.93939194856826,35.01785915213682,6.421583241108769,0.1,68.17
Sugarcane,West,Laterite,1112.4054351798072,31.628762818518094,37.694988354093454,61.94531755976454,27.065872567123698,25.636776308744714,7.997078326233801,0.7182648149582355,84.12
Soybean,North,Alluvial,1301.4765157149282,29.4166459053325,70.97534551428743,54.40642852339922,37.02755821429902,30.063498948548233,7.165877054928226,0.767323029312201,2.84
Cotton,West,Black,1479.1773431428935,25.61463114220912,87.45183831998824,109.07144918135509,47.91728565630134,54.36456522919549,6.394120211353415,2.6376139003218544,2.74
Cotton,South,Alluvial,1445.653566059642,27.66824902236233,59.282634226744875,49.91559609172644,57.45488881857706,24.426983556150773,7.316938364372949,2.2622660111826676,2.17
Soybean,East,Alluvial,387.5915211796066,25.117746619985784,68.63297744481696,93.85394056863628,19.787992273541207,70.09164239180731,7.392125779703691,1.1774209381003833,2.74
Sugarcane,Central,Laterite,1029.4173737403632,25.878488136261723,66.5154473336742,72.75941807131483,53.30037827618858,42.08535753514686,5.747005464803622,2.6076095322280266,108.0
Sugarcane,Central,Sandy,1273.7547593254262,26.062444763923427,80.64978521719695,107.0737796380122,29.526073163856715,14.533035168397728,6.860448197569223,1.1184041021047448,103.18
Sugarcane,South,Sandy,1509.9360193063721,18.149322301815605,66.59181646876182,85.72266939627175,24.884295522633977,24.446704974086686,8.275503178598248,1.140481791505867,76.75
Wheat,North,Red,1192.2959833555703,27.13700537243039,59.85928488646057,63.86246124857968,25.708083712528765,52.356254208438926,5.310994707038068,2.074400753280396,4.2
Sugarcane,East,Red,742.2441106418646,28.591706065055227,42.21188185551115,60.6389514905205,79.05811621311028,18.12396526266995,5.898567760548693,2.5666316548849055,92.11
Maize,West,Sandy,781.8961394689263,39.30746745366651,66.41368646279513,68.95764553774418,51.16561940491887,49.92077638754381,6.337756625985525,3.7533843700812692,3.6
Rice,South,Black,790.2904717211752,29.199415476942345,63.95280963780547,2.700111201712531,22.727556580265166,22.45067618260096,6.912989012400482,2.7838405908459376,3.33
Sugarcane,East,Laterite,1092.2556643751827,23.73541959646092,34.48150916716521,124.26307469776586,31.713486343385856,45.498169683149456,6.761020438297441,2.2192361185915614,61.8
Soybean,East,Laterite,856.0533845126638,18.795936302119273,49.90036704553626,112.84731314634098,19.641044095266068,59.757357166726315,6.6665594637026295,1.6486882729528447,3.38
Rice,West,Black,100.0,21.718482904322357,56.03546629698457,81.70054927678623,20.140028250978624,45.68107973217084,6.340866215851845,0.7366525935835883,4.13
Wheat,East,Black,646.5132958214687,24.50354545756815,56.03859107829305,103.49045870913253,19.576037313573238,52.78298827145852,6.750472721644721,0.6051416284698947,5.0
Soybean,North,Sandy,866.7252635442613,24.59270395550528,64.57674176267055,79.09366409322536,24.366033467306444,50.90167681419922,7.63232305506466,3.7062189750085133,2.33
Rice,North,Red,591.2552530235369,25.81286499296143,63.35342276565255,90.90786003827894,51.48777841260608,22.887282547173573,7.867811720922626,2.52705111642014,4.91
Soybean,North,Black,635.9411655727595,24.98846211450681,64.05867808627113,104.67259356885393,55.985352623374716,21.844597349573316,7.36724817010411,2.1897099649419487,2.47
Wheat,East,Red,1615.2911891472086,25.845499625972536,98.89375444864274,74.03873980075147,26.17511982038812,13.57681129648368,7.471249268423319,0.5990704961081362,3.9
Maize,North,Alluvial,997.413431750681,24.88845237226197,58.37863257687511,99.34905924401122,33.80029658356604,44.64185932071523,6.569841911347266,6.999667458909389,3.64
Wheat,West,Laterite,884.1655871864523,27.09207869116488,51.95943797235527,35.08231172400379,52.57907222941343,38.49701009763214,8.593598586672753,0.1696196520343618,2.65
Wheat,East,Sandy,1200.2030283176111,22.48300102585906,88.5049129949389,85.36432635696518,40.549006488314745,25.03946637970751,5.347525823681666,3.6434456408032103,4.43
Soybean,Central,Laterite,1343.8208267951154,20.706149225454585,86.95912566244228,79.63990687164612,45.22420428350153,45.01094446568001,6.703720916333874,0.4734208590767214,3.19
Cotton,East,Sandy,1672.1846993365257,25.80969255683667,48.7666994070063,71.49604190560915,32.22778292799178,64.09989477658223,7.105582079636511,0.9960259857790024,2.58
Sugarcane,West,Alluvial,1511.6119054090325,29.169808212613205,83.20141538463545,74.83239574393993,62.963767669061596,50.3529581437232,6.559495823140292,1.1168110910533287,107.11
Sugarcane,Central,Laterite,1130.4426488875013,21.404807822681832,37.29991819013755,73.95176634080086,65.76040718846089,60.58640416775732,7.391314680704399,2.173572490233812,101.61
Maize,East,Alluvial,540.1576298970383,24.127003487627416,100.0,107.69995867019882,50.84321235776808,34.20859450549263,6.3747150780778155,1.5822361887182765,3.66
Maize,North,Sandy,699.2552855779031,26.269273773006642,91.74256946714246,78.54426728439763,30.995763656389464,42.62675802769672,7.5324970890770935,0.41179618475469554,4.83
Sugarcane,South,Black,879.4424659975559,26.148530301290506,72.97902004602697,150.53257423709914,20.245168148407572,44.79139256684241,6.60109204842288,0.1,105.29
Cotton,South,Laterite,1151.9689615208197,30.764235912658044,77.87855631891998,56.51209059288227,66.17940746851734,52.692117587833295,6.195553546242865,2.5261252965554624,2.12
Sugarcane,North,Alluvial,1028.2949563835293,31.699144344179345,71.65575228746054,93.8675884621948,44.9020689406013,17.01355762325476,6.095536123463011,1.4060838164707377,84.7
Cotton,South,Laterite,558.0919784264653,28.11009947290627,55.11453946027851,102.37140821835956,41.78058385181919,62.55259480486788,6.73190056002682,0.8981627706407559,2.28
Maize,South,Laterite,504.4746916988447,33.04709150507814,82.93494910804415,70.26045663208976,50.679786049570005,43.522942116261476,6.027403484256684,0.6696571952898053,4.63
Rice,North,Laterite,1077.7024160751218,25.154888593161896,85.34236851264185,49.66206408948641,40.409527935258126,59.59177815403994,4.5,3.4637119103147618,5.24
Soybean,North,Red,1036.0121651048262,31.20099151277703,54.09115705719546,68.71180869152235,36.02380516677323,55.829413171316645,4.9982870331554,3.1746804233664454,3.02
Maize,East,Alluvial,937.0369397165471,23.934935895938384,64.5199165093126,46.97360341170624,73.24296374117895,7.933637298659185,6.107304273074156,3.49797846322816,3.49
Maize,East,Alluvial,1144.8778162120277,28.480067126138124,46.502280412635116,59.41171067494179,57.72312972083384,45.004645242715455,6.226134492523714,0.494629029273096,5.04
Wheat,North,Laterite,1374.043738268378,30.22061436980092,64.28527351545362,89.67873195146628,64.91832819010696,47.371682923326716,7.50430726152776,3.820544409783035,4.89
Wheat,West,Black,1093.0206809997471,27.28072971975477,60.9858079356584,144.75073777118934,63.72117987920451,36.74442906612518,6.783105240995489,8.47273638799187,4.29
Wheat,South,Laterite,717.504893560721,22.175026423983752,83.78733202965284,123.38916011131677,10.262227873832938,40.14050854414631,6.609120004902301,1.8283493873387446,4.21
Soybean,East,Red,1574.5658907009843,18.637218144007676,89.01261099970256,64.79943409527638,52.481063449618446,26.807229179088495,5.911998490269942,0.1,3.02
Wheat,South,Sandy,947.1074552129983,29.78455330274152,49.04513242874185,103.6415766141752,47.48601923560361,37.67925664045167,8.786920307928844,2.423105378194978,3.53
Cotton,Central,Red,1014.999289878258,25.63488351890401,76.53706122105662,70.90948771753285,30.770090421279193,35.048944649055386,6.514030526199122,1.544843511899737,2.2
Sugarcane,North,Black,803.9025885021109,25.985451288592262,78.19487108569166,58.24873410467907,84.11572121748178,32.25228228507847,7.2546961147304785,2.4899181513275987,115.82
Rice,West,Laterite,677.6759354010152,34.500544740868875,38.78198949082909,77.93227932529092,42.29994572940346,34.50779590591968,6.520915622824914,0.4170897639555791,4.54
Maize,Central,Alluvial,702.1016939284812,22.268856199819087,79.47507607028959,25.296105698922474,32.26212106567181,4.590175213673589,6.970942387779781,1.8617878265578511,3.18
Cotton,Central,Laterite,636.1617258794324,30.701762735303262,42.82817164413737,37.982400152542155,37.94117760900785,32.21831604636305,5.362815576246657,1.549557789525988,2.45
Rice,Central,Black,100.0,23.311439344739043,57.33166369092197,102.82669419334263,49.29509604317947,26.353510345860983,6.813788114048759,1.8450741993445183,3.85
Cotton,North,Alluvial,953.1220823429695,26.113464254033385,51.48484854297526,114.098228845157,46.704995186123575,27.507127294638533,6.580462551970093,2.6020505681600903,2.62
Cotton,East,Red,1330.704656648729,21.570492603197607,41.433282116626756,17.749682800848895,32.104594939070026,19.283029684162457,6.59310702674743,1.571475925404345,2.65
Maize,North,Sandy,704.7062699719907,23.276541759193815,81.55687565606203,116.43371496621032,52.60526173901257,36.5159069025231,7.3764785108598945,0.7766569025731592,2.99
Sugarcane,East,Sandy,1767.8463668358174,29.066217708583252,50.86696448260393,108.96546111737287,40.503034361395784,26.69579068369523,5.231945081775741,0.7392419389252319,76.38
Wheat,Central,Laterite,1415.913342184182,33.469977396369856,59.05564782594277,71.28419798710762,36.23169186953291,26.488534687594875,6.12421922543922,2.375237595395988,3.72
Soybean,Central,Red,994.5328496587836,29.11751653117259,64.89768742173882,91.37476553344572,36.878713027687034,41.82198561887734,4.8463760108306895,2.180407231245319,2.62
Sugarcane,West,Black,666.675453486615,28.529182914634678,76.14481254648618,125.43218899794834,22.51666223114559,64.4113522000857,6.289831024208135,1.0963721804344242,108.91
Soybean,East,Sandy,520.8706356161128,39.74535102843753,50.470491132954265,110.64924594559025,25.50355118410451,41.981257842208564,7.378544434929127,0.8724849025610002,3.29
Maize,Central,Red,965.8948974432687,29.802827555645827,72.31233741325832,92.35211169354395,24.20362948034202,56.07940636838673,7.291892880365439,1.9358409764020024,4.1
Maize,South,Laterite,1020.4361940546398,22.331894863684106,61.53530479361501,64.15662016018375,4.251827547982188,38.55390030297031,6.324527332493383,0.7484001217621356,3.63
Maize,West,Alluvial,938.6838657620673,18.583603369934558,49.87888540428596,69.74662661997891,45.12974586951394,77.14145834511265,6.666650563537109,6.60802776664795,4.8
Rice,North,Laterite,1320.7969360877926,28.895748725186014,80.30761717410424,97.48269743904368,24.73290341047847,23.17170639925903,6.207952939280289,1.8150362857518119,4.45
Soybean,West,Laterite,1449.124628872066,19.967395131668674,96.17684104892015,93.54544364717557,33.80733892859222,10.102796967400714,6.53603572401407,1.7926949888000043,2.96
Sugarcane,South,Red,1141.802167466057,21.99271713175599,68.05913736306371,109.04777287574419,35.47214171599286,53.425619794240845,7.389498190596831,0.2931368516812863,95.25
Sugarcane,East,Sandy,1157.9397919763653,28.516507592074806,55.86546159636645,43.87956471686967,25.20342273071143,51.02308466229322,7.871441082497055,1.881412414763253,77.64
Cotton,North,Red,905.3334213423111,32.19961243785997,53.96444846271536,91.12397977803923,34.522633596239174,12.876201274514141,7.075185656684418,0.6989025556794266,2.3
Cotton,North,Alluvial,998.5245774800125,25.571525324395882,77.09637957829955,97.98214396270302,41.1974493815225,37.76931175458787,6.446735278887554,1.202337498550506,2.16
Cotton,East,Red,1123.490036022205,20.969319297336504,65.20280678814777,73.94503035482624,29.56916015526952,66.93162568348106,7.902327672395087,1.545244122879102,2.83
Maize,West,Black,904.9785511701607,26.267747806968753,49.0651026697595,139.5501738513698,26.255237920685765,53.38826240129562,6.969321007328902,1.2999899791633287,2.91
Sugarcane,Central,Laterite,1198.2541512398348,25.639559226452622,39.60215467705348,58.38395384916805,30.851362528296157,16.85899191063517,6.286526796813943,3.315085760600956,87.19
Soybean,West,Sandy,683.1472854286635,27.58846767282342,70.71821517585408,78.59498815145199,54.27418479323675,9.576303550730433,6.392012311853921,0.20952878439221628,2.62
Maize,South,Alluvial,780.3393144100521,20.987515837242963,46.02000890367695,98.27359196924932,31.48388735611907,64.27053587529575,6.15976608881409,0.36623304726899875,3.79
Rice,Central,Laterite,685.9260710968643,22.814253598445738,58.96149702403579,101.58748222209404,42.51782030654164,27.264908338003146,7.093283605698098,0.34155297848195953,3.31
Cotton,West,Red,799.4133658073602,32.11778931687352,89.43070029458042,73.86578616423519,32.48994595547879,54.52314385584644,6.752601258095933,3.3947180085535575,2.79
Maize,East,Black,913.8147324129991,30.80625249839711,52.532918571046764,73.82030031991344,38.402421262262024,50.662807220341676,6.672893463422356,0.2516350885665861,3.62
Maize,South,Red,1308.727341006197,32.820436111857596,80.80523833698231,97.46789869753175,52.7136102682404,39.6349594058302,6.03688683308038,7.111666562949635,4.2
Rice,South,Laterite,1012.4296545870977,17.747530739649513,49.6819498965093,91.60728925796147,26.533549132543715,28.761699614283796,8.083223521963344,6.958228580106518,4.51
Wheat,South,Alluvial,614.7076804644746,22.569347085020972,78.12032261301525,82.30253807656304,73.42128413551572,62.35345918144651,6.3902888626966385,9.611285118470727,4.1
Sugarcane,Central,Sandy,579.4118598279322,31.954546382592522,73.62706605844737,33.5020452670988,45.35738546864858,6.346243128598047,7.42326365665917,7.793201111436618,81.19
Soybean,North,Laterite,875.200741324722,29.961659467967078,72.32267898245183,83.69304599184677,43.0590738269034,56.44186819595312,5.6990070610119545,0.3227326667388721,2.47
Wheat,Central,Alluvial,1250.3203089933695,29.036528077210765,55.870114022333865,120.38177266747414,24.26678440464093,35.12888228337759,6.930049607705015,2.1424846916894182,4.23
Cotton,West,Laterite,1420.8930834383918,25.188059255796873,74.55332667739663,94.73612093625644,49.75414920180131,28.566023156906184,6.000713349217191,1.020619332536862,1.96
Maize,North,Black,522.7705009191423,23.89914362224163,70.61870801006862,60.60634503231201,64.95569134738544,38.179492880683654,6.936410734506791,2.6322181790421766,3.13
Rice,West,Red,1111.7057393410178,27.161154829484957,93.31914640577196,43.53236664233346,28.667664946741453,56.91296515284532,5.857614672871364,1.0414756423470128,4.31
Rice,North,Sandy,879.4382615572225,24.75743877529498,55.76068783355957,103.96939295284875,24.940743998111486,21.283392761708082,5.557981932301027,0.9665461575531697,4.19
Sugarcane,Central,Alluvial,902.7337645229451,29.640557609150225,84.2898676318816,68.50579910780968,40.70509839809355,44.972879418650926,5.734141197748878,4.6857961981420075,89.17
Wheat,South,Sandy,680.727436327142,27.185652066248153,51.49056552513413,113.38091974315722,24.8469237490023,48.97319317069581,5.240558526722238,1.3645993093464335,3.24
Sugarcane,East,Sandy,933.9810257641269,22.144222345122348,61.418074037003,112.80842903889769,33.23154131204222,36.994293793251856,5.923019233366937,2.692288094259892,99.33
Maize,South,Sandy,667.2461620339114,30.174703367425316,55.422376326708715,76.28125628970126,52.54837647333578,23.420509006058218,7.145964149730597,2.0991708675344465,4.86
Sugarcane,Central,Alluvial,920.2447229546939,33.27139621479437,57.56837432669087,88.12572774456511,66.53111430338248,27.653430541664786,5.893938517288295,2.1441849553420727,101.87
Soybean,North,Alluvial,1344.4773527753623,33.605170128592405,62.63930527749392,91.24657232965684,53.20914695883067,66.71403211181368,5.984388731702437,0.8588526945720412,3.26
Rice,South,Sandy,1189.3712559968103,30.367103727128615,86.62622549130957,49.99533171597898,27.09575556090784,54.15375546511502,6.763326488653286,0.5819037350424003,4.25
Rice,Central,Red,1574.1254832066936,30.435397983194708,71.84964372114263,122.6626464762613,35.856350025128904,48.986936977379926,4.973974121393382,4.333165226277074,4.85
Cotton,West,Laterite,1157.9071689105992,21.19393093609078,83.51116745721924,92.47550363190449,34.76244939840799,71.94568114414713,7.0434311024361165,0.1,2.76
Cotton,East,Sandy,1052.3554208490425,23.643320643798425,65.21863659080053,83.82586362650457,41.50093956990753,28.169103310618684,6.445387203452263,0.37972121684729615,2.93
Maize,South,Black,1165.8686822537154,26.158273507602065,84.24102912001484,104.66215248404023,53.26085125473476,39.7503438646483,6.843189273448875,0.2849418682682111,5.12
Soybean,North,Sandy,767.260549175408,29.962870770365345,68.40513412860656,87.62564021159568,27.987022196836257,40.7121986814325,6.418972992116796,5.967098497306616,2.7
Wheat,West,Alluvial,374.1914953717767,23.998293395569206,53.1611712734516,52.80720571794447,72.82020263847899,58.5495939545732,6.278790807339682,0.1,3.07
Sugarcane,Central,Laterite,1238.8513454392214,25.46518840611925,80.8400094954261,59.861652268398856,24.389754467445293,15.468141881135566,7.2299148492040555,0.1,90.2
Maize,East,Black,461.4012745788798,29.79806655568722,87.25853222080296,26.35802499562719,27.540847627888493,41.24439480732366,6.478023729279749,0.5142494486619953,3.35
Cotton,North,Laterite,1336.4803165892747,27.68554529802143,74.57475450238513,81.65173701115978,27.99507614335807,39.969218239261444,6.989599145192889,0.6544748750073175,2.08
Sugarcane,Central,Laterite,1225.2441230025447,28.669342497207452,77.46319940841968,93.81233962300928,76.9021631284827,52.35772861667021,7.301568031362517,1.6411642242281685,85.24
Cotton,Central,Black,745.143656286868,23.109822619648064,84.1872963035573,75.31262737484134,64.51105502647485,33.48704251264866,5.5457916087773205,6.50017970229398,2.04
Sugarcane,South,Sandy,869.1731010633214,25.397660505885092,60.94927498833512,51.10847863607309,27.77293292250404,58.21045822257712,5.942983956893978,1.2511359403587754,88.84
Wheat,South,Sandy,996.5384181627599,24.65230070814348,54.23082781611265,67.62327743105305,33.088863164410725,46.06577537208255,5.836127360343232,0.6815455623785381,5.27
Maize,North,Sandy,723.3486047738986,26.99532031570507,70.44046716772903,70.77920737672886,38.57015504501585,28.297360671309832,6.22281423459268,3.396541714241513,3.77
Sugarcane,Central,Red,1162.1560568046912,24.834364489780985,90.896767879423,101.68454229851255,32.77487335891206,48.658299923946885,6.632486048458357,0.9748111272731206,88.76
Soybean,South,Sandy,1188.6009344746578,24.155867281023475,69.51784469234185,115.79554255887383,53.514343537131936,38.207534083192336,5.788068801870635,0.30571234553767457,3.7
Rice,East,Black,567.1115679559788,27.62513789345734,74.4455979375922,11.590674704172557,47.35373001290732,47.34129874658088,5.853598572068634,3.1653895504402136,4.51
Soybean,East,Red,753.067297865346,37.483648415918516,66.12095058340151,78.02945816253907,43.0380859735726,22.220743662716554,6.2175972207955645,0.1,3.04
Soybean,Central,Sandy,988.9579462080916,29.917840191823977,69.41859387097611,64.8973761638925,52.29882732148497,35.94347465901238,7.224281292852923,0.4591152723321674,3.82
Rice,South,Red,1342.174099291117,18.098928374169475,57.07972817667003,73.48292350889254,46.58396508069991,55.28169119807364,6.0843763275226195,2.0164454870553383,3.44
Soybean,North,Black,1195.6854986944086,28.75647638665482,73.22401023250899,101.05199915254519,50.09342339266949,61.082535610445376,6.575585166979409,0.216200524761735,2.56
Sugarcane,North,Sandy,300.7245095422038,24.425491691645206,78.16676400976867,67.5122861790813,42.597101964094094,46.60671568958438,6.261172381354509,0.5909399835159942,80.83
Sugarcane,North,Alluvial,912.4017466852519,22.294636307298717,42.46226874244496,97.11064941817115,65.82655016145627,36.459068241366296,6.411183971755761,0.9994560413000572,111.71
Sugarcane,East,Black,1141.802085101033,30.519265819744675,42.4828723355553,129.78414822206693,41.97457366438951,31.771048119109114,5.967782322094587,1.0097489369940666,90.58
Rice,South,Laterite,760.0120547641136,27.385909473610532,38.69207252166552,68.74404829445936,37.77286807669354,29.4936674813636,4.548369118559359,7.209295331257984,4.95
Soybean,South,Laterite,736.7762933804519,39.43185849439412,87.13185798222584,74.57457398866518,51.9653054299711,29.466329459129252,5.985842825286942,2.251221147850498,2.22
Rice,East,Black,775.9135951035092,26.42862972531565,51.128097695090005,74.014332602407,48.52111044702892,27.29296447329682,6.68001358621695,0.1,5.34
Sugarcane,North,Laterite,907.6068624726647,25.868871151761944,70.27591163653489,139.67477269834086,39.693421550798206,38.73014115970062,6.552212715903919,0.5003878778435114,98.44
Soybean,North,Black,706.2719737970738,32.985743441853174,91.77523834324954,67.4972220114474,15.426090534716593,31.216641816574874,7.056404150389334,1.916471715796388,2.44
Soybean,Central,Alluvial,1197.9791109182158,27.109856085919745,69.98785734426502,116.74920574566156,61.146806686285416,48.288858223663794,5.320474644088709,2.4994948387917333,3.82
Cotton,West,Black,741.7895592664031,21.713799222015133,72.71440176639044,79.10238510627808,58.636121186115155,45.40725286933438,6.7975772312474145,0.9579959154216974,2.78
Cotton,South,Sandy,689.152377405425,22.596187762154912,52.35312241170106,84.25673285956309,27.24728458892559,56.46277932835972,6.059142878731436,3.883840107959172,2.47
Wheat,South,Sandy,880.3924299913219,25.357809879951798,69.99816464353046,100.70802298763975,46.23709441686428,48.490863132565195,5.885632081874539,5.744481886190091,4.17
Maize,South,Red,1443.6749662142747,30.288191392809352,50.07355313122082,70.68225509567934,32.160499971264535,52.57232011039375,6.917784828802745,1.9041587037283472,2.86
Cotton,West,Laterite,1157.5839605472347,33.36063757454235,36.45032831466437,104.56303915593372,47.925024387172336,27.728408937432093,7.133471003403718,1.6528527800854058,2.32
Rice,Central,Laterite,1176.659150335221,31.009746083961875,65.78512877435557,73.07981025849814,56.73341992909347,47.34763091410391,7.417635970462481,2.7790427493703778,3.76
Cotton,West,Black,1085.8753813902329,29.840160062942,69.81224241253523,53.286639013348555,38.04469673582528,43.738479201787925,6.942823428957779,3.0469221989321076,2.43
Wheat,North,Laterite,715.9057166401062,32.484377928822354,57.074246923355744,105.41735379015644,50.67358547398946,10.375244165182124,6.4166961595816545,0.48525162866607324,4.27
Soybean,North,Sandy,807.980264919843,30.105863161393035,53.8006282590352,95.25797815057993,18.862097872481133,39.162895639338736,5.323929505396967,1.321630470787299,3.14
Wheat,South,Alluvial,757.0012206839843,22.483858593462006,61.7985325716511,65.34720448730116,27.0941417233654,24.91934585807755,7.493279713834793,1.1863599433297358,3.83
Soybean,East,Black,1327.4680005655885,25.89620968103174,54.098952897375064,108.81889890446298,53.51488677401926,17.174934559437673,6.681929289413636,5.67632192338544,3.88
Soybean,South,Laterite,1088.601019384833,24.4237713914639,76.13302222655244,55.39062036808521,30.415403976485628,35.344350715637,5.760994337270702,0.23703998082743483,2.3
Maize,East,Sandy,499.8082891913886,33.31138222304629,71.70269496252583,90.57217109952502,27.595801567278414,30.493495571752728,6.67115327611046,5.745984269643791,3.62
Cotton,West,Red,1435.7959235154078,22.226971159842396,89.42061755608005,37.68238766326402,29.123453532903525,28.700150186550985,5.328970655744437,1.7000443484634624,2.6
Rice,North,Laterite,900.4145706666221,22.324111184424893,59.66737750854228,70.26802365343055,23.825028615955176,18.419487693463097,7.58154759654127,0.6795034572507708,4.87
Rice,East,Alluvial,1196.0134043560665,27.849647830104193,66.04733401252976,58.9446605702305,55.070142182373395,66.6704412380831,6.182247650570801,4.070366536003565,4.5
Sugarcane,West,Alluvial,1315.7013820139255,36.64510345198452,67.60369551477545,48.51823222563762,56.17755528569626,21.311032216035134,5.617846011865514,0.10348128359553402,89.29
Soybean,North,Laterite,231.37939496295894,30.674453644674553,59.40508699393532,80.6127971142765,28.591763388809973,34.94758553006038,7.531727904799898,0.7682102843545714,2.51
Rice,East,Laterite,1136.3793121839835,32.20838094984835,35.24766924564906,88.30137090655327,23.393618050826216,50.234308543294055,5.443654672891317,2.7929852878251644,4.74
Maize,South,Sandy,924.22718048719,21.465993370077033,71.65835270075294,95.36983727226357,38.592566592712984,54.67712452249914,6.478830202845056,3.5169403796293426,4.35
Soybean,South,Laterite,273.43240081549664,30.344007558382522,100.0,80.04200947735174,22.448793616283773,23.474241792611494,6.6067320064334565,0.3666390383950779,2.15
Maize,South,Red,660.2418722422891,21.444054501541,79.99033117688333,90.77155734401737,50.58722284616382,36.72416251489255,5.4546777900687475,5.686688500039394,4.28
Rice,West,Sandy,863.6174375095205,30.654677827180716,94.37280136886737,51.92218124781807,40.15332834528136,48.30327516697707,6.177472509196391,0.11043885876219701,5.19
Rice,South,Black,1253.6954130301337,19.145794895940554,78.45194541357945,57.99346533258982,34.55565130506739,44.469714669696174,4.987862065908361,1.13675011349011,3.23
Sugarcane,Central,Red,947.1286149963919,25.304396435737697,62.72048758940598,79.55456705319958,55.322176000688444,45.71252489030822,6.154502002456453,0.20505669210663358,45.14
Rice,North,Sandy,1044.436394301731,16.73441013982956,74.02373503431167,58.09733867231756,25.849176133096467,22.09693061299023,5.0056191493723645,0.20561145223475724,2.94
Soybean,West,Sandy,893.1614911480536,22.576439000329145,81.04839321276697,80.13861011857173,33.60099522479892,27.615251603617914,7.212817098418398,4.904459762338045,2.94
Soybean,South,Alluvial,1326.3712822917466,19.87696706292043,40.9901909645693,63.74979521353639,22.046594902052078,37.7266466374388,5.99728507710918,4.686086045176537,3.61
Soybean,North,Sandy,1156.3093469842597,30.255914863039497,71.67232320463877,76.03682587394076,19.31307905778471,35.31701543796217,5.53353560113198,1.9103664362770238,3.26
Sugarcane,East,Red,1048.8566445352003,27.47194274855942,63.52350843501335,38.3888421279655,26.402121959283242,42.46598469329848,6.665074733189454,6.779845784132647,100.65
Sugarcane,South,Laterite,657.0600996411226,24.662327578406902,87.16167025311206,37.19623818914187,27.85403840608753,24.14863832445064,5.095118913544761,1.3508238998222621,88.67
Rice,North,Red,1035.9518245393133,27.585612576615503,70.58487749139361,62.07428479575533,26.470535376109055,54.647872405680936,5.9081381125302865,3.0543845836087113,5.04
Wheat,Central,Black,1834.5615416137734,22.84530427096601,28.09543390533343,46.83093254585688,38.62827193255144,22.116520562488418,7.080435856995115,0.2046621634216289,2.45
Wheat,East,Sandy,1238.5801859497942,28.609303523980515,71.59829307146727,14.390571073499217,38.50644435168539,43.458218589665755,5.376726425367871,1.0070959762233755,4.4
Sugarcane,Central,Sandy,778.1971649102544,26.611383002731152,34.07222669482191,92.06431095167471,16.724070149864644,27.80234055186496,6.274792377216923,1.4475918808782384,80.16
Rice,North,Sandy,1555.737967064019,38.404470675128884,84.11162624539386,104.28326688501417,51.95857891903661,36.02244454504635,5.830786550193277,3.0115038149668427,3.82
Wheat,Central,Sandy,764.981913562814,35.167569279088134,53.48167699688101,101.87989110009914,17.258722872637122,17.901140822806358,4.831241023679713,0.8143773764713303,3.5
Rice,North,Alluvial,1214.2912122133052,31.702799420076268,48.03881302697192,76.39097973856963,14.086203159964683,37.47984220250728,5.56800635417722,7.857966404656025,5.11
Rice,North,Alluvial,986.1400507746205,28.461614802103668,53.43425852732126,75.88236850503365,55.54088409350624,49.98043885697433,5.936061212316932,2.6547687763275447,4.91
Rice,Central,Laterite,1054.6387258936675,29.101786553888253,51.59488638833247,82.4819425254037,23.458532754943192,58.98760197066315,6.689402758866684,1.522714608867786,5.0
Cotton,North,Sandy,1065.6489154479318,33.2044461376815,62.66434758641792,63.63429479905126,45.35628934226643,38.53165058128226,7.599406210350753,0.8032398138151411,2.34
Soybean,South,Black,925.7294720765212,28.44071182189877,52.092382547595484,33.93514851985069,31.242731140263842,21.727469289995657,6.481408286485279,2.054716428302329,3.39
Rice,North,Laterite,883.1980876985024,28.74832635448079,60.48762552037506,109.68685558056139,24.923789195707442,52.23084687405617,6.584891364816778,2.235975800741663,3.68
Cotton,West,Sandy,604.949774631051,24.117605658691932,41.86580696072224,80.35869015431467,22.21542051892813,45.20475557143921,7.102429988635755,2.2737627120738297,2.36
Sugarcane,North,Alluvial,662.4942909368392,23.563414284800345,61.22532667826063,78.82217740946362,45.70569891506558,37.4646656209561,6.838028946351745,1.7647413430772654,95.71
Wheat,West,Black,1100.189109783465,26.463841643435764,86.33881011054186,72.08270319283687,25.996564717243793,31.88759966093636,5.962691334445558,1.0232658731661737,4.22
Soybean,North,Laterite,795.185705153975,13.92629003600004,58.27121371145976,94.84092851570175,56.42920968692941,38.18459800414069,6.036077743898684,3.3927729889599942,3.54
Wheat,North,Black,726.9970334635289,26.85466070175592,74.36220152251059,77.04818367703672,17.162164765705363,40.434577480582085,6.952653087623343,0.5975504314978448,4.1
Soybean,Central,Sandy,1848.1971701764057,25.789220276487292,46.15563541981112,67.76539211549526,61.22501548310986,52.14371347280399,6.89449318147673,1.9637220333368435,2.78
Wheat,South,Red,1746.8036275823715,31.395149495634477,73.69544099062664,71.60921468251648,8.807720820438483,27.282422775144298,6.662652968659659,1.2760751628751177,3.35
Soybean,South,Black,1174.2472283938844,33.12317644466131,82.06376344091557,81.6225529529383,44.276433081626976,29.852553362467134,5.998954268356064,4.466821975829414,2.24
Wheat,East,Black,1216.4535214266466,39.85715372405216,86.3781797482142,51.183055917155826,22.368208812716283,36.47680632412292,7.798675832817341,1.7859048599186709,3.24
Wheat,Central,Alluvial,756.2750076810485,29.897700566209494,68.01121550948653,115.3556974968566,16.127362600492155,19.632298876039705,5.857742771143833,3.871318595017101,3.27
Wheat,Central,Sandy,644.4277184186251,27.760133901335013,75.07164156654311,64.82276959010493,38.499393547553055,50.31600139629212,6.412566386415503,6.128722552809999,3.95
Wheat,South,Black,897.8992521718576,24.169262276895907,45.79221730397427,60.120598797829444,50.138218137098406,48.86789605083358,7.625162492499699,0.27169473050469145,2.86
Sugarcane,Central,Sandy,1000.0889662823649,21.755294692788098,59.24885205987105,70.55196990499199,37.06532943866518,44.46866523317258,6.597075271623961,1.6202271134101176,89.94
Rice,South,Alluvial,1213.923267860886,31.571044971994645,52.99574487557644,102.72897537896502,39.34028634656994,76.30383659315278,6.45080500393041,4.307912755897176,4.76
Maize,Central,Sandy,450.89904968004737,26.86274101492015,69.92679233739457,73.28731513751039,43.05541990885107,50.201249730600374,6.733768823703309,4.112601903045535,4.41
Cotton,North,Alluvial,1644.174150368649,29.12458132745184,57.07677169877067,109.10521972641027,49.25534871775471,60.1771447975123,5.985512023998906,0.43608645712315575,2.73
Maize,South,Alluvial,1074.4074150056604,27.092848143581787,75.30181921968885,71.75826756664061,64.68523750797742,40.915665387023054,6.425314561718022,1.3131175289050077,4.71
Maize,South,Laterite,534.7909898354374,27.22333291332166,100.0,44.47931661162973,28.83040870020903,31.773343278101148,7.090744140062107,0.5048783157868856,3.52
Soybean,West,Sandy,1047.242438604658,28.0960944378187,74.32362138712568,59.1260793225138,47.176036766423714,18.418568304895224,7.2501519830965035,4.5425153383973935,3.32
Rice,Central,Red,729.2647410718823,29.110414518413275,86.1748697501095,62.847352319824466,31.401629651414503,44.59442592917654,7.776547139388349,0.1,4.5
Soybean,Central,Laterite,708.2379709770239,31.703601117436246,47.23171159042925,96.21452343952713,37.37880365238806,48.11524674313154,5.907862801678581,0.49282429384019033,2.59
Rice,South,Alluvial,681.279433847659,20.83847408196138,63.725448000079844,68.54243076459764,50.232108930456214,53.94449985179506,7.554232056555435,1.0519935218219818,4.24
Rice,North,Red,923.0542114542504,29.930404252625657,68.25283162906771,50.48693326940976,42.71490400531593,32.45769876844513,6.982158852908755,0.4998391714560765,4.95
Wheat,North,Black,1630.8147072262532,20.55930050880113,65.97583546691864,43.81075010132515,28.810787967698378,50.00202507580293,7.365319492504817,7.267368301994109,3.96
Sugarcane,North,Black,1027.7996015932322,30.50711251460536,92.64997187016287,34.21064502095795,41.569866551988326,20.531380258856352,5.4336472817961905,0.5594981626641605,84.07
Wheat,Central,Laterite,1208.1669417789765,28.601141583244257,53.84170929585393,146.34067655548995,45.292796428831195,41.352446529529196,5.898398326588482,0.8998215008119136,4.5
Sugarcane,West,Red,1281.5542845494426,26.61697326261487,69.84686041474815,61.265858018709324,49.46112629587596,48.26295717869513,6.684547527355239,0.38249449900608595,92.95
Soybean,South,Sandy,956.5731014322439,26.812418937725727,28.572983724566512,91.06832349488725,57.12334590408763,49.66976075082151,7.0646622506447265,5.225554825015924,2.74
Sugarcane,East,Red,651.6939944675986,27.68457609958736,71.37009658045278,49.83171996059353,66.88701020569448,52.29989893785881,6.156614535067159,1.0595973164676136,89.37
Soybean,West,Laterite,520.3774949751516,32.45491898961318,72.58873783871826,110.69100825384476,40.037850664658826,48.03424353736163,6.202460814978805,0.6072111389449235,2.84
Maize,East,Sandy,883.7643448999512,32.01226012612544,64.21622805021072,58.56378468256706,23.453383010762305,41.670048452907736,5.65046962401874,0.5650412501554483,3.47
Maize,West,Sandy,1343.1808940145843,31.42699688147928,70.92952275467286,126.76843421969096,44.749891722715,58.60824860827061,6.099246835873501,1.7619243897485553,2.88
Sugarcane,North,Black,1280.6176450148882,20.26798900514327,56.53265912382728,129.29851226185448,19.930377333073988,39.21592417033052,6.193973956028664,7.601442349516605,96.78
Sugarcane,Central,Red,1076.9141884078326,29.881043122998282,46.677206846454766,52.11448231077144,68.53262787280113,39.84541301582301,6.1988529074598056,7.312599043142491,71.08
Soybean,East,Sandy,1116.6635849676125,15.011179931905607,50.17189443978184,110.97598182611294,31.638143044701337,63.696535530420405,5.7798588359462055,7.999607554044892,2.45
Wheat,West,Laterite,958.9526918662807,16.3465070470887,52.21150971794938,126.93506120507361,54.77698290723348,0.0,8.037097157813001,0.9776168104202261,4.22
Soybean,Central,Black,855.555401863601,32.61968599156002,45.61472586549323,39.933152337451936,44.732822608134725,48.63268595998517,7.316566878865129,4.916588181218149,2.1
Wheat,East,Sandy,778.5449263438366,19.765352503338963,45.02266450432815,42.821589355757446,43.66579752668527,49.13634177389473,7.032271835779257,1.1753792547317006,4.28
Maize,South,Red,558.5649267094462,26.10438158874383,52.549037519128866,27.680207820272948,16.28327398701476,33.68854277015418,7.416974308150243,1.4290154451208958,2.97
Rice,West,Black,1539.1377449875358,34.02170728837706,59.65845227421783,56.5073854484413,28.175797951669736,40.28090752316471,6.962886102851897,1.467521691942989,4.74
Sugarcane,South,Red,1051.336290192198,29.918836625760488,66.97814753388445,54.86125548751879,34.08520689320213,39.799508937904044,8.287943407936192,0.13140782935958653,66.1
Wheat,North,Red,867.2604233028704,28.850000996652053,46.64138519089569,71.65022762532892,34.38874873426547,36.79823397795606,5.855928651552482,0.38976299925266517,3.67
Soybean,South,Red,1546.3499607377444,26.72789562385948,50.992120290282855,48.083094287761504,41.392426412146165,39.051495631309805,4.673556228678647,4.344761037167602,3.04
Maize,South,Black,1603.5947292286764,27.62945948273242,55.78602551318553,97.29334174996376,30.079359392502496,45.71259665711999,5.79173588765712,4.533595686421449,3.63
Wheat,West,Sandy,1823.547505902512,23.874092580981657,71.55318157161999,80.76183968700674,47.350435225252546,31.110634350069947,5.00128593559965,0.4512769835396897,3.26
Soybean,North,Alluvial,925.5017654986273,24.602089588845974,47.07302206556892,90.609728702047,38.55586132085639,39.93191198268437,5.514942350705359,0.7209002284166086,3.22
Sugarcane,South,Sandy,1031.5692318338279,27.432317351981272,57.24103204328833,105.73970581605374,49.861960762125946,19.761491755236218,6.0118386723491914,3.5416677615940544,56.93
Sugarcane,Central,Black,1195.2867767484431,28.162026068268414,79.5860831811276,86.57717516337551,17.723468972609076,30.779382148479225,6.38579468951925,0.4567345890404682,103.88
Cotton,East,Alluvial,1498.6555399743315,26.21079400152693,53.08066236161534,74.40310454331312,51.71375707131567,23.70737176331517,7.354710961512015,4.254318242422309,1.99
Rice,South,Alluvial,1018.6069533870179,15.818347503181629,46.29081604967061,59.46646562326936,64.439398145836,42.32760089920608,7.836255503541173,3.4653710194255236,5.54
Cotton,North,Alluvial,704.9935428895886,34.82437198966087,63.691711058952805,102.43786862973643,37.60783384289259,24.406631510147047,6.73634701076801,3.295840129262013,2.64
Maize,South,Laterite,773.9861257697826,31.686432774826343,52.5318512050482,86.761304815365,58.10613522346599,19.106593712958816,5.5244722896693546,4.446547318911903,3.52
Wheat,East,Black,1353.2294348166647,25.979752219809328,23.570829950214566,85.469424662123,39.58366845832142,19.15956030355278,6.094287450488369,4.359332207741282,4.35
Maize,North,Laterite,1186.3105579463968,31.842140624533975,67.98568651910102,64.86901467010273,33.72333727954256,24.516113578408337,6.26513597945628,4.9828453697287465,2.68
Soybean,West,Alluvial,948.1269662528558,25.207368736221596,78.05355637600383,87.50559541960556,43.1636854364927,55.47275999315202,6.158190401384406,4.232911908024415,2.76
Sugarcane,North,Laterite,928.395966524083,28.58769770755657,64.6646204449036,60.459389665924206,63.537995475783426,63.04171697667838,5.423386731790228,1.8674960317156952,82.28
Cotton,West,Laterite,948.1403384309045,17.38393151082617,80.64797473443699,87.75022270260251,62.33307223265598,34.92592435075522,7.527269626365397,0.3432978183396142,2.54
Cotton,North,Black,1371.7117089665803,28.283668625170392,74.66038847165159,73.3802701397348,17.03291159523948,17.598475972525552,5.265832214574547,1.8788146272040094,2.26
Cotton,East,Red,763.3141161663323,25.593308471456467,52.17650497684647,97.88885131915757,24.569727702932767,35.489947893195264,6.0753184752262275,5.701936557408225,2.35
Maize,East,Laterite,635.9766697541963,28.09028090307088,95.74260318930553,46.787876185163306,38.69352285198824,60.78845199089095,6.608596401489139,6.863828931604154,3.44
Sugarcane,North,Laterite,1545.0426320737374,35.54944182325971,69.81715372846455,81.18927184668209,29.393758933722488,43.4387391537532,6.637493794055565,2.6073178935779624,81.73
Wheat,South,Alluvial,1007.5163416118982,26.909564715917718,71.41704362165957,97.57027220807049,45.73541608021589,18.085546562445618,6.175018065004398,2.3672654460600926,4.19
Soybean,East,Alluvial,976.2013722573854,24.712425487378713,50.097985721722566,81.86425696324957,37.92226873268712,67.35694793835441,6.745160813048489,5.575324790313971,3.47
Wheat,West,Alluvial,1201.2976359153217,24.767964165685807,41.81227196813623,44.441877072258556,33.19865234389573,34.62415482342566,5.648705059055054,0.6885817538253391,4.12
Maize,West,Sandy,703.3268924396252,19.919293383055837,48.74909092378001,61.38657452347192,69.66105064188221,31.99088678481796,6.41969381306091,0.32734866099199367,3.97
Soybean,Central,Laterite,1225.1488002329431,29.021232999932252,78.80151820769217,111.68078859020387,51.74059133132309,57.576580627762254,5.461324814257991,0.6849827208547085,3.88
Cotton,West,Alluvial,885.1818282007682,29.67215188772951,90.65747564801384,78.230651768391,50.72317357932804,44.15405277104243,5.796183422119097,5.9498418383329295,2.63
Rice,Central,Black,1337.7017610052023,27.327086064342947,69.33126606777975,59.517803413994386,27.891818259429726,59.3358608134983,7.280494250327479,0.4772951730475088,4.74
Maize,North,Sandy,539.8797694989456,31.599536127873193,66.38787461508677,111.35593220229636,39.44219689146842,37.94142717233959,6.31533141830461,0.5091082530822905,4.22
Maize,North,Red,1135.1998563898394,31.647036968595405,79.50859447902198,118.7417205438588,37.94458512924594,38.87868717396795,6.350524176787711,0.42873707427880503,3.92
Sugarcane,North,Laterite,930.6302286428177,27.349169043010594,85.71752652045762,50.5310824488323,41.40743595429898,32.85841009061354,6.106650187822982,1.326398941960997,86.17
Wheat,South,Laterite,788.6070105630004,29.92747896525102,43.21900958284301,67.4255727823724,33.395939269751004,42.30767831136837,5.9613099361830155,3.1830824604072743,4.72
Maize,South,Black,1231.4033737638217,37.8634046200946,89.41900958827483,71.39073980928482,53.83811617204982,39.413405329532615,6.517620602409481,0.9620551585428677,3.82
Maize,Central,Red,955.5034231439345,22.88973052299445,59.2926027159212,93.33018836256116,59.96681646662478,29.43850165193183,8.290712444624821,0.21098989957436762,4.16
Cotton,West,Red,1139.8038394470593,30.86582265109494,81.25969270938414,75.49078563722385,51.48161746371841,14.63655164081758,5.3686450740770635,2.695702696178336,2.82
Cotton,West,Sandy,1379.713576235891,27.434121831482738,48.98552441323088,83.06075354269423,38.49971490655106,47.13163457368635,5.716105256493876,1.8823419732224613,3.11
Soybean,North,Laterite,1237.4486932661848,32.228732815549364,80.50252970903047,76.34907672227135,33.956410101770565,44.847936890471836,5.744750254094042,1.3045863628696064,2.14
Rice,East,Alluvial,675.8886594858582,23.032556280598225,43.494573161140806,134.99728433668548,56.23682904217503,36.04284042408182,4.7195471792301165,6.653963326388011,3.64
Sugarcane,South,Black,837.4761234968532,28.00139370933089,81.81969530513759,94.337874538962,44.857044831137976,54.19428140642471,6.402865918881192,1.2713586589311356,76.78
Rice,South,Black,1137.7874040255665,23.601999372006002,74.6501949065183,72.65978777208379,48.347063406662734,42.24048570691947,6.324544230797652,2.637489092570784,3.62
Soybean,North,Black,1238.1630704720872,18.165063096568893,41.419356684235446,73.05370037301775,44.58861011625885,46.546728668545626,5.993594488460512,0.3451391633298078,4.47
Cotton,South,Black,882.7131172198293,34.02193832859223,84.13120654921106,91.82856225772746,28.855643331304044,39.92838075465537,7.019951785724393,1.077544369617755,2.8
Wheat,North,Alluvial,1059.3560438583565,24.827682433573294,50.36031936416687,56.121221531650825,63.45084111154911,16.195838470422387,6.135221549128303,0.47719248010178095,3.75
Cotton,Central,Alluvial,1057.476131918191,22.78758401529575,82.14373392854617,86.75327348711562,76.80649631610228,59.588598501729415,6.362770373784349,0.8558486304084219,2.7
Sugarcane,West,Sandy,1099.269755516525,24.115522713609998,67.1671743721908,83.98192043499328,33.51884002155982,45.68654640638523,6.629577288381042,1.3067642587979966,80.59
Cotton,East,Laterite,646.3157887701859,36.12219660208767,46.30593510933916,58.38452349784974,39.41004899301204,20.102107448400385,6.209700078010255,0.38352411638426415,1.81
Sugarcane,West,Alluvial,575.4903608411564,33.55263868740707,49.80171020835772,22.135546411941213,34.290719837904696,33.20812046490326,7.858573360892985,3.249563245787297,49.73
Sugarcane,West,Sandy,322.2288959315805,25.909010798701317,100.0,36.575907508750475,30.056789355419838,48.60545348131825,6.180915438092614,0.9432452394319423,59.21
Sugarcane,Central,Red,1031.668328616973,31.30687091631739,99.61020523859966,74.26207386381124,48.944328915047834,62.66914089591506,7.020261095799008,4.53805455966486,100.83
Soybean,South,Laterite,590.742931855732,21.62306893521133,61.839827150555614,102.67547428621847,31.31378494051731,44.30991944855605,6.440796832416006,2.245748343267559,2.74
Sugarcane,East,Alluvial,1641.0176907145283,29.617714765989724,71.36957432221308,68.76966907441333,25.672036580403308,51.07293162753379,6.4784582057042845,0.38864073683415046,73.37
Sugarcane,South,Red,1196.234816339879,24.84717884562523,83.04550800364638,101.65005108623603,46.693407125335455,64.72054416213457,7.196545924636875,2.0542846511503763,120.27
Wheat,West,Sandy,645.4399182666235,29.18049096298986,45.621842965170224,70.8332202108665,26.879944831633658,64.00722433882011,6.250973254662274,0.1,4.25
Rice,North,Alluvial,1340.5392231329834,20.131114702142426,75.34904268847306,53.72221208355303,30.75987828509243,43.9564013049848,6.456908203057176,3.2940394901995087,5.42
Maize,West,Alluvial,1341.2494908511785,24.02430399053705,79.80752289961202,48.04125125506715,29.855969254233436,49.88470690747725,6.698675282756016,7.31664353181312,3.32
Rice,South,Red,1365.6172464776046,27.90954299405011,70.42767115214342,56.835615292469186,46.937799564178746,25.319102475724478,6.027464326066499,2.264901702011791,5.36
Sugarcane,West,Alluvial,757.5784913485586,27.856671779854864,85.8641832211794,83.51842722124358,41.11243171594761,39.22696141219105,6.89479095236503,5.220773533302022,96.07
Wheat,North,Black,1214.8163004676524,19.685912210674434,67.2896593627031,78.8599140734046,11.967332484955431,46.09644264182816,7.706799577411657,0.6985450896280851,3.06
Cotton,Central,Alluvial,1370.7001858027993,22.140771945256496,81.57945316033339,73.79576928479065,44.28620677606732,33.70965079645806,5.816257892130028,1.101867877872542,2.39
Wheat,South,Laterite,1471.25714492716,29.117080219885917,68.5445043041331,74.8360486568673,27.622477974091986,20.09901075133413,5.987046930158144,1.1053706024831103,2.74
Sugarcane,West,Red,542.8771495100907,28.53009650368511,41.994535823795374,107.62602222081173,63.06488896663218,39.4065130498409,5.666286084473028,0.23763344662663927,86.18
Wheat,South,Laterite,934.7097679271322,30.27741136955535,79.08442741986966,126.98938433081688,8.946846597338403,13.475157941178505,7.94650387936129,3.1836194511691365,3.51
Wheat,Central,Sandy,746.7972446463586,27.9510085238931,84.52920289133942,61.554413763956575,45.63980458254814,62.65167866617326,6.9828499375218005,1.3666569337444372,4.31
Sugarcane,West,Laterite,1559.2372795276342,21.734034526685157,62.7319612275333,75.2972405890595,51.67341381137855,39.140002087189956,5.470008822753308,1.3483677159357772,80.14
Soybean,West,Black,1147.3172001563394,25.230786596699602,44.91360868501653,49.46594962666542,21.898721719256045,55.93575960708185,5.303422483033111,2.20806651416697,3.43
Wheat,South,Black,1267.374341314674,29.65511196808895,78.02111837972069,79.63643745242328,35.82002027074878,26.80804257173115,7.004098046155283,0.37503953326352474,3.86
Maize,South,Laterite,1142.9066067104845,21.99161529849981,69.74715237266815,72.12729102986295,41.43000731986923,32.45421043487028,8.365563978090702,3.32310630077157,3.73
Maize,North,Sandy,1112.585675322057,21.369854333735752,69.45518919719643,85.3666590630935,37.744612109468285,48.814048829176016,6.450901342538117,0.9110079309278868,4.18
Wheat,Central,Alluvial,741.0135637119738,25.485127078904295,67.83529200447609,101.95757881249797,47.30913382378016,62.39341440952591,5.315995857455215,0.16598280311205074,3.98
Soybean,North,Black,866.0471731459347,28.35724955277654,80.11565606889985,49.757991996840985,42.36592446348532,42.78817703546023,5.187720987003302,0.4222452435757509,3.36
Cotton,West,Laterite,1021.4546093503916,17.785840727337508,69.31904401369282,74.6861806556226,51.79593285811562,27.59722651868738,6.213625808300494,0.5829852013221476,2.73
Sugarcane,South,Laterite,805.4242868085176,25.78754611687495,57.876187534762266,73.07539595530878,44.94685070469317,53.1067447295362,5.379540509859062,0.3918969568248165,92.82
Maize,West,Laterite,750.0484630714764,29.592793510035104,40.7710898440165,83.96959217380567,41.63912432890312,23.93279853234556,6.296953110096997,0.5547399681221247,3.46
Cotton,West,Alluvial,938.296818116166,30.57679919093642,58.0771024936925,115.01077754499211,35.85502938083668,59.52914907946011,6.912611024485667,10.970224022054238,2.13
Wheat,East,Red,818.4567973965709,21.98115102525187,78.64338251723233,63.73773049210179,43.71007818816501,55.92581247520667,6.712192669105825,1.5431984814122914,4.07
Cotton,East,Sandy,1014.9451270532303,28.859699219968846,59.978576965657425,95.22970895674449,66.22460750686085,28.626990318054734,6.852714476950433,1.8472672954029115,2.51
Rice,West,Red,867.1388756598845,31.968467577777293,78.6177400768708,121.8049425704018,38.70515946932992,38.12960299942486,6.701235836171351,0.3631078242736669,4.31
Maize,South,Sandy,794.542402152998,30.0335258584056,43.78627697854742,58.85127179994968,20.898657974641857,32.33555911780203,7.082069457430197,0.1,3.4
Wheat,West,Sandy,721.7127519058533,24.940521324365594,49.825097396720906,83.68116000888764,56.437839384325756,45.70392954046407,6.29759639895027,0.7431440190149122,3.43
Sugarcane,East,Laterite,1001.8287760136923,15.073988814367766,48.95448380538728,83.46343369510427,71.13500675803553,47.0406393995688,6.58065015116895,2.9377447415336806,112.01
Soybean,South,Black,1266.4894821572236,28.04667703129405,67.03063501980223,47.59456053392632,48.66306684865308,14.276187529380621,7.541294886455859,1.6364315897746329,3.22
Wheat,West,Laterite,1195.2614661836817,34.89281953758348,91.88020047355754,94.47914495656136,69.47408848278232,47.779397015843,7.134308493076679,0.1,3.39
Sugarcane,Central,Alluvial,541.9269444733293,31.1203090626456,98.664504368015,108.06779563146866,42.144602097655714,38.531081421738854,5.4911222256813765,3.109609201492546,89.66
Soybean,Central,Sandy,1257.9252283032724,30.772911984531433,80.86307810323903,63.29987928118758,84.23471390734153,21.722973946736595,5.855967397781951,0.21962892567093426,2.08
Soybean,West,Black,1193.1427095860179,27.84239308280238,35.63134240401943,72.75898115657125,17.973179928598196,49.14855377346939,5.4797905880971225,1.1609978497093232,2.79
Wheat,South,Sandy,1266.1820219192375,31.48391215279469,53.718784505682315,36.325860666446474,37.74005309432053,63.76259863200094,6.338607625491136,15.099016340983377,3.83
Cotton,West,Sandy,1325.0836990909977,28.516243635636524,20.0,106.29979122482095,48.986935512292106,41.65551486607427,4.5,0.25877594036704504,2.16
Cotton,West,Laterite,781.7038528650997,18.268580368595913,67.47804135703511,101.63404618554935,28.52924836104924,60.95986874843828,6.972144596172003,3.375084051375426,2.14
Soybean,East,Black,910.0591699120545,31.45789506547873,89.37321617072014,56.10540375887942,57.74191876348317,52.314174088128006,5.742694464391478,3.2109718796849664,3.03
Cotton,Central,Black,1537.139054232157,22.694340518867463,77.23261005654334,58.9404697571456,48.204636471982575,52.48497401779166,5.071452693900495,1.177722019332812,2.15
Rice,East,Sandy,1519.3121144435422,27.33616493154737,38.51798739198505,70.05615060522334,36.76666452223745,46.97537638283126,8.22051959786599,8.89039125645968,4.9
Soybean,East,Black,977.0234319047946,30.695983838695383,85.83083668679183,112.30000301336747,46.4464839631375,36.68240294163803,5.923354118098178,0.7362471153532245,3.72
Soybean,West,Black,1180.933427400548,23.254126259302275,83.064193505276,78.19590343473459,42.9856811478753,28.870500619972592,5.1182516443892485,0.7589580302462897,3.07
Sugarcane,East,Laterite,1207.1799614280505,22.072716061063595,88.14692277010315,83.79434542629994,49.745660811784774,86.12629445022334,6.03891209153206,0.3306802511827962,112.6
Cotton,Central,Red,1527.29338964606,29.38584954594914,81.63662768746607,83.79777348542567,36.50548503002274,42.59015282559765,7.758561526830462,0.9232913741516514,2.08
Soybean,East,Alluvial,1103.584116981423,21.432302194258373,57.107962434632896,114.31714043116028,6.84021510221244,42.30831599163888,4.5,0.70313020614513,2.93
Rice,Central,Red,636.3139303563908,26.036018844131853,37.1762806450255,70.67210086769535,52.95855257660199,56.29545723730838,7.295468465145853,1.8551537549707073,5.53
Sugarcane,East,Black,857.1982214507407,32.64186729969612,82.56389297164873,76.60816452942427,39.02282271299625,11.596317828277403,5.082850768441308,0.1,78.86
Wheat,Central,Sandy,1940.0609978629973,35.13246146482192,76.6489919773401,109.35918424093867,28.213280088709812,48.63607687001969,6.874839462663937,0.742877112913947,4.04
Soybean,East,Alluvial,622.413622789617,18.091850316847783,35.421031786727966,109.08908182554697,34.37853960589399,60.217204081301745,5.6038548123004555,0.1,2.5
Rice,East,Alluvial,1015.0837364882741,25.906458174992395,50.53552612225638,53.89291917462835,37.05106819618972,59.831546210544914,6.523809680905265,0.1,6.09
Maize,South,Sandy,1694.0600320757358,33.35024648207502,50.9568844132571,31.34537455537317,17.692184456963243,48.59794641545594,6.096632318821366,3.432928711861973,2.96
Rice,Central,Alluvial,760.0770274646642,25.00940856634088,75.91206773330461,79.819957392467,26.676438371507793,24.907660896878024,6.750251131060177,2.77111640084255,4.8
Rice,Central,Sandy,181.9301496020986,30.959431666141192,64.76749589967699,96.16770199990377,38.275868334938195,53.483137246253364,6.957963048376432,2.726256077167242,4.08
Sugarcane,Central,Alluvial,237.1008207109404,31.336486824129498,61.044770567025665,87.87693449313493,37.446449641781726,23.338173431742945,6.90087412850975,0.8727814027545855,66.65
Wheat,North,Red,761.7358108708495,23.945106575514643,58.70781262540187,64.69825678577257,25.996462583697483,62.60858761299611,5.914355010594529,2.4029087567240675,4.25
Maize,East,Alluvial,471.1195742830206,29.14309245753905,48.11498605181042,126.59828566303425,20.67600842014869,51.71961021814872,6.715272930615446,0.5928683285848378,4.89
Cotton,Central,Laterite,1311.1502011787504,29.447300416455622,79.48072821573372,53.28486924343453,27.20466187347071,34.3231253047899,7.241076070131679,0.7403927611944537,2.04
Cotton,North,Sandy,1080.4432320429605,31.550933071882284,54.096656785522676,45.905374262269554,44.45087528842096,56.191560204360776,6.309269306838412,1.6532857725671646,2.04
Rice,South,Alluvial,359.8488136004887,18.874251198056488,82.43564326705612,108.8621763356335,30.303806806137146,37.68490119787521,6.63362286587601,2.405422417237688,4.19
Sugarcane,Central,Sandy,521.3947323224063,33.46416671000763,44.10442704255267,69.49251635430964,53.080614371756255,41.49825062301707,5.5932185853822975,0.6177484025349962,78.03
Sugarcane,Central,Laterite,1372.0421479260517,30.434296286636012,57.62042518140296,122.46419824627398,57.43178665509588,50.819511831065526,6.727733418582229,2.2744008903482924,100.27
Cotton,North,Alluvial,1057.9477167096493,21.348071902321813,94.47249883898952,73.76107004829372,66.15781390167666,39.21683979501378,5.98635380131847,6.566462082181781,1.78
Maize,East,Alluvial,1430.0894033171671,26.360990669274415,68.51933467769736,70.29728538589481,49.36807721617018,36.6839400457138,6.332827855975679,1.36178998459499,4.47
Wheat,South,Laterite,1335.703230505865,31.18918480606117,57.641797143286624,92.41583511754985,46.33614498897092,30.622306067885116,6.488114727150374,1.0454834425447412,4.99
Maize,Central,Laterite,654.843788808022,21.614465264122323,55.57870118373317,101.37501955631353,60.660663514315274,54.16612861732931,6.6574694834248405,0.5292318337637721,4.17
Soybean,East,Laterite,1264.5904197005666,22.377237806277705,51.95908920392787,134.01383624779055,21.726662980913368,40.65070434791969,6.1675924195414975,0.8805749622026748,2.63
Soybean,South,Sandy,1168.855319829013,27.093040159562296,71.80545459719795,101.55017823453468,49.39494921818051,55.74925800521903,7.824839379719286,1.5050323330997726,3.63
Wheat,West,Laterite,411.48371372111194,24.818814483163177,78.47894673656566,106.77694958431064,54.23853525830171,31.41382668571547,5.72625603645735,5.768649522686902,3.77
Cotton,West,Sandy,591.406501231439,28.25433056849084,68.76945862199103,65.52635083872718,39.84471092444422,25.390030157721295,5.2239645336277585,0.6042454949819175,2.32
Wheat,South,Red,1731.301146528407,31.11478898883804,64.11173768633262,103.97212185451073,52.33928694286075,56.52131860694209,5.483722662196266,0.5265338467204204,4.01
Sugarcane,North,Alluvial,721.7079286198784,28.361210704847856,74.02353064635648,95.63994300933716,34.99139839592691,23.91878048768888,5.681338736404393,6.467263759083701,70.83
Soybean,South,Alluvial,1123.4563348999304,26.948506506619363,43.93162842806465,65.46465165173525,40.5919852747556,31.715151687727992,6.5024501169073,1.862016572527933,3.93
Rice,South,Black,942.8047755436335,31.137715760747106,70.67123102326796,45.610529037659454,45.49767745480628,48.85257868301802,7.938678473190045,2.6580901572947386,3.58
Rice,North,Red,1055.1171855633013,26.475498727030637,71.51981530563857,57.42677515579671,45.05241560907869,67.0705208483619,6.8030323897273375,3.5403372342899386,4.93
Cotton,North,Laterite,962.6505795681243,23.271311465331,69.01029546865055,67.0852889565432,19.15560429233171,45.522874495821505,6.286111501133679,0.1706589906431887,2.47
Sugarcane,East,Laterite,1289.5561878829546,32.776408945127855,56.67155774907999,75.14017990025204,32.29463453448752,24.12882634335826,5.935311793630731,1.3264518605524689,85.06
Maize,East,Red,1281.6972533058774,14.906676188438578,53.3743520887735,98.64718189128641,40.635055351025855,26.42420641909809,7.426993506629256,0.30188341637896626,3.79
Sugarcane,North,Laterite,1035.3773702722835,27.320149775192462,45.4875678241658,103.67252457979838,45.88202593631513,39.95500321913363,5.615504071811453,1.9580022431060802,92.2
Rice,West,Black,728.6580869190934,25.182879059499985,87.05872358628807,123.72042645072645,50.09873844762561,49.62216456414363,5.224207036137296,6.146612223376103,5.25
Rice,West,Sandy,829.3633477153563,22.384971514405482,64.16484030699966,90.66125259199872,40.36629416722493,25.80879599114433,5.784633833093629,0.11579539971929952,3.99
Soybean,South,Alluvial,527.2240909587069,28.492903756004278,58.64305576376205,43.67249850746383,56.620676329913536,26.578201580165285,6.0622865492505875,0.6406989448762331,2.29
Sugarcane,Central,Red,899.6712094721418,29.29856316269499,57.18155183944836,57.47771946340504,35.612380914062065,39.10817269547204,6.959100402790139,16.10399416941923,99.93
Sugarcane,South,Alluvial,470.0724398668241,22.854905722538305,50.652607373482724,74.27072524452963,52.85268541266228,50.64774669277121,7.135808527868274,0.1,91.99
Rice,South,Sandy,1065.6541599137217,20.020133688475635,56.964440979867454,106.76781752187964,37.75032200809426,20.641840176639633,6.912109175775308,0.3006133039175769,4.72
Maize,Central,Red,1088.7994685973508,20.470183600237938,83.16844507219758,95.54150458105016,26.244163501464286,4.540969193263507,4.7069271928065834,0.16844063075482765,4.29
Cotton,North,Sandy,1301.575588495579,36.06618724980833,73.72566907674492,61.02349794962974,79.27750119298585,38.56730873305096,6.498372321958963,2.8883834893262006,2.62
Cotton,West,Laterite,633.9742620256505,36.61849567648407,77.42740113660355,52.15911059648809,47.487976503626236,80.7977643480219,6.5289542797876745,2.7800373355877217,2.62
Sugarcane,South,Laterite,654.3414096746374,27.14775220697047,79.38929610552631,64.14196015081967,12.386307606526465,33.049072250496074,6.814571336740162,3.0064188781726,102.03
Cotton,Central,Laterite,1457.4104105568772,20.142133099193316,97.99745200553123,49.07212804505041,53.55295380628364,57.69632544273847,5.276248363522412,2.982032800337347,2.35
Rice,East,Sandy,589.3808611144501,26.27324476043703,65.41580273274914,77.00903682847718,42.46816026573397,24.65167574402001,6.152665512270078,3.606291454600739,4.38
Rice,South,Sandy,1615.364865705702,15.996635538265245,58.58018102830942,91.12329808668505,53.00547464320074,41.85059965623807,6.130573580026079,2.964546375661434,4.32
Sugarcane,West,Sandy,722.8308650437974,28.573392730917355,71.55765912170679,87.3976577656552,48.12906274134098,56.38629094576956,7.206890412856491,1.3215398090930293,61.15
Sugarcane,North,Alluvial,724.9275111759277,22.029693789018097,74.7301491337388,68.12172292098276,28.545971334620763,38.03320789819667,6.512702773955392,2.736786272682462,72.25
Soybean,South,Sandy,1252.8429537141226,20.94900077203627,64.48931256843039,80.70437448947251,53.80154727867115,22.068539732802893,5.938004220629005,1.8206992941515912,3.3
Sugarcane,South,Laterite,1164.817458609319,31.888164834007146,51.5905372189514,47.34038806697044,30.058655093795863,40.923140273960655,5.024644121683963,0.9130618274079089,71.55
Maize,Central,Black,1492.4610443783508,26.22877113487893,67.78995164188501,62.85556018270461,27.89009483418686,52.302705390037616,5.400977325777096,3.6227978223036073,3.43
Cotton,East,Sandy,432.608754330936,31.328398260230294,73.16735499237029,87.77616161263813,34.975854748156095,69.61409414070117,6.945331288230743,3.102712415596345,2.66
Sugarcane,East,Black,1160.0906283415252,33.034552449304485,70.21082261324108,136.24456037454866,24.4294435568523,19.97342799735378,4.710491422343589,0.381090051470542,89.23
Wheat,North,Laterite,986.2079337089558,26.552941858188863,37.43541046353606,113.67565913296629,47.516658202500274,45.19246186519687,4.918378058319533,0.1,4.36
Soybean,West,Sandy,676.9815836698122,26.974208893839076,41.148657507354,47.28627077155952,71.28441104245809,27.311693070531014,7.099826244211384,0.7595211622182306,3.47
Wheat,North,Alluvial,1564.4418679003234,32.29136603989796,75.75176421911564,101.10930196490288,23.44073271851335,42.43509895511568,6.999918159471153,1.0342491646079017,4.41
Rice,South,Alluvial,1070.6049396649273,24.30611113030721,59.415337492281395,84.38446865803097,60.622835819747685,27.126500933833967,5.397899100224196,0.38318695856034896,3.33
Cotton,South,Black,981.1452677882274,32.773168289527135,98.36858874128495,85.08307802749356,31.019029513871036,29.968087713675764,6.263542820722677,3.863785524821282,3.0
Sugarcane,East,Alluvial,1136.2018676781552,16.883782356236008,85.11741098831106,143.80502019036064,31.095158751199058,64.30422022933048,7.646419650008116,0.1,88.79
Wheat,West,Alluvial,481.4937198661705,25.22595471066089,45.978050739823686,67.8660093287325,22.877491540749073,40.99466499504783,6.519862886748537,1.321820512926108,4.29
Cotton,Central,Alluvial,625.418192373692,27.93621511168069,80.39772925894765,93.19781375313303,45.14445292548543,20.650457152516896,6.770580680699788,0.1141513366987958,2.5
Rice,West,Laterite,900.2136529387142,20.974994278873133,89.00865305308342,99.2105999433533,20.144475670430904,37.492903700234955,7.677930438687293,1.5384900584098307,4.06
Maize,South,Alluvial,1094.9205042382855,28.84769474948044,58.320895509818,62.6278411876405,32.88985892092742,49.90107738731887,7.944523893313136,1.2459338598102345,3.94
Soybean,Central,Red,1382.390311013473,27.86103985992843,63.707335688191186,27.676654962138635,56.63278418805676,43.17550719344988,6.501730081409813,3.0296395315349565,2.64
Cotton,West,Sandy,734.5236312402839,23.339037448428506,56.779444272308055,46.766290829364685,63.45467579497138,46.998509552085196,7.631575872862326,2.3402703480778513,2.21
Cotton,West,Alluvial,666.0126041005917,23.14776145406285,48.16015341616814,86.37388499464494,25.7472672324308,68.59494490811757,7.192372530497908,3.7152263566957493,2.7
Maize,Central,Alluvial,1150.427910026052,22.63979252110956,88.65466920602951,102.40679324493229,35.436644144556944,54.60064971747299,6.104078170804268,1.5720453434313801,3.55
Cotton,South,Alluvial,959.2305968903419,19.167357519387977,26.15039258686224,93.52782832184668,37.871397613160305,60.9581139003309,6.791222868562069,3.4568609237012966,1.77
Rice,West,Red,423.6176805830157,35.05043551340773,54.88128240013779,93.2252704135657,17.927072989259702,45.81162302169331,5.049491705664077,2.5397660590755557,3.74
Rice,Central,Alluvial,724.4873579851492,25.94806118144572,58.66310996032023,88.35851184344283,31.391570325421153,53.14148886376404,6.947586046647958,3.0237230820778795,5.74
Maize,South,Alluvial,945.4696039755763,20.23531964039642,67.3578193340524,59.336615761097434,30.48260551275227,29.662207866117157,6.057323668118242,1.8359699978897075,4.14
Soybean,Central,Sandy,953.738947086576,26.388450589069443,46.40455620023698,79.30696146018455,47.33053875221443,51.18796963521525,5.83837328881032,2.5429062816517876,3.31
Sugarcane,Central,Red,1026.9574818499696,28.199433430795718,85.32401581127537,95.7018309690288,43.67935921082589,63.40777430313578,7.30328791448169,1.0273759847621124,97.93
Wheat,West,Red,609.9041319859971,22.90963555758014,37.46150445485357,91.77961832051571,41.857923667835216,43.29610801370657,5.662375411895937,0.17762320604313311,5.21
Sugarcane,South,Alluvial,960.6955763442986,25.176632983284083,37.6809125373001,120.98458714755077,36.83379472753289,33.73764470739907,6.778493160543364,1.0777143286341515,111.75
Cotton,West,Red,1284.123513093365,33.519929960554535,65.87079664865101,65.44534749065022,59.67097186456128,60.024506528868564,7.226457210519751,0.38086972568363275,2.15
Wheat,North,Black,133.7097097848531,21.160939099489436,45.69570376630011,65.90625089890119,39.673754726727566,28.1416175536916,6.114765247132403,1.9851520837208891,3.92
Maize,North,Red,915.2830025082295,24.09189769754382,68.11636930656131,62.437058556331166,54.902556106504946,74.36522497344228,6.621987560318361,0.6109925501829326,4.33
Maize,South,Red,501.40877868556765,16.97290025982689,53.89859455338716,11.679985419172667,48.845408962521034,45.02924995262015,5.8715470420993,6.346920676126328,2.94
Soybean,Central,Red,990.3304933715987,36.11640471643962,77.1109328609098,95.35259331816579,42.29130784974128,16.044850385939057,5.7395414311463,0.6326944830959083,3.06
Wheat,West,Laterite,548.5645323683746,30.29078280476987,51.08197091312541,80.10569458896666,53.340143259699765,46.76351534083624,6.299365184621213,0.20657577480345268,3.56
Rice,West,Laterite,1040.2223604709172,26.752174263159354,86.66826158429414,73.90857729771741,35.37863180358264,61.199580460471964,9.0,4.250944866053304,4.58
Wheat,South,Laterite,1487.990915120038,23.409649517573612,74.44111271705931,59.618716114738135,26.581275595559603,56.887329734018834,7.925240639878358,1.0702752940461933,3.72
Cotton,South,Red,706.1622633386811,23.15995382478267,53.62857059478122,93.79034021045629,39.55703141863078,40.554650394423724,6.060780358259113,0.8794505559197585,2.92
Rice,North,Black,749.6677196516778,25.65459345831248,74.36369606949098,80.43318626857022,62.536808913073855,42.270959088743076,6.379582724134642,4.332411858148126,5.65
Maize,East,Red,859.0445951701597,29.480750278204262,67.19023913912677,118.61882583094739,43.21036889336206,56.84876274793254,6.155992946196095,2.119483724476788,3.49
Wheat,South,Alluvial,1095.6046459688387,21.682085166346752,76.78265788274862,80.60533187022102,32.433248917282015,10.794729675722518,5.441654016251329,1.5193075159649871,5.13
Sugarcane,East,Black,694.2861186621731,24.684415980230256,73.99165495697487,90.47550873182642,27.833912531536107,31.691605625160037,5.889697427892879,0.792402729275937,95.29
Soybean,South,Laterite,885.9366533634239,31.286302934559053,70.3893029417057,119.30096103279428,17.172465291580036,29.428394508468124,6.0994903235995,0.6920187577303514,2.37
Sugarcane,Central,Sandy,799.1529263919521,35.04566593410373,65.96978081148822,71.74239777001175,27.699476581072783,52.68001686375996,4.506386933851169,1.732675084628683,68.78
Soybean,Central,Black,860.0417515790916,29.717627956008464,78.56710982792984,69.15697304575832,44.50611989630734,26.860337265120496,6.246241741202637,1.3918806632891443,2.36
Cotton,North,Laterite,1099.1233967088333,23.68887203273244,82.55894887220195,115.66444567880754,36.43783521314508,29.431059890095224,7.0629617623384515,0.645935431810256,2.38
Sugarcane,North,Black,1165.319148870466,26.224947886478198,67.04850501348349,41.021829382054975,43.33317261683472,33.25874553272462,8.036538272276722,0.4067998117980226,105.48
Wheat,East,Black,556.9598059552086,29.0614356693821,74.09222849627913,73.50955484094487,26.31907646635308,27.63235945589625,6.914401950012444,3.407601749297169,3.81
Wheat,South,Red,1097.9524292988924,25.54263191171813,79.0588731805614,72.89499714158528,55.399477584857834,56.04137737601796,5.7707174861968475,2.3278824076557854,4.44
Sugarcane,West,Alluvial,1943.7284760173561,30.559174415386078,89.1039054037705,58.89222750181309,51.28711550653718,33.00907115989781,5.6978378693422975,10.009214159980807,103.63
Wheat,North,Sandy,1463.2675278036077,23.349772030867506,86.48185180969743,93.20956944796029,31.566968176849933,48.22187277343231,6.428157222725206,1.450514906757855,3.58
Cotton,West,Laterite,807.4427142790462,35.06640959420802,80.44785268818748,65.74734092762071,18.824997749690915,32.176655236514485,6.526566977963757,10.36566956640965,2.4
Rice,West,Black,1039.57105861916,26.562442067985696,58.78816336309882,82.63380364115004,43.753357489317864,39.869490876062166,6.398806030405468,1.2354358687060443,5.78
Cotton,South,Sandy,989.9265202828947,23.84442847466995,45.306885217732685,56.683201826204495,10.505077652890911,37.2224924351194,7.425672430723138,1.5312498634491478,2.0
Soybean,East,Black,1137.8364156906068,29.958025009743636,73.38945634088671,87.13677452211114,20.27086991076841,11.910097573506505,6.842706745366068,0.4691852887265826,3.3
Cotton,South,Alluvial,873.3356245253224,22.10427044112757,73.27590527179255,131.9919673710578,33.946300626343934,22.336595289528777,6.88053299302931,0.32388316010986645,2.63
Soybean,North,Sandy,919.255049278162,27.73959512901388,59.04586715025168,78.69035887450777,26.77697013201795,21.38784664397706,6.764539398240732,5.634151337895986,2.35
Wheat,West,Laterite,780.7528147058451,34.00701844522275,44.98627932375071,79.75093789898207,59.42372221499528,56.382005527540095,5.948299729899658,7.949466562137325,4.61
Rice,South,Black,1328.6315735549204,20.917300574808714,89.83690269131647,50.320108897849195,35.05827920420861,59.320928548660646,5.181021091934741,1.5861989159405814,4.7
Wheat,South,Alluvial,1093.2913641738144,32.95689584424027,71.3839087766886,101.06188920494736,47.31222941319866,32.61059979855344,6.393722264330362,0.6356062441572343,4.28
Maize,South,Sandy,1095.566814539674,20.54476891055354,46.876309299623124,77.84244073570491,7.338550887809291,46.719051786958666,5.9748271825704276,6.048379505653126,3.93
Wheat,North,Black,1365.5137437354522,31.1023762753021,63.09530759887799,89.82191505070193,13.232823107472985,29.544325300543633,7.010702620083889,3.1866165605106516,4.88
Soybean,East,Black,1369.951958459509,22.266823798879532,44.844727332037834,103.72923497403805,29.86126189591601,44.27688857044896,6.031253458645173,0.39643453296092745,3.04
Wheat,South,Laterite,1313.349409810568,32.959112609110065,75.2267635182477,75.47382127137388,43.20131891433444,34.6836845703426,7.427707692959044,0.7086145607611019,3.45
Wheat,North,Alluvial,1360.949224633621,24.119533600638338,92.7512222386454,105.52362081642758,20.943705500046814,32.28134806256244,7.014642152895182,0.1,3.31
Rice,West,Red,1468.8004269243277,25.2174234599011,62.20965466375246,107.15720727242918,45.44163758086233,49.02375378962371,7.832235379809983,1.7445594741981143,4.28
Wheat,Central,Black,710.0142578313796,22.307792981149433,63.61271379628573,88.49641337310207,60.22525683137863,44.822929232439655,7.758047867188795,1.4947684514241841,3.49
Rice,North,Sandy,910.3965810865226,14.940064121858848,60.85569745841755,84.98607558908242,28.170516704680285,28.755630037702065,7.088051953583021,0.3579876718998904,4.05
Sugarcane,Central,Laterite,1212.6844998370157,21.288289796408687,61.634052194052515,80.69684906924978,39.82804211383785,65.72978509343542,5.583146671439002,0.8289912910351113,86.92
Maize,South,Laterite,734.3411270063699,18.577277592395816,53.361120181896155,94.04115971588206,35.88759150458244,67.67324168885392,6.145792072719409,5.601007647932895,4.27
Rice,South,Black,891.0236786469313,16.79057160296678,85.73064289998855,92.91539862267051,33.64102786478281,41.780519418153844,5.937411563380814,2.09390157976669,3.99
Soybean,North,Black,1058.325166343343,28.469699241431154,67.92542002548122,44.24693838432178,44.77537841445021,49.10057910400209,6.588311296156877,3.9755428087494593,2.59
Sugarcane,Central,Black,930.9593395871341,34.62433522204912,65.95074363326017,63.20757112219343,40.13128402466674,74.9853095264184,6.860929005875356,3.6441681246144677,85.32
Rice,South,Red,1019.8056248029591,35.986759363083536,61.60919666819867,103.93071735868678,37.262878219498674,49.04753511544579,6.248226076540957,5.068012002312345,4.83
Rice,West,Black,656.3824834345279,21.187013560260638,45.90655319179611,86.2037292591485,42.12166047054288,19.639530742032445,6.977437453236191,0.1,5.12
Maize,East,Alluvial,988.6735876948409,26.45041365398524,79.07573240303847,74.56968673901139,52.94191822564211,40.64682242367049,5.9731333334549745,0.6088993762211861,4.03
Soybean,East,Sandy,1040.2072198542537,32.82393662413084,86.34438024784737,124.04743141514248,49.056402160969625,34.81572716427767,4.661978563063241,1.0742469466244864,3.22
Cotton,South,Black,1484.5013102664093,20.44200177140045,37.07798241556455,100.29979674715659,13.675100887509377,33.35892317157817,6.675105927921167,2.0438451052539905,2.44
Cotton,Central,Red,919.4111677352494,33.01802197390951,75.64170795398599,106.9957056885747,26.71192836526429,46.65135476831965,6.277460861237675,1.8736335860005946,1.97
Rice,South,Sandy,804.9208687733476,33.10022779391681,77.93676128206594,74.48351072902929,48.765533033359546,32.782237020381544,6.6003128185861755,0.5650074482276377,3.55
Wheat,Central,Laterite,1213.883217835436,17.269434905083045,84.26307778698751,89.63697764010995,78.7236985919745,52.520462059055255,7.124461504018141,0.42837739556291027,2.84
Soybean,West,Black,100.0,15.219588098510823,83.08197832985789,77.96411491587173,30.176158314177126,30.618051756431782,6.31507903134391,1.150414623626959,2.15
Sugarcane,Central,Sandy,904.7954633666138,24.998754316735262,100.0,54.12126150075764,17.524307079665036,23.525278491080314,5.523889710040404,0.5770164532749159,78.32
Wheat,South,Laterite,845.8859614862324,31.69037418486533,71.00390934624576,84.92362827949376,74.17486952193187,59.02183941522235,6.026834507249649,6.711216162513584,4.39
Wheat,West,Red,1078.2764970420114,19.401364344396256,79.89017284666846,78.55960747172483,59.001043010674266,35.92557710784989,7.632795554331564,6.731227436547785,2.56
Soybean,North,Alluvial,1373.8678763021876,16.808472950662647,65.18648371415843,78.14219181973237,58.01584414258666,51.959668985727205,6.850871941220402,0.24061605989389115,2.59
Rice,East,Black,1465.384359670405,27.321834235706454,52.957477355089175,104.76787530391282,41.65264958172747,25.87680883297922,7.431432413692403,2.442195862674367,4.36
Rice,South,Alluvial,1074.0843058757036,30.163796545332055,75.62410162453897,77.23100910549867,39.23787643867595,37.25612160436154,6.11397521148169,0.518132052810919,4.4
Rice,South,Red,534.4948865667766,23.599083890445563,79.90691001364698,81.75158325382989,37.8632738475634,49.776278959057635,7.0876016780842805,2.52767307245938,4.27
Rice,South,Sandy,845.7440180976408,24.007729744272464,70.12677457884105,82.9691632823294,51.41184033964617,28.37927946080699,7.273545407618428,2.914349293753717,3.72
Cotton,West,Sandy,878.6349625172421,30.133441126673276,40.096321509188996,92.5671678309424,58.78384777423574,46.90142699742751,5.271037319975106,0.1,2.37
Rice,North,Red,1110.16462774064,22.65039636177483,43.265652180235264,87.45074586320806,42.44651939206198,57.923451656401106,6.735919705973153,2.377172431136517,4.29
Cotton,Central,Red,1016.8739620481292,23.025667670048215,76.50942498199369,97.17458828261337,51.62560167685705,45.34727227695884,6.657618688542699,4.5421144770648265,3.07
Cotton,North,Black,793.5105616491015,28.386434531765513,59.51394322637874,47.9208064660719,60.88055206135333,31.92695910708251,5.5614631519179945,0.4874641039153453,2.72
Rice,West,Laterite,624.5054674250592,28.94498972742206,70.34139939381782,83.60558469175504,54.075175219073955,30.707107053975164,5.568287068634446,0.24561853991563096,4.02
Maize,South,Alluvial,739.4269301070724,25.88037087541526,72.24036827021959,77.19717207599794,48.737608166381946,28.63580095635261,8.132910154508547,1.6732248188459122,3.25
Sugarcane,East,Alluvial,728.39593493034,34.42241961449226,63.28374590408725,47.092644401660365,29.17306597464087,26.812472203776625,6.636751803138526,1.4573798164035685,101.5
Wheat,South,Sandy,1486.4730980608188,30.748865128668577,61.158736243339234,43.93012265545903,30.24117221136551,52.43250126900575,7.511031993626751,4.339081022901984,2.95
Cotton,Central,Sandy,769.1024181080118,25.245310567470067,63.045995583246054,64.30263382547776,14.134131395727678,26.021244999753183,7.090971788980152,1.1996266230178354,2.32
Soybean,East,Black,1018.0408167148772,20.546448533928142,73.87235363613553,63.70426102082034,45.78575988067523,35.59597270580381,6.541615672107142,1.067334089141174,3.63
Soybean,South,Red,1290.5324225042782,31.957113061182646,72.19996925500212,74.01923286380672,41.69763883714445,42.654089051859025,5.689291618735084,2.503317584762178,2.51
Sugarcane,East,Alluvial,1058.4694859297954,32.13237960204097,53.015381040842335,83.20404816335694,59.09185819317673,34.41672571901878,7.019854246618087,0.1611796757474235,67.97
Soybean,North,Black,674.19920771643,26.504868636559735,64.77745963205523,92.35230880441667,46.84990074863218,29.7158962876809,6.507314252504052,0.1174699127090036,2.79
Maize,West,Sandy,1295.525508339786,28.38441020695209,49.08939671002071,49.0477849718621,35.141599273326726,57.923156151373334,6.631070065122478,1.4060629357064023,3.61
Soybean,South,Sandy,1106.2561359110116,30.506217713975055,72.71533626370419,57.415489255320864,32.72866259978443,30.81195086919307,6.718998881909045,0.18649408407071635,2.99
Wheat,Central,Alluvial,344.3536792437126,35.01551801595156,58.01686675508624,58.262469189932716,45.18188543686839,42.66332745130615,6.783897352992179,5.5980766589484015,3.76
Wheat,North,Sandy,1373.716430798284,31.436297472807478,75.79658192973908,77.02597159428457,43.786055844518096,32.22110716285734,6.935650112051115,2.124027988839635,4.21
Cotton,South,Sandy,1262.0139109310057,29.225087989507095,61.393562209595295,80.70183307969303,67.34582388645038,31.364723283972552,5.774639920587472,2.801991990084718,1.5
Rice,North,Laterite,1101.5501459290745,31.6487485366381,82.16009038446452,104.9770149612452,38.36993902081329,20.05471451269479,7.062554415904842,0.5198037832640652,4.85
Maize,Central,Red,1490.4290457086631,32.75561849803371,84.99589674320931,57.07350040031103,47.298599373187685,40.23482009018671,7.0875544553700065,1.3625412985552636,3.19
Cotton,South,Sandy,1255.1403110537676,28.35359718727969,71.66302010275143,99.38265339510603,64.52154222609755,20.57065561579347,6.665581666394172,0.28738556740275084,3.05
Maize,Central,Laterite,1338.382542631863,31.58764634345559,59.49135080887425,42.97625855920316,37.804093615629704,44.3368418379207,6.983298802244498,0.4540613670006553,3.98
Rice,East,Black,1310.9204772155595,23.61845572754918,50.94054211409907,80.4804603819555,35.041196484662244,35.58580105495675,7.6544221144721645,1.679626443793301,5.31
Soybean,Central,Sandy,1227.1131972232047,32.17632886265849,79.42448137940568,93.79003606192522,19.991428655842423,25.64099996498541,7.178029068814991,0.6567651885204072,3.33
Soybean,East,Black,462.7351461588554,23.660011652440097,64.00709881291493,95.83491409959633,34.59456327358525,22.957622059587212,5.582158993278561,4.980920319677002,2.9
Rice,South,Sandy,498.55982261991414,21.958344119376573,65.72225013537634,122.28400403099995,45.66796469711685,5.482299641562193,6.0692023577407435,10.69626164663297,4.35
Cotton,East,Alluvial,1255.2521448528603,26.355786601263326,59.17395058975162,139.4449828692048,60.6123761030743,49.79925651710764,6.348455657240925,0.1,2.68
Rice,South,Laterite,1369.495221722539,20.29120995070556,44.25809671115309,90.13499103384532,19.385804781174855,39.19384295965008,6.028196990989579,2.8467369367742847,5.28
Sugarcane,South,Laterite,788.4479807294745,24.017492177394235,81.11724527911355,47.044924769439326,26.53695325889197,42.36071987538166,5.389788058008616,0.2450943413259937,78.35
Wheat,West,Alluvial,665.8711468701963,28.892369083282954,63.72928264048699,175.22912768044853,11.735208471942766,47.445076156332036,7.252960765025777,1.7095586286537456,4.39
Cotton,South,Red,1078.7950410380545,28.389620974883865,37.06625490130263,108.55257961759409,67.04005441974714,63.71803658574416,5.867436376660578,0.5187945654024617,2.63
Maize,East,Laterite,564.3835729232133,30.19779282750672,62.92957103255666,105.75789322718236,42.41696632490826,25.632501020545646,7.48057943344774,6.697623343445672,3.54
Sugarcane,West,Black,949.3306467628529,30.275015673097254,44.67959197334004,69.32172550727265,33.49979335374766,30.687277918477648,5.206421263424697,4.171836764021607,99.47
Cotton,West,Laterite,893.4680579454197,28.871051268950126,73.8556792383988,76.95285103436949,13.050302880352696,47.910620503903516,7.122772808859416,1.8097024202159557,2.2
Rice,South,Red,932.6629890995284,22.741757628583684,71.79504865179403,59.36546594364983,39.97071750077672,51.03038931502942,7.184435397496779,0.3872097888075229,3.88
Rice,Central,Black,1565.3293053715902,31.616349452727274,87.62381957950248,96.81183229657273,33.940272655046165,40.917640805428434,6.685156516050281,3.052780441239608,5.18
Rice,Central,Black,809.8025624617801,26.45191170178009,42.851234741774476,68.41118898905648,13.101421412742582,9.55451614658632,6.295261648930931,1.4691804847879923,4.41
Rice,West,Alluvial,1016.0226081835326,28.201356613817733,86.55812208830028,97.96408444035123,35.68312488021562,6.6036099103564965,6.4907325609158715,1.8912493562760695,4.41
Maize,South,Sandy,606.3531394692282,27.520535734638386,72.79002121252832,61.504800442032945,58.37799108375188,38.82566590525445,6.514703129989247,2.531293772892606,3.49
Sugarcane,Central,Alluvial,1282.112211074736,34.873004052638734,44.49630243613018,103.76100216336594,36.09515587217407,56.27364820070237,6.869418125528365,1.0768459093727643,84.94
Soybean,South,Sandy,946.1243427679256,21.02562482081271,92.40526267148825,87.06986315298624,57.64794954092825,61.544020194268,6.356190913918878,0.1,2.79
Wheat,South,Alluvial,1353.4924735833295,25.284381435723535,63.13311244838085,111.78901555699261,63.351376694618416,14.380969922428442,6.474109031509426,0.9056532555695384,5.31
Maize,West,Sandy,262.8678660272809,29.65677271352394,47.131479123183794,132.78659035262376,35.97398893551133,46.98148857290645,6.76930763136924,1.0675955235826617,4.48
Maize,West,Laterite,982.5607056094834,27.109542954612238,80.59374612866904,87.08206779625563,38.65941743593819,46.65482794549209,6.52033334673755,0.9143341326832627,3.2
Soybean,North,Black,1039.6382606969726,24.5765085430587,48.66640349554629,114.12935259603837,47.52195271595541,32.031906718884215,5.789621813377976,3.55636301575244,2.86
Soybean,Central,Sandy,1273.4569833716475,17.409816202722453,82.34331647736568,114.24754805012329,55.33972394980715,42.11122840664633,5.8711452805433115,0.807989030184815,2.9
Wheat,Central,Laterite,807.400364430611,25.565348244760074,62.12065299359984,79.46878756632366,61.33653970798909,36.355364570840116,6.439221687079768,1.076864145482073,2.73
Wheat,Central,Red,1236.047444317348,28.812122623067843,59.76165423930175,86.50340093755216,62.77818332002758,22.810421558738867,5.117264259830774,0.1271650803040068,3.64
Soybean,East,Alluvial,841.7693456414212,29.71757420648784,45.47538289193984,86.78198399508072,28.99671531178543,30.647779696111677,6.384755461433999,2.523612356832796,3.18
Rice,South,Red,1028.1271536712563,26.15962893357219,49.346139925612476,69.09202677108019,61.81997071418266,70.26130791348025,6.637103350467021,0.4852103203278833,4.92
Maize,West,Laterite,1276.5854671764928,27.889883559272263,67.4069790881243,69.32418817097826,47.718602916739044,44.33945272265838,6.426877800692898,0.5357890782317581,4.62
Cotton,Central,Red,721.069144202032,21.282582481908687,40.41199002253727,110.617298160843,32.17193486681021,21.825783180425248,6.865623326976534,1.767909271846037,2.58
Wheat,North,Red,1222.1754012192675,28.947014802944633,75.33837956630876,62.243361114516446,22.837173998118704,23.129197958012025,6.661945217145091,8.215280472476806,4.77
Wheat,Central,Laterite,1100.470771595807,27.04719146218056,57.127792114810056,76.26595845548573,28.02338762336666,63.359089311786995,7.182758216364525,1.0557559822123044,4.61
Soybean,South,Black,899.8977607078191,27.82604672319367,59.054165317677615,71.83326949170616,45.46555814587939,32.65953238192634,6.626918936894891,0.7924881004491015,2.94
Sugarcane,South,Sandy,799.5380213892067,25.902779479267135,73.74747306445211,91.50696728621492,32.629305888935626,34.39409441003344,8.04753231282719,0.1,73.0
Cotton,West,Alluvial,369.7513396597599,28.064114970754513,61.938909928478544,137.51016058239145,45.43708130693684,51.88795522126676,6.524488175722491,3.096439827309596,2.13
Cotton,East,Sandy,975.9202130923152,30.17305959825572,83.45864393618614,75.26412667886004,23.09427681232956,34.89699310863778,7.109551384519195,0.6056928499131301,2.49
Wheat,West,Alluvial,900.3994982997204,28.277291789191143,34.24467139374276,43.963231390310646,28.69312862830384,32.022220088572155,6.351863600348184,2.9292901474205513,4.43
Rice,Central,Sandy,1191.7395276056745,17.885577045152427,77.00678404370613,82.65474867083307,38.651486323587235,43.330690401425535,6.528922156078352,0.6633109829310545,4.88
Sugarcane,North,Red,1161.3993898147003,28.380827241105166,65.3613341188499,55.679132576947666,37.41864127853168,29.377104723577595,5.742960393644198,0.1,91.21
Cotton,West,Black,1321.035191308421,25.060664025834946,55.131778029358216,86.42460656057769,20.84513736502967,32.97564351400332,6.419088195503459,1.3791535630013023,2.71
Wheat,East,Red,1332.0187852058211,23.459027875578798,79.23486689844127,60.95057245743487,30.564276359191922,63.90291264588153,5.836381025842,4.730156233278339,3.77
Cotton,West,Black,1946.6613632156896,33.74586489536385,73.80235655186165,84.07701313622475,13.840477436777157,27.652438126571145,7.418503574829175,0.47294150053593875,2.3
Sugarcane,South,Laterite,1154.0979906612351,22.337424349996844,68.4250888592649,50.15854189465057,40.99471455688188,36.26452664690159,6.645477902305521,0.33428303628361367,93.85
Sugarcane,Central,Alluvial,741.8588231774366,22.90160191730531,61.20380418680477,73.35473140153941,62.91653719387215,72.05126839700918,6.956070555862703,0.40860591104077304,75.71
Maize,Central,Alluvial,1247.8578967570838,15.79305206372996,54.41800990038429,55.177727214197986,28.508327321885716,0.0,5.103512648512208,2.3441509621479484,3.39
Soybean,Central,Laterite,1481.7712169614842,34.20257436112756,48.81586908393543,111.33104076927671,25.699145542286765,68.48858698138797,5.200380441328005,0.9158245881641766,3.13
Soybean,Central,Sandy,1142.4691973147176,31.4557273030969,85.48902759519619,61.89517085660091,54.73929486642089,47.89890562724404,6.246446552052784,0.5915920145841828,3.18
Wheat,Central,Laterite,362.71268343730935,25.338856666234385,77.40103773164337,93.86084752005004,22.439130577436043,46.99642970808549,5.3638915854324,0.8240658880814379,4.04
Sugarcane,Central,Laterite,1166.6080612008827,30.06399903239488,73.5298054496806,84.47648153039877,55.08298954115939,46.765217891996954,4.5,0.7395084663999153,97.51
Maize,North,Black,811.0384458185448,15.872109018473145,58.59504006868563,84.97283439933081,21.970831210354582,33.53741218368335,7.140571644595359,1.5695474748205793,4.75
Maize,East,Laterite,603.4222359761584,29.37642887281164,95.50839375167402,89.32501705423705,34.66771998198665,24.92671124989406,6.759353206945802,0.2862021625238938,3.81
Cotton,Central,Alluvial,1056.0060319912288,22.71466035126783,54.5832798220125,95.0745694694918,36.383016928609926,39.60807337909263,5.863197723718493,1.4214877345108183,3.1
Cotton,East,Red,542.2555052152632,35.36876249000636,59.328922572408445,112.65458835677511,50.566060553263654,38.30821084916566,6.598585370430017,0.7472012959095562,1.82
Maize,Central,Black,1306.9441312886968,28.837711993696402,92.1943144169758,103.33344426154923,68.08472440232127,43.3992353002455,7.969495100675431,5.395155018354424,3.99
Cotton,West,Black,1219.2637502297428,27.6550338600759,64.21386607221159,118.15110856150221,34.80377363719777,35.44408161434305,5.757097182377884,1.0957278653968272,1.95
Sugarcane,Central,Sandy,973.9993179252659,22.896475570432543,91.07164566512304,53.399500707920595,39.72172842945272,52.61136748227496,7.230616635194279,0.21074210835867085,79.96
Rice,South,Red,834.9765303377219,22.92774705392474,70.67892819472824,46.4648707255304,14.354191806155288,52.25567917364101,6.135753284989626,5.424384387149454,5.65
Sugarcane,North,Black,944.7702136828756,29.96276769320802,57.27833021576319,121.42936390844352,39.38763760014189,18.28305970340238,6.006282630631502,5.545181800714922,101.85
Maize,West,Laterite,696.7254257193557,22.84966036159442,62.06286307997151,94.06221347467758,57.32177893336309,14.573926199588062,5.496913406214811,0.38594249031654576,3.78
Maize,West,Black,976.8867123757693,22.65308817405061,54.24791717190283,53.39962770295002,75.44297612369135,28.32807011041728,6.613900646119935,3.3902582651659197,4.49
Sugarcane,South,Black,146.66227675193602,34.03542416761218,75.39999328609747,73.01135376355535,34.60970603588049,20.018908975104456,7.144895578600928,3.9601459058045143,80.18
Cotton,Central,Black,1026.612989028061,28.437750282320586,83.3433360366544,93.42556692525707,50.75213923559682,55.97698908493382,6.748433960461005,0.8788601909477973,2.44
Cotton,North,Sandy,1034.2659824766768,21.51905586342229,72.00988102451556,78.82370067142712,57.36257768695744,30.301461316053633,6.326523491080404,0.34751788225995506,1.86
Soybean,West,Black,1253.5449004272225,29.758732774346505,69.25444498554356,95.31039719804177,18.424905869365084,47.8059504888721,5.98194951748045,3.203421832240135,3.2
Maize,North,Black,1089.9434727980263,25.60469926891395,49.41148115692928,50.634799571339215,61.27885612263927,37.959037234661714,7.8843064898331505,0.1,3.21
Wheat,West,Sandy,1293.2004285614498,18.17088731841303,81.40088752662818,79.24581611310786,27.89519383372179,53.62370930554374,6.053166484508405,1.9320519501643088,3.99
Soybean,Central,Red,1164.1093327157175,24.504957474521337,77.59845328515249,82.94051828506204,43.9687656503117,33.4617157933292,6.047064486023689,0.8370249984417927,3.01
Cotton,West,Alluvial,1310.957281121837,21.757093439290735,69.17138240845345,62.332549081756895,21.05667332751912,16.48480712346639,5.249681034002399,1.8128132081146813,2.11
Sugarcane,West,Sandy,1786.4275191977658,28.27888782142636,60.47940867889415,72.91709091236368,34.50255995682187,29.60064583857132,7.9012960480700105,3.1103494167090764,84.47
Cotton,East,Sandy,1126.0051425845108,23.722089894191946,65.65857310503314,68.41725355276593,14.677814550785431,0.0,5.144469544794406,3.52912397227918,2.87
Sugarcane,Central,Black,1055.2072434302088,27.454511252219085,51.351608569418495,52.265350686789354,43.997817260931875,17.367026082973446,7.260286564037439,12.961459912786962,87.4
Soybean,South,Black,1356.1146763804466,30.331298420482817,42.88523173575118,64.56402989117366,63.022322124666374,45.09871183699245,6.979378885212158,2.0445548206198474,2.94
Maize,South,Alluvial,859.5305491688913,38.80479841480333,60.50229143752232,84.77426517194931,40.49268318490831,42.912010499643664,6.115526921953388,0.5058247341200685,3.53
Cotton,Central,Black,964.2436702103747,36.89950586026673,52.099634241173185,55.63625719835791,18.36972757131997,31.43416607469602,6.682078500103346,0.6462104688082436,2.26
Sugarcane,South,Laterite,1126.2983854835709,28.116247094040208,57.38546378408964,63.1278735399995,34.92391932202851,37.429412535107716,6.872610057321854,1.145916588748537,102.14
Maize,Central,Black,1021.7245113185513,26.736979261619766,57.68073211787285,37.42711511963508,43.2042700352717,16.101615909178335,8.313979372477885,3.7739515459140893,1.73
Wheat,South,Black,1020.3740322402664,24.0245414555636,63.82961751094639,116.00742372014966,37.81506018302391,50.1366819134312,7.908022442192411,0.914111713228105,4.07
Sugarcane,East,Laterite,1269.9337609978938,18.78451016708709,62.84457323506739,103.15053274463702,50.18125459226469,36.923739734609825,7.0906026682718215,2.3312353981062373,58.23
Soybean,South,Alluvial,491.183548144132,15.568430907029809,20.0,110.1192391097134,70.23402317300783,47.91141084574637,6.702465421950656,0.1,2.79
Wheat,West,Laterite,1610.0377235416713,22.786480031696264,70.21846320457212,89.02665478718458,39.11724751502713,47.04047155648286,7.0333255560925005,1.1244412678767497,4.06
Wheat,Central,Sandy,1145.7700053953683,35.18722407941357,66.97244809513383,87.36100586130374,38.046272181477065,44.25097381816793,6.688128265004681,0.36550600068582356,4.71
Rice,North,Laterite,879.9216010557229,35.01548782003581,79.41721486659243,74.72099144061133,29.18242595767788,25.784906991652925,6.78472749502065,5.575581860953679,5.03
Cotton,North,Red,1488.4158725046368,27.358216447854566,61.792848488213,112.5065241591559,55.45186576471444,44.16738586211058,5.979792945199055,3.135013682741632,3.08
Sugarcane,Central,Sandy,1031.06021521112,29.3260807884055,81.26650363404586,80.58993506520135,68.66012455878254,46.564386964994405,6.4457431713537785,0.29871942560074627,88.34
Wheat,East,Black,1038.969561278877,23.976414599688265,62.70453857116313,30.99238493597494,37.15244001826724,29.91024813270785,7.123527201471065,1.0278319226511647,3.32
Rice,South,Sandy,935.5890151940108,26.849247828551682,70.10117888535325,31.677166960593773,43.819483995447634,44.77280295791475,6.54407194074727,0.16804997815496497,4.24
Soybean,East,Alluvial,1440.308099160266,23.119132978718994,51.24297593943287,89.08606756106059,42.439528596602706,18.228993432164884,6.892368160482377,2.7452459361637014,3.23
Maize,North,Alluvial,997.1947062496325,23.11014983455195,82.04120366742458,56.010198003042056,28.476385076753218,48.235329525839475,6.087691936590255,0.42481658582181847,4.52
Sugarcane,Central,Laterite,832.4752102417606,30.06268929312773,84.49996411217404,82.43454986977538,50.98935412185919,44.606071095579495,6.462604309870121,3.2626920968519637,95.88
Wheat,Central,Sandy,1299.6318906579554,23.973532144246665,93.249735307769,98.97214287141051,39.392328150177704,62.3637410694757,5.511294077998349,0.15381101375174436,3.9
Cotton,East,Black,1354.8866127266097,29.46082914692156,56.86337853296264,59.26131612769741,43.405735437336965,68.8464773729579,7.133295085760227,1.701743257519416,1.93
Rice,East,Alluvial,1481.9824941016423,26.264042723101014,72.94528453963673,72.51032744359435,54.48753499435026,36.19433968236045,5.095665199837366,1.8740137153331706,4.46
Wheat,South,Black,1190.0797126148902,34.08936109736539,43.403023978095504,73.41902539160995,35.09927866852186,47.66017394106582,6.884248582413296,0.8139366844284417,4.42
Cotton,West,Red,1343.879948572945,29.761706499551696,36.691492602149935,58.33487943528135,41.40675731229976,45.186165316529554,5.405673446368512,0.35875153465578263,1.9
Wheat,West,Alluvial,922.2240422205123,28.22163150796702,73.45153430179779,44.27139323726948,29.118702801258802,35.87803336327913,5.741282450978899,0.782619129833902,5.0
Sugarcane,South,Laterite,1307.739825984492,19.848381671347262,63.30739779383506,52.68990283241594,23.6246132359398,13.368280489256907,5.713878725657125,1.3684214826157108,77.61
Sugarcane,West,Red,1222.75678178016,24.547452648854645,45.723649293812116,42.65906568502882,41.81997293882501,22.965810423660862,7.187552591925476,6.954493042316266,96.79
Sugarcane,North,Sandy,1159.1380806827979,26.748578372589083,67.68695902676413,75.55708443518968,43.11564827111279,31.99566751219425,5.531214661778238,1.1845842023011823,74.2
Soybean,West,Black,532.8625717698911,27.272805958630787,79.00461276301498,75.21872114357103,53.846797813903265,44.041295691112545,6.351681426711698,0.41991631624611525,2.78
Soybean,South,Alluvial,883.5478079367776,30.3161439098625,65.94648178721187,66.82839925439448,28.550517449294347,60.727360225187624,6.165923227490043,0.1,3.55
Rice,West,Red,986.285497996043,28.030100700721736,83.42716105494566,44.49803282056151,24.252169477241488,38.4655628369002,6.295458932878653,0.1,3.78
Sugarcane,Central,Red,1159.4788081705685,21.833859919020643,55.088658703777355,107.63341532569949,66.66362644596484,55.60486859408432,7.098441084336663,1.0782375378466758,102.74
Cotton,East,Alluvial,1720.2211326173378,29.960571290108074,81.2411550953303,64.43486245163676,41.967809124989806,61.73241307527298,6.397845659081265,0.702832744621424,2.07
Wheat,North,Sandy,1257.7731749056272,24.69366461490652,59.243438259943886,144.16527726471082,19.343664386529987,31.40865932277542,6.385429259768774,0.2445204296536203,3.78
Maize,Central,Sandy,756.9959917685915,23.762342616786462,83.4524839586295,101.62934960901165,39.168665995501684,18.947959648216088,5.770301359692067,0.3779079761869245,3.73
Cotton,Central,Laterite,855.9269440452648,21.48643492921329,45.93213717667326,28.44464576039502,30.14703861331705,40.561192803189456,5.737967181005973,0.8612765801560595,2.01
Soybean,South,Sandy,1416.9591107051974,25.243358195648575,68.46103195659576,110.86087433829482,45.37346423772185,19.924415324902455,5.3785078731939535,2.320742345350721,3.15
Soybean,East,Laterite,842.7339357646398,24.213949807590474,68.42929829335738,62.43876257348299,33.739615022755125,67.26065511151151,6.215754885331966,1.8811051267760495,2.9
Cotton,East,Red,1305.611349256404,32.80370668004471,72.15673857834553,56.82679763572948,58.553744977740536,57.49094695427203,7.687996670906447,0.16666611308380205,2.1
Soybean,North,Alluvial,1035.1666270707026,25.662448716167315,59.72870146848855,73.19851320943292,20.500191776809775,61.13524207318581,6.643838181042449,0.30869669061117877,2.99
Sugarcane,South,Sandy,950.083318160072,29.660807826224083,71.47514789302835,108.34495324648134,59.174694630589315,14.051625471797934,6.54581197463383,4.780713227854808,113.11
Rice,North,Laterite,847.2803830126246,17.986308231396404,62.02568759421809,93.08456667111626,51.14662390722262,34.547327088496374,5.254881109736319,0.147468012894165,3.97
Wheat,West,Red,100.0,30.722159707158742,57.10125949738197,84.56183332450061,44.84240094856139,40.79941503949573,7.391743481053366,0.443471045839163,3.15
Rice,Central,Sandy,1161.9253372602407,30.206917498013862,86.2113910510879,59.45288432322029,55.516917182415554,46.026204725742076,7.781290078730771,0.765281687355896,3.96
Wheat,North,Black,684.3610710969792,19.72136054163959,66.17048810854384,103.57803872123534,58.2322611752134,34.584771120169904,5.830645010859741,0.5230388191030477,3.48
Wheat,Central,Red,574.4897200705464,22.64078733780879,42.292529558627805,55.39849222317355,40.020133276500204,1.0452598665801816,5.718955943348318,0.687343525810001,3.16
Rice,South,Sandy,1074.3324105657553,23.685028947575795,54.90454926991025,106.07220288075155,64.44464377019443,46.93633777472012,7.650771572275572,2.601998688750567,4.03
Cotton,West,Red,1308.8628633873327,25.986524465905376,86.77230940745359,88.32861177532035,49.2675993019454,66.50323386271704,6.8098276238791575,0.1996697109678122,2.94
Wheat,South,Alluvial,490.95757357218224,23.47545474428788,51.37089268165922,65.10745357405133,31.784360393524494,70.14942042477193,7.875087779003069,0.8684496690428023,3.95
Rice,West,Alluvial,1301.0186522941085,25.77519207586591,73.11267309153138,133.1379364658366,19.799809451096348,36.015692772727,7.442784087849227,1.892104955394424,4.92
Wheat,West,Alluvial,729.0382230614903,30.26781761854331,54.581869714784176,102.80138106858801,56.110102130426846,41.17797966025309,4.961965297761662,0.10014797651283722,5.5
Maize,Central,Black,1194.6793168098766,24.209162012897032,43.42693004412318,93.9658665891877,39.991478820070924,24.907800724972876,7.772676831889046,0.1,4.13
Cotton,South,Alluvial,1173.68476117055,28.48623505465289,72.20682329917705,82.58343888667491,13.127258642852702,41.192065270196885,6.6043779523814745,1.3805725045903372,3.77
Sugarcane,South,Black,938.006965465421,27.877692314589666,60.07121138201061,51.40632786507685,45.0021165908002,33.56717195834051,6.518357757056558,4.601664230106535,104.3
Wheat,North,Alluvial,1008.9618803684492,12.21237365448931,88.82792652045129,80.945452712946,36.1291884300582,32.22531130250153,6.526153738528014,1.1767400867887847,3.21
Maize,South,Red,881.1399029566816,22.96086665178216,81.88315832916842,120.10564468103536,29.945345560409166,17.552642250052376,6.437466019039854,1.0439236707779573,3.14
Sugarcane,North,Sandy,1079.0611770782482,31.928319393739983,83.97886878231772,45.561119820710736,55.136833833054524,63.114321804270155,5.283906261629552,0.1,79.42
Sugarcane,East,Sandy,1076.4118279045845,22.52632951623687,80.99130095322161,94.18206497394962,28.18423740185925,36.34881934870894,7.60811340985195,2.6388524800537554,83.58
Wheat,East,Alluvial,722.8344388057894,21.645839980863702,75.34268449878907,114.8576651882721,33.199332581966644,32.82415581509607,6.057137033675647,0.3584570391060866,4.9
Rice,East,Sandy,592.6504230579519,32.179466484854466,44.51293640348734,116.10818865124895,36.76361864830951,43.36565927705138,6.250714456290017,2.3979284027815138,4.5
Wheat,South,Alluvial,1302.5062549571448,27.767220251385762,61.49068438709134,57.49780818701168,55.252315656964335,31.31803907138194,6.962061599181552,0.8569749825388245,3.96
Maize,South,Alluvial,1061.2032041963496,34.28630117924868,75.06311166602472,66.37740304224089,22.382726056837406,8.541860532545556,7.899730566184095,0.1,2.83
Sugarcane,North,Laterite,1260.9508848947758,24.676001712402453,60.64391840547703,82.52306909342968,30.509215467229687,59.58264747595716,6.433065997064741,0.7946983951814844,100.69
Wheat,West,Laterite,798.8788661068104,33.01067093541223,64.5500252757148,91.34617234880332,46.37776946416805,40.517100843135005,6.659828100067861,2.1550347392457234,4.76
Rice,North,Laterite,752.6684686615675,22.55578305671443,75.86917565142699,112.04315716300812,47.44050253372363,51.81046623342299,7.621034722803693,2.9249573831779263,5.43
Wheat,East,Black,696.4489216390427,14.15773253252426,80.84085535077271,74.97156458392863,23.108164914167222,42.90417463023598,6.952981571459823,2.0186994527546327,3.83
Cotton,North,Laterite,945.7727266089321,30.366364910787354,51.16111053110757,103.64094969757701,34.09047761171589,54.23114726647022,6.875265476477678,2.4830778648019627,2.93
Rice,West,Alluvial,1069.7338862763731,29.866161865636048,75.05061513694821,15.900355759676657,38.240193858461616,50.53010265133045,4.5,0.5381501837481754,4.62
Maize,South,Red,836.8525398377705,30.364408106525413,73.47441833653717,73.35026489810983,44.31960294814527,6.731091299138299,6.261827880527396,6.719046619049983,4.1
Sugarcane,North,Laterite,1469.4473746995209,25.967310378698308,50.16697139995618,103.61723058293867,36.85394118914241,46.724587596895354,6.634831717851923,0.5147209015746562,81.26
Wheat,East,Laterite,807.3556621357927,34.334754367609285,58.90275099628269,100.83743340211477,63.08147677019602,26.603514374664666,6.626596287094224,0.3728979179760049,3.94
Rice,East,Red,1074.6388406437554,31.327543135927954,67.24527739815119,56.04353894942658,38.52182179158301,26.536442086811896,7.232889536537397,0.5748621901765673,4.97
Cotton,South,Alluvial,735.0870733009353,31.124594906679963,85.84922441053558,105.66257077882861,62.63762162513797,14.65204163008217,5.521427818935639,7.155046678806666,2.25
Rice,North,Black,798.0640007527061,27.608270391401078,58.77871683896364,44.494964463991636,33.02590621231918,67.12614166923704,5.681461379493239,0.13431829531498116,5.99
Soybean,West,Laterite,974.0987228956258,20.265007375470958,71.26482433771062,109.91112716932122,15.988030578168239,37.95505525064895,7.277789671006962,2.9695376805377554,3.17
Cotton,South,Red,750.2091817790146,27.338235991934212,82.53149697314936,74.89166340113076,77.6633622298493,33.75682033252035,7.371561741658825,0.22250345453895007,2.67
Maize,North,Alluvial,1026.8246344178572,28.797282289912143,92.82021164833694,68.71668262731583,38.6973342300332,28.516864835062655,5.672699537129564,2.9681799673876825,4.31
Sugarcane,Central,Sandy,1132.0752740867206,37.164019694847774,68.40241763317752,72.5483950165123,45.54438518735091,75.20837566571618,6.715316622040255,0.6487586407784586,92.93
Maize,East,Black,1328.0123287090585,28.330220122806338,33.205015652894524,89.47600015359194,18.247683454984045,55.19943198509671,6.304802067882539,2.5938080548156695,4.14
Wheat,West,Red,676.0291171324789,21.769578899042152,78.85122894921275,132.00933239025397,43.92905370584432,3.964379921807705,5.984598793818018,0.10048369224687524,3.75
Rice,West,Red,1050.3526916746937,29.33644289085838,68.16605753797255,110.45253140379995,52.32353042817326,60.461481022347485,5.540365539323192,0.8147200457218249,4.8
Soybean,West,Red,981.4155623525147,33.28761041694099,52.32626376998582,51.320669282701374,22.815680776557805,26.218124455390218,5.782555342847839,1.2495737549048085,2.75
Cotton,East,Laterite,445.5456221622243,35.542823505129824,75.66595356685329,53.967329016791105,37.861007886007904,49.86217812742514,5.842723715553146,0.1,1.84
Cotton,North,Sandy,661.3638710216267,26.46549596468706,92.97997063248594,32.35492340780728,39.091882866780736,33.34960186343864,7.74135824803425,0.3989720856673246,2.76
Rice,South,Black,1142.4841857656058,26.002059344716002,68.1348388833107,87.72169185920967,20.784023405906616,13.972655697781676,6.896258215738292,0.3697651777082766,3.95
Soybean,North,Alluvial,594.2029558046052,19.94322855837108,40.67282319543345,75.76153145082131,64.36881673658704,32.271843687571064,6.727320283801495,1.3132514150938628,2.45
Rice,South,Alluvial,977.9738557935685,23.98327935044429,86.66138146610761,95.68439481236625,0.0,43.617575672848936,5.604018026386271,0.28583174809202966,4.7
Wheat,West,Sandy,363.2672509524119,29.164073133371694,65.33966654892296,67.47515009398607,7.9210401007302735,43.86082556758818,7.559800531397921,7.559358066214197,3.9
Maize,North,Red,969.1142896218072,19.38069197488791,75.68822946785228,70.08773363887359,41.594726333848804,34.74580924255322,7.654375700454456,4.359492961129753,3.24
Cotton,West,Red,383.94732663418085,37.23776083154302,65.93018446137552,43.69761080001002,25.0765966319667,40.799685686328104,6.696220528544625,0.5080724059286168,1.96
Wheat,Central,Red,818.6264371881188,25.216662544240382,71.84252940278876,107.58374680818123,50.15658396923334,41.98434452293799,6.606222012047458,0.5336945986099179,4.14
Maize,West,Red,868.6783834652572,27.601797720567276,74.98524577859392,64.95114194094938,34.815436728033205,53.68855097392171,6.608335984031172,5.891123886931531,3.85
Wheat,West,Red,1036.9076687584466,28.710709461955844,77.10424039823239,59.10969355014568,45.97725106198985,59.66010411349557,7.09232228018549,0.7120481213612553,4.51
Soybean,South,Sandy,924.2346640270459,32.64572463137393,67.19992838027902,104.16428757104799,19.494347928889358,40.028036594843805,5.331191574187088,1.1008276935339032,2.59
Cotton,Central,Laterite,629.2298362123167,28.333558824137164,53.59135147430747,43.106756248316536,34.03718362318661,20.146005372377378,5.6482128640874,2.41783248532704,2.07
Rice,West,Black,634.8355026593563,21.659478272085316,67.90520526632251,93.74236454889116,33.36217157842893,49.603240403130926,5.859924876489085,0.8433006083225931,4.96
Rice,West,Red,515.7674193201964,29.109024027533536,76.82805852529002,60.79650723959961,75.16055246230854,50.24437362708191,6.124078143283597,4.654919514824492,5.53
Maize,Central,Laterite,1061.945651327035,32.63522298398169,53.69590785179585,77.10194255373202,33.20577371177126,53.374889581993266,6.744266198906441,1.7785004375214482,4.36
Sugarcane,Central,Alluvial,1048.705959478671,22.526520731739172,48.40027223385677,31.630231407563336,5.65907421662461,25.612039551065727,7.314171579500765,1.6751247337613564,84.28
Soybean,North,Sandy,1200.8224644351449,31.000162449133143,84.99541698045202,94.43797924141646,56.51679968196577,52.098366074172894,7.244475014300826,1.6161979330242136,2.14
Maize,South,Laterite,849.957504089012,28.271245795754513,90.37372208367458,131.25073169216657,36.337325662782874,44.745522996881604,5.242748503116252,0.2376734245249522,3.43
Sugarcane,Central,Red,479.6969833826837,27.4757480249607,65.57557951420594,48.42478197408161,44.04194694893417,48.69590604720159,8.012930115487515,3.1255081807488208,71.35
Wheat,Central,Red,905.2002117214811,23.800059887315143,74.01829780277131,108.87502610746242,34.819948440613274,28.521425563031897,8.268627991010328,1.6977952596438521,4.64
Soybean,East,Red,1003.3140977316671,25.888776668654195,70.63671693290648,78.81733385010942,20.856331726987253,11.866029281648345,7.813943793663073,0.11000913574974908,2.41
Wheat,Central,Laterite,650.575302299884,29.192866177136437,32.300923293245674,93.36510146206776,59.604334286510685,19.557572584105735,5.948286044021767,3.799051853068846,3.11
Cotton,South,Red,679.0480911653549,24.87911823627499,68.10090270698163,50.49911213445375,25.330733302689744,53.248420742093536,6.105998690337749,2.6146570355163004,2.48
Soybean,West,Laterite,1135.2769257272753,22.103574144426926,86.9895947945798,54.199603106611235,17.764817695911226,65.67361359443515,5.239870018769329,0.6818539926267896,3.09
Sugarcane,West,Red,1030.186463863055,21.899350553691654,47.38437470471172,82.18648679545765,47.0548271923751,51.704491567474115,6.7291430835856225,0.6738546385113406,80.99
Cotton,West,Alluvial,1339.8608271160138,28.40460130588292,46.012436156107206,74.58950402586606,42.335687106516694,21.61841554981485,6.717722106581915,1.4052480022933806,2.26
Rice,West,Alluvial,1516.6302425486017,29.446354612460418,54.04476778628244,83.7267435272226,56.04065548526019,39.343036275519374,6.208811432096677,0.1,5.92
Sugarcane,East,Black,549.1574091895559,26.661548727834646,57.88796657445267,43.40947801391884,44.20695865807665,44.37979639232406,5.769192435407924,3.317473393845938,65.82
Maize,Central,Red,874.3397033174473,36.07561311274731,75.0071385489206,95.26059390546742,38.872546553369816,40.666799139963565,6.677912043589644,5.696193440816196,3.18
Rice,West,Red,1037.090340106108,18.496629976340166,84.80960606732017,89.70892793973076,53.61476082164581,42.38207652095278,6.364674908245482,1.1833568202138856,5.33
Rice,North,Laterite,1109.0720197687783,28.89853206184975,84.45771086784862,107.6475639207374,15.282427233815557,24.03663736651488,6.81158089545511,1.5382176590928407,4.94
Maize,West,Laterite,1304.7643552647214,17.796326352210336,74.80920903582467,87.91282693953094,37.274578649169435,17.636699638599037,7.749360708401614,3.319198017955065,3.54
Soybean,Central,Red,1218.5874893098662,26.48096984631709,41.13370270042692,136.39238473947162,25.80200213019649,25.273051929582827,7.03539006959629,0.6503496875779626,2.43
Rice,West,Black,1341.5290349684913,28.250227202318186,41.07229337056373,130.18933458793637,43.79587033049327,21.331358514148075,6.694018076963335,1.35348684426901,4.3
Sugarcane,East,Red,1018.408061905201,26.117412566401345,76.01270347970035,80.43037326132419,52.235518184036664,41.712285541348294,6.658406189789817,0.23530270874185732,88.27
Cotton,South,Laterite,811.4488759247475,17.23930416120298,41.19519499602892,79.44289161078889,44.183236771715606,43.47119249452207,5.6696431528384785,2.4207045021162075,3.02
Rice,South,Red,1584.9869558162022,26.524403107729455,73.33032392078748,59.24817286375773,50.631649672783574,19.35610219654061,6.45854724036451,3.1486723039806432,4.24
Sugarcane,Central,Laterite,1045.9975537786775,27.01460871233817,69.16245044269198,46.10160381305666,58.584437515832164,38.7380797228804,6.749022251421805,0.13849789009780608,69.11
Wheat,South,Red,927.4457529989595,31.487412503254358,58.04808670259345,74.30371128190674,47.55138706319095,67.68196151285262,7.237872903511818,4.281264139915801,3.84
Sugarcane,South,Sandy,678.3342054474895,19.86487769080964,26.804267057451817,63.90174124016556,51.119455661043034,42.134255780958625,7.036443018570018,0.9384701520690926,75.48
Cotton,North,Laterite,1047.8405243312966,34.20481535661595,68.02672664490468,60.3644572904538,68.1189465599244,33.53763654247725,6.293176442324622,5.107397692254776,2.64
Sugarcane,Central,Black,1301.3470079109459,14.410915884646093,72.67785182406008,88.78468297845316,79.5959838605746,53.0145648583989,7.599327681385316,4.608623650108785,53.59
Maize,Central,Sandy,849.8603814641809,20.520009983408915,56.65839858834495,40.60169747433421,37.64682210011821,75.6570554662545,4.940609479257685,3.129882399601993,3.2
Cotton,South,Red,959.9861354802366,27.88068833325226,48.62096809147799,50.437442757889485,25.89939833170573,43.11478298897094,6.954815141131416,3.545674452858062,2.88
Soybean,South,Laterite,1074.7469324630363,28.553286874874004,69.40002885954932,30.706396166104575,1.3113470522525077,31.10111420188059,5.735907215125944,0.6832163306835796,2.98
Wheat,South,Sandy,1141.6524308687217,34.55977655357203,43.21600471031279,46.186529762079445,68.87145713859927,41.76123636662278,7.725477147677523,0.9154758021516551,3.92
Maize,East,Black,922.0494651698908,27.966276391897654,74.25290652620133,64.90274542487334,31.475559707747855,60.74869376877105,7.292657178868183,0.5490352756896,3.46
Soybean,West,Laterite,881.917240446772,26.49230672793802,80.8376436582518,100.20193358985176,46.93982399572224,38.885044087207945,5.323581301355153,0.8754747683646019,3.36
Sugarcane,East,Sandy,846.7713941615132,29.22218375806294,35.59791583402541,128.31996116402655,49.900695888270896,40.50249001408106,5.696707110305594,1.6506397146633893,101.83
Cotton,Central,Sandy,668.0210827700218,15.293669718886655,57.07794834650808,36.81405668627389,52.08173054609132,61.268623353331265,5.113939599454279,3.9906486491671083,1.82
Wheat,North,Sandy,768.9465887978505,21.961668379072126,64.26847069706749,101.92760367043451,36.23699178764291,41.69622185356313,7.106481844246673,1.5845362010552564,4.77
Maize,West,Alluvial,760.879972438164,21.12332413304711,64.70900125160911,55.91755606565435,51.91906137400674,65.80378094760653,6.861954589619045,2.385974398417496,5.02
Soybean,North,Red,537.3468746671517,31.75968460324721,51.81510485120761,84.083669808669,48.131883027317144,19.041415374660104,7.226111596990071,0.29188049187783033,2.65
Soybean,Central,Laterite,1297.883400927427,33.50003658782106,44.956069018861704,94.4197705044289,29.8297734382309,46.866652578904365,4.5,5.612473728042055,2.41
Wheat,Central,Laterite,1107.8703214864463,36.32482821782698,58.0979016731937,115.13798118004021,64.3962490066462,69.62412138261753,5.84388529785504,1.7501877393635792,4.87
Sugarcane,North,Laterite,1042.6681349977584,29.847763434324044,74.66177175987102,139.8981098318112,50.152747134645935,76.89316407738065,7.087726672456849,2.990519326699125,112.63
Wheat,North,Sandy,1391.3643954441702,31.460053534509758,73.55717059122654,106.0657086101267,20.743226618729196,33.8315548792558,7.520888916291757,13.094462489949123,3.81
Soybean,North,Red,1215.3542147916232,27.469691732218656,73.74052766509341,68.12528286768169,34.426159456009316,36.021799505318775,6.221407146091059,3.9283095154404384,2.45
Rice,Central,Black,763.1153030237773,24.503456264400114,83.7648474118594,41.536159448017905,34.08947437624214,69.1376541833259,6.72995733881174,1.4038462557086484,4.96
Maize,South,Laterite,1352.0173183950112,21.601958524475663,49.28989089260124,85.80989520403816,31.44875491071462,34.83390110153042,7.126027769366526,4.050523302485169,2.11
Wheat,North,Red,1291.6784552439665,21.153943336011547,59.33035250118283,96.14698200572253,49.1691139876377,32.25888837320692,7.736455376894136,2.1513089542900596,4.13
Soybean,West,Red,664.6235009269276,20.144016188496458,62.22744683327049,51.12938737746694,59.367162216581406,32.55818113856981,5.255584867669559,2.618801000601091,1.43
Sugarcane,Central,Alluvial,1270.834320580346,30.65554572110454,21.76278147107501,99.39355212895573,23.585993025667783,26.759982481383325,6.330098283182714,2.028329792644413,82.82
Soybean,East,Laterite,859.825128370233,24.950343210376193,68.36362965243711,69.30272948299097,34.643071829859196,23.991812372036666,5.282187154483677,0.6783262780051889,3.37
Sugarcane,East,Sandy,1299.1444716830424,23.382290681293473,64.55500139545572,51.73809230341672,57.19362013396042,37.18066864627847,6.867849989825199,0.8143649105619825,115.26
Wheat,West,Red,898.615969879313,16.864186145224338,47.9546742666402,83.4207388676225,27.399601291082938,15.579750322021948,5.341958705315773,1.634425075040354,4.35
Sugarcane,South,Red,840.0001831853623,22.43413636318045,78.06939361386978,57.434980005509345,29.294557107628872,30.968377286719253,6.499659480147552,4.144155475426243,87.25
Cotton,North,Black,870.9177634931589,25.564472338999884,77.12155544361026,51.09507688089079,6.213859923646972,63.63143806945122,6.593287410276887,1.2049424656639827,2.57
Cotton,Central,Alluvial,708.3495381552889,19.3179524437989,70.99743242107249,87.17639494007774,51.53124390113683,53.35167916486494,5.852307022408516,1.5555263115271893,2.51
Cotton,North,Red,555.8931165991315,40.29997969049418,39.36755910654312,90.38294864499562,43.033739078921215,31.611941303421574,7.301371182377742,0.92120493617632,1.89
Rice,Central,Red,250.30076204571685,20.29826096039551,50.40486933135763,70.86666055248409,34.988188100132376,43.94915156756966,6.687688924192492,0.1,4.69
Wheat,East,Sandy,683.5981000002223,32.762936217935504,69.56053227947123,86.86759258222865,15.916486177377845,38.64045122460117,6.53752414050898,2.063063344390486,3.72
Soybean,North,Sandy,1789.1869840661952,26.39738404696577,56.94566130398556,108.54144185031573,34.858553974146,28.752836974633638,5.945691625031977,1.6691251570886183,3.31
Soybean,West,Black,1143.4782666182589,24.167666264939996,61.53758628098498,100.80404710889238,11.158418370443375,5.4973015665400595,6.3421704240178585,7.656868919920382,3.5
Rice,South,Black,1559.2667826377224,25.75284630790556,48.482715869268375,59.346781655228384,37.369707661841915,26.662117932975278,5.7732250982361695,1.418418102642853,4.2
Sugarcane,West,Black,904.539822674082,27.07030368593979,67.87860133362368,80.69857947743334,68.81099908259898,35.49384515770519,6.249322931566228,1.5312111359721259,90.87
Rice,South,Sandy,859.5035447570604,28.132581383158513,87.5718587535239,62.52524507975761,42.94305100239398,77.54121439986778,6.509438105796249,0.6633012641838326,5.08
Sugarcane,North,Sandy,1514.9621972562568,22.090357602432483,69.85607997091172,44.98951953351559,58.48653141235768,49.433204372603036,8.5743536800429,0.20983031515057757,83.45
Sugarcane,North,Alluvial,1112.7287285052491,29.79660415233315,79.56868156416238,96.06700123368444,59.580695711309275,38.566712849798904,6.438859654990376,2.4590787071135742,124.7
Maize,South,Laterite,713.4173503921565,25.6034638620616,78.16419505775812,105.06713461495693,32.07711475586484,47.65046815746437,5.931491657685955,3.304854056740259,3.74
Soybean,East,Laterite,1189.8752453496115,20.343686812690454,59.62714249179446,68.14734067608369,49.27704051195625,43.83782070993577,5.471001846693795,4.075808764787506,2.1
Cotton,Central,Alluvial,1375.2653855839449,24.860838034479116,62.21658006297491,85.87055194049995,0.0,29.595527093968293,7.011468321767936,1.0359413652760658,2.29
Sugarcane,West,Laterite,571.6382700524205,34.098453306231406,87.06054448011507,118.67949656152314,44.218404563500954,39.18509434158726,5.663356830874085,2.4318544626149037,111.97
Maize,West,Sandy,1139.3974995432059,28.09715244626146,75.98808552982447,105.62476071226308,56.134806995077305,34.767505698630615,6.804444895518959,0.609499400082996,4.3
Soybean,West,Laterite,591.4825670273091,27.02284099036139,79.41305980472553,65.34230015363349,47.83649987377629,17.323710897588647,7.606498173700906,0.5828211451271992,2.84
Cotton,North,Sandy,1359.0265972926857,25.011468444302785,67.49905021457819,78.00895059627861,34.61937954661191,31.643398929110692,7.10724460935625,10.910063271906495,1.98
Sugarcane,West,Alluvial,1069.209529576461,25.404471301080626,59.12065575032295,62.29737743879042,58.83544963867254,38.595005893831654,5.75131196057096,3.7867783769755836,87.81
Sugarcane,Central,Black,1188.8983476628625,28.10052329077491,60.946265645010754,85.72984776565221,57.05985689932241,46.753709287931805,6.690228900972229,0.5920016183902326,114.25
Rice,Central,Alluvial,934.766819386007,25.67259392534396,85.6592043581364,81.01167897410755,39.26150677355109,40.55720834274797,7.533199124722854,1.1362009127553947,5.56
Rice,South,Laterite,465.51927123300266,29.270559368397652,64.98784662918038,51.17787669351017,62.36174240403332,54.555004998345886,6.770166643389804,1.6646732286691641,5.59
Soybean,North,Sandy,867.5703519314943,28.61628966120373,83.71473636650917,68.60135824574965,47.77091921463585,37.03957369041719,6.335948419166094,0.1,2.43
Cotton,Central,Laterite,1278.9518571917329,21.035139952078126,86.07703352094725,28.376435947151563,15.852795852767503,59.52325994896799,7.215422576316095,6.4017582257456445,2.5
Sugarcane,East,Laterite,1598.0886347555552,29.639364316089818,78.80913639962141,54.02809309558102,44.803228895049116,43.089998982314434,6.903250045028771,0.23030879422557968,58.12
Soybean,North,Black,1084.687026966603,22.227023144841255,77.05470018321155,90.31846284797818,29.247331424571087,47.094731296848536,6.608081289032834,3.3991572254370985,3.05
Soybean,North,Laterite,794.0942266563442,22.021376167551477,90.4535680177858,83.58179036879508,47.45438790926494,44.380294382175954,7.043206432549637,7.453596396436532,3.13
Wheat,Central,Black,1160.7108334802297,26.873660393126706,52.315813489223714,103.67102838068809,0.0,32.91722721790849,6.732415045867639,2.436340326030745,4.88
Rice,East,Sandy,1251.9684202857513,28.29104271363433,58.815736212993905,81.318178206088,63.91206966856235,49.872798870880764,6.131850882348815,6.803815382030042,5.66
Cotton,South,Sandy,1039.8261214225204,30.07462903618465,46.10962210182372,75.09573925937131,56.7517160031847,31.288673352693316,6.657052110396776,0.1,2.97
Sugarcane,Central,Black,1021.3642621996357,16.218327112723124,42.53832649702895,126.44759427822723,63.85095717766868,25.799337520374305,6.293094621696116,0.8756102390659932,112.27
Soybean,East,Alluvial,1064.082477496097,30.946237430372843,64.33526893361265,71.5182623781073,39.84669260980631,44.14777771593481,7.421748683087686,1.294253143194736,2.92
Sugarcane,North,Sandy,1013.0651132295992,29.0633101961125,69.028572625888,70.37093517682659,57.34259319483469,39.08553438275854,6.2823948274154136,3.0551623777931596,72.24
Wheat,East,Alluvial,1089.3342889511941,23.369491154687818,72.58040271283612,81.24020946425556,43.17351291737813,28.42003800579561,6.284905352175901,2.1257099204045997,4.52
Cotton,North,Sandy,1548.2689756221716,25.818370569325737,54.54077106265027,60.55493810432689,25.244721235067473,41.54658018441247,7.1574237411381185,2.6636813206335552,2.63
Soybean,Central,Sandy,390.0090803184884,27.9904960417902,58.80422707609984,86.42632646090601,27.830009403769346,50.454318079135184,6.313469445882429,0.31251669046173963,2.68
Sugarcane,Central,Red,928.4632916743351,10.0,77.70108597559874,61.890748675068075,34.822041730248486,37.16901136501219,6.576513361861604,3.725636235207145,82.5
Rice,West,Laterite,720.2937619527033,20.74487608954164,43.092393983751805,69.21706641210817,58.75134210457924,64.0292778280614,6.2269519027419955,3.4544827620607523,5.28
Wheat,West,Laterite,1354.2409181698692,32.806376222266245,65.19014009901214,61.36760548449158,58.24547111948784,57.368237532765264,5.874431838705744,2.9299175055585827,4.93
Cotton,West,Alluvial,957.7353491036861,23.98809919160839,84.58912099813567,35.55527814199035,30.29770580569921,33.75149315304333,6.261706612881212,3.4069468856125407,1.84
Wheat,Central,Laterite,1167.911432660194,26.57039236576094,61.015942246707255,19.593019325026482,50.764289052961836,22.917732964277132,6.008985637241613,0.4805663325425358,4.58
Rice,South,Alluvial,1428.1920333477603,26.41675839014477,58.68257640440483,44.40541765331207,40.2436002166682,38.25518756884794,8.69588179718249,0.3022666473571607,4.28
Cotton,Central,Sandy,675.6971183160999,30.57326385768896,83.64251003815241,108.52722952869166,25.83292727874484,46.87270421805964,6.278747096701425,4.508762710801766,2.41
Wheat,East,Red,841.7447086350556,24.966790905679503,43.793995291091385,81.87852321892396,22.2756527233187,14.754515401198415,6.119063078129165,6.293590667992922,4.71
Maize,Central,Red,1397.2247109635787,25.389201335295976,52.93957192270908,67.99633484044462,36.533754231255784,14.501527627026562,7.193530901685537,1.1042206028384733,3.35
Rice,Central,Sandy,663.6811655978686,27.952886448638758,53.515913517292454,54.01015080520943,53.9996950671189,21.407168047881193,7.151531316841164,1.1847938941489995,4.86
Rice,North,Black,851.86589485529,31.233253442913767,75.4132223169838,111.52657162986225,32.39573708925815,57.225435601025794,5.774825336147577,2.7016773551026723,4.37
Rice,North,Black,519.8933501072769,32.815428559741164,40.93914985125706,63.95798030563889,51.85233352495226,61.32503458186172,6.683722366155092,1.3663900157718232,4.46
Maize,North,Laterite,1409.0090050220676,25.405137573483973,83.5042551736931,58.87238131430981,44.65212510074842,24.198149884908737,6.288526399862354,0.7524596966053276,4.54
Maize,Central,Alluvial,825.626030925768,24.545526319669253,64.60082917159752,32.703687643194726,15.431320244965992,19.094681910838194,6.728140864149009,0.42167927533673316,3.7
Sugarcane,South,Red,1105.3481401141348,26.268704909459004,80.68693530829111,24.223993432124495,70.11908109120455,43.48151130603384,6.287661759856043,0.1,105.72
Soybean,East,Laterite,1202.794097273188,33.67521606998762,83.61237603444928,91.53458337296438,57.92402747694218,42.083071545690586,4.849741888721918,1.7720015687752821,2.04
Wheat,East,Sandy,759.0289388751713,30.89145812629238,53.216009244779556,122.15818228903106,18.872520477204777,22.14026689813012,6.939690614867759,0.3066612136310463,4.86
Sugarcane,South,Red,428.79997549094617,24.601185920976608,65.27506533199909,87.41024146419119,45.98902035508417,24.915236472367702,6.860681473663451,3.908805701070762,72.67
Wheat,South,Alluvial,934.1607707965708,18.92976937472193,61.57891851412745,87.07921361496287,62.138995250264784,30.140247036237703,5.513035307781237,8.133690677485749,3.65
Soybean,East,Alluvial,929.2516710262812,32.534844338374576,64.01832050565913,124.91036249523094,46.15753074619981,33.54441963544253,7.296381895408767,1.224019945266196,2.87
Maize,West,Black,981.8489564207867,33.09625067887591,56.45600514279042,92.521152171567,33.7803237105431,44.57945443330391,7.296740434401872,0.24562382705646132,3.99
Soybean,North,Laterite,983.5051023116903,21.445415048516303,81.71248473313615,79.80633293614699,38.157022617842784,4.8587438816395405,7.460485051170001,1.7494217147810753,3.02
Maize,North,Sandy,850.3681473000464,24.773988247313603,62.20908651946973,93.98722813293696,36.23303227972345,68.59384430252965,5.261053208788746,1.7060620097001498,4.25
Soybean,East,Red,838.7388094458042,31.382609026305673,59.98804385693823,102.57213445877062,37.87708200465195,45.603092653475485,7.175449616118404,0.28624878897049566,3.18
Sugarcane,South,Alluvial,1089.311058644436,28.928997088887968,81.85320115928104,92.73706623727408,56.86600949297943,41.300930457675335,5.823914563889663,2.082179377383354,97.58
Cotton,West,Red,752.842782991097,17.028435316308283,77.54258568336863,67.85970107348234,47.0897931378955,30.520910112131062,5.522073502660874,0.759778489561647,2.17
Sugarcane,East,Sandy,971.4029655729046,21.359822888456684,69.31318012856745,90.16266808535225,27.054136940712652,27.354932403212786,6.088781601315724,3.7350175682185616,90.52
Wheat,North,Red,831.1123805771581,29.908110065399537,59.1141863014889,62.67613254179298,35.91513586288936,28.12395482743524,6.317262564820727,1.7730655266241995,4.19
Sugarcane,Central,Laterite,1088.6815730929743,28.24604095690442,86.9691602672512,79.2245411996594,34.05159897244636,32.663063252272195,6.089581183758512,1.1346189137444975,70.34
Rice,South,Black,1332.5728840954814,30.330052469524713,49.14726118671312,89.93155154684897,44.339795694312116,46.13437582005497,7.4488893281528705,6.610934212480317,5.13
Wheat,Central,Red,1344.813331935706,30.90283640410315,81.08574741375796,125.97029155165205,23.245747066260254,57.07674198215929,5.671448498263028,1.3514957268670684,4.35
Soybean,East,Black,1386.7872617613023,28.20853871299344,74.39679624207407,90.96702636659444,17.39771987774819,18.796516236437952,7.277956694772514,4.365951700753211,3.33
Wheat,North,Sandy,899.7721673973643,29.101892145432675,46.003952627415,80.41023591799598,26.081572153089063,33.3845731823111,6.15617864986861,0.6138932273878104,4.93
Cotton,West,Black,924.985902450652,24.152064456037543,66.10857769520156,69.98843676384061,16.59633123978407,42.0914872592104,6.575378029049695,1.1659872102501807,2.99
Maize,Central,Red,619.3143059625447,27.57122457419013,45.18883576068644,65.39982798644112,17.088630621565798,43.154534550907705,6.2777493725228,0.1752337435932983,1.89
Soybean,West,Red,897.2352916503222,28.56732500704931,59.78147835609805,70.33137823364689,58.36618626285944,31.32112740205407,5.853672155658525,1.0989863282253494,2.59
Wheat,North,Alluvial,907.9486528156407,35.52978445121363,69.2023893216379,81.00513056313542,38.07095382771344,34.552443909749094,5.835264668596832,4.497952569538116,3.31
Soybean,Central,Red,814.8557093141662,22.877070140619228,49.78544735272247,102.89580990948,45.5783274969976,36.49557525496894,5.451349557101829,3.537596762630353,3.02
Soybean,West,Black,813.4620569731796,30.61923186627631,29.78330438494291,48.14143066863906,40.91197737149559,22.162644341478888,5.380015843773396,7.435058668571481,2.46
Soybean,West,Alluvial,490.69054294634896,26.422222230666126,63.08369455307285,99.15274087755307,41.752046965402435,26.077349179171925,6.361667599379202,2.7704609410145635,3.43
Maize,Central,Red,597.4262212832807,30.723455809861363,68.21834214273876,65.86878560459425,44.47786489082845,11.749884535406611,7.5984897329953025,0.633503079690238,3.11
Sugarcane,North,Red,1013.363076273624,26.398162928371473,59.345367752359735,62.4739041825778,48.81429400894902,56.534009486621585,5.605487548865079,0.35068714378611787,92.29
Soybean,West,Sandy,1024.621991883919,32.88702572264903,64.76915814145734,92.76760238846859,45.53909740976097,48.53028481143178,6.640590591635969,0.3957229750082878,2.72
Rice,East,Alluvial,1144.91676084874,23.287276612374153,62.3057786988436,70.62287687584312,81.82568534644238,19.651446565144457,6.381111760056514,2.165769320218635,5.02
Cotton,Central,Sandy,922.331658934704,27.711079675119954,49.73498930355169,91.91079135218607,24.62088837336963,23.131828760924588,7.533669175061395,0.9633335100897913,1.46
Maize,South,Sandy,1003.4962713497491,29.19685487439765,94.20677024592763,89.70253809002338,24.10000032828458,19.608307144284232,6.880469551767716,1.0689976240183636,3.4
Wheat,South,Sandy,1375.1528647194395,23.593390356442,69.7548132676384,100.14468823995769,31.79375638197283,25.840581651340127,5.9800183336566715,3.9404430083855857,3.0
Maize,North,Laterite,984.1297528610509,28.52322956170532,58.61255270580348,112.9600291320258,20.15501724544462,43.65093878795279,5.548196592525364,2.5941151702717686,4.54
Wheat,East,Sandy,810.3792558577684,32.0346075292271,52.62824014939631,36.99965814460194,35.67684330170449,83.08494589356573,4.958096437907755,0.46960704870439257,3.86
Maize,West,Black,642.7156287826651,26.664406893685744,59.03653320565326,85.11099489233446,25.651896631436877,33.39720408285075,5.890289105659956,0.3753146209463274,3.64
Wheat,South,Red,1239.243959085529,30.752425326867236,59.525597260932855,61.5059555489989,41.22188810614569,47.102106283569164,8.229350493546477,3.451187188306602,3.63
Soybean,North,Laterite,488.9972789845949,23.628497945435292,65.57229416907006,90.45082193315926,41.10128547115012,38.206162819505934,6.0300280263791,6.141286114885541,2.85
Sugarcane,East,Sandy,748.4744140935696,21.517767897292103,82.19309340266221,44.8614029553486,20.42552154540698,43.65331888027937,4.990692842887175,0.4094838988562099,91.62
Wheat,East,Red,1125.573799880943,30.477377511992326,52.93145228059848,81.27553310958457,51.49647503811114,35.72287959266157,5.18108161082755,6.063192007161157,4.05
Wheat,North,Alluvial,428.0340469447591,24.20407228996161,67.66586086930958,32.948332789741805,27.967587852079333,57.308764972546626,7.766914864717263,1.1233160769475001,3.42
Rice,North,Alluvial,815.6935636357869,18.616404827403773,76.9945650951612,81.08656615195929,25.93143299720714,48.93213929841133,6.142781077638787,4.721680383916006,3.42
Wheat,West,Red,1038.7502518887197,23.19875230274524,54.89228829147381,80.1396630975163,46.59023573958842,39.91724417726804,6.822451409991006,2.779457708684577,3.83
Rice,North,Black,884.9987037398238,33.737893738810826,54.80606349641971,63.18625069700573,40.00054257890347,49.68845191334526,6.749572351694513,4.710088492025275,4.54
Cotton,West,Red,705.1933217415274,32.30133362189099,42.363426353048396,70.15311464821819,40.01951167193424,54.24806413929744,5.99614907426404,2.072106009748041,2.5
Soybean,West,Red,821.9667025358266,21.397898649703343,90.2181640938924,70.75393835391311,25.109261879026647,29.210171785824635,6.121903946190168,0.34159991538066914,3.09
Rice,Central,Laterite,1245.0952979962085,19.691575231093132,72.61888329919694,41.260062902975875,23.304068335711303,47.04870970754331,5.749135441930867,0.12452997626007523,4.88
Sugarcane,East,Alluvial,1549.4132172337727,24.95382148647258,56.44429028600144,47.588700292523356,51.96331750697148,53.04004940591056,5.038214449755886,1.9729560981652936,81.65
Soybean,East,Alluvial,1041.8466044780794,32.20229627906963,55.7947194968529,84.70365810726503,38.89379429868816,46.98656101774903,7.319490802681326,0.12025545961851945,2.58
Rice,East,Sandy,403.5145060452394,26.021331994818247,49.529267524109194,106.70364850265734,43.43714807790654,50.58633036354796,7.141369407976393,0.5383398360374527,4.68
Soybean,Central,Red,1170.4306831331783,26.06297207618167,67.3565054733517,99.66869078810643,42.288902795025365,41.27188703475274,6.484709444743042,0.4619241754814865,2.74
Soybean,West,Red,881.0849456333003,23.929335720881642,59.86774056225234,29.27634965736881,50.16502073235234,48.232109479212696,6.560790983501234,1.1141012455617831,2.12
Soybean,West,Black,671.3731443284642,25.642396216379915,51.23922232587684,111.00044594902461,39.13813898494945,62.884547306845,7.289354823369208,1.8195257888225764,3.31
Cotton,North,Alluvial,759.9180845724507,31.23704117710837,53.423930997380104,112.52546557390455,36.52089339277819,24.8476370830843,4.671423707848362,4.841937731388179,1.67
Sugarcane,Central,Black,772.6630456534356,27.42628778000737,75.88576445093253,61.324983991591225,50.757030658168325,39.956785329549106,6.914308740090031,5.503753508963021,72.88
Maize,North,Laterite,576.745719166646,25.990685262835278,59.278479859473144,61.80645012479126,73.52001300857977,28.42931830298244,7.324672107612727,8.076732601564341,3.68
Maize,Central,Sandy,981.07936686809,30.253448587429016,46.57918231441627,67.0580358094675,21.36910410543573,30.971208164746862,8.01258143793012,2.886351167640757,4.43
Rice,North,Black,1548.444039792948,27.357967739178175,65.97018996406098,88.29360217175702,31.770399774522126,47.456817896004935,7.241978402877857,5.084148540739702,4.22
Soybean,South,Alluvial,670.2426726991484,31.75115846179275,54.70636875197533,72.41361149211453,44.394552932145274,14.74009814824463,7.7762575074440985,3.127263059048482,1.89
Rice,East,Laterite,1539.2041075472512,23.599937381792387,74.69108726468076,89.72786403395034,7.360359709210641,23.196502839963202,6.324860725477257,4.829295559004106,4.46
Cotton,East,Red,1062.4350032428426,28.360349493180074,87.60412823763606,47.442747235827156,56.65556708094332,58.1509083252364,6.513721853886739,0.2200208815926489,2.47
Cotton,West,Laterite,972.1308134631751,31.437858014000227,35.93828040509586,53.20609865892011,51.923967178460906,20.113325701336557,5.854194865590487,6.518090553089569,1.99
Wheat,South,Black,903.412025480157,34.7668521914596,54.39588816932441,58.11006739315116,40.45078571940909,61.62795201823275,6.013250307859252,0.5346169791531828,3.79
Cotton,East,Alluvial,758.1567497603835,21.531744980275604,67.07774673102098,59.57886339008176,46.995559914389965,39.81785422491832,7.255650598485944,1.680836330904683,2.06
Wheat,West,Black,1087.5557805503543,26.13139005666212,63.85320889024277,90.6844329316068,62.60284487594002,38.93356068500689,6.847594973937551,1.4547630865808328,4.58
Sugarcane,South,Red,1156.5937141587424,20.42035033800213,83.7777669784854,86.14392754774012,44.33789027561676,29.76960452786642,6.922051211971568,1.6623469009153007,78.83
Rice,East,Red,272.4571257074332,22.15099579055581,64.7104778704726,96.45867358995633,21.022876975388503,35.11554147040459,5.272021656042299,2.421521916817644,3.88
Sugarcane,North,Alluvial,1762.9115017502945,27.092580865964035,68.06524145054725,107.0413150216429,54.40647979501584,43.41430433842248,6.899674788986759,1.5513085755302098,100.67
Cotton,Central,Sandy,456.7040902751635,16.865156172051833,71.46244655771893,89.85905081235505,53.896976620888815,36.69173664803489,7.596277129060976,2.334304651998472,2.21
Sugarcane,South,Laterite,843.3013591885642,29.096690566143415,54.78735066462591,35.4439070008934,43.12363552033671,26.761092320394503,6.8589272006701085,1.5288074946725156,75.43
Sugarcane,West,Laterite,232.51364220207108,29.785857917582586,72.72795494624773,69.55367955272273,79.22587542311429,49.26988343588951,5.7337943376037765,0.1,104.07
Sugarcane,South,Red,919.6272254903331,26.617935745234824,71.08362922949476,72.92721892042772,38.42708974177761,58.59993535481789,6.471837912457598,1.9743199367080977,96.08
Cotton,West,Black,861.5608372427466,22.79801830494858,66.54791654129521,86.44649516819032,13.086831833215971,15.910479439022772,7.638417252106251,1.6202668373547857,1.71
Soybean,South,Black,846.4919896601951,25.780416421341336,36.23354600337059,56.41128756391575,43.89157859276328,72.86682407765659,6.750989654880448,1.7630260581059543,2.49
Sugarcane,West,Sandy,1091.3001015681252,37.58313916586329,53.58496004160585,116.99956325217023,42.2017369540161,44.35382033344486,7.51692348902419,0.1,87.74
Wheat,East,Black,926.8564831918814,24.398126099154346,67.78586609379258,69.9663569119298,73.40096697325214,47.26472860373916,8.036352829395073,1.2650330478115364,4.63
Cotton,North,Laterite,1161.525639848881,23.060681105060866,63.57317487965932,71.73036874512508,45.35111248148192,62.570764233095,6.354928082407108,4.158518428572178,1.72
Sugarcane,East,Black,628.8007761357476,15.439331025307917,76.23475625434166,75.11072997843648,36.380233816219075,8.287689214712838,5.652557687273239,0.8085978456864933,63.86
Soybean,North,Sandy,1023.2149830502165,32.21941227961691,76.35462119978811,67.11284678915816,21.1707542266438,16.201378485764497,6.105862981210917,1.1771492805352672,3.41
Cotton,East,Laterite,810.4957149533055,20.798957884401624,70.16886542420818,36.61940444427047,67.11733893798187,9.604573216245981,8.048198064935526,0.26122949478266283,1.93
Maize,East,Black,888.8981660400318,27.441091791512832,76.35692209112261,111.02710554801237,5.779060920225469,21.476130377867072,7.174609478260528,1.1965261371619964,3.32
Soybean,South,Laterite,1081.1045947541547,37.53339470184895,72.50141094703051,64.13217025321649,47.03954141974195,48.76200706830903,6.701224240441744,1.0076285174571813,2.29
Wheat,Central,Red,848.7082805767328,28.846581501061415,57.10550376520582,95.74590406075569,9.86240551335587,21.590269336198997,7.368333904034953,4.291856719770547,4.24
Sugarcane,West,Red,968.450279776846,28.79094249460247,64.91260839788501,69.36571673104811,35.623317433963486,26.09388951198345,6.14636522890112,0.1,64.94
Maize,West,Red,653.7263768069845,25.371048779257034,48.51714481711181,64.27179076094654,34.668523012108004,28.71345833131434,6.247034712690659,6.040713448413572,3.61
Maize,West,Black,1328.6536691037736,28.56905466318769,87.40091142978869,48.87599872177044,29.70163925315679,37.71281024200767,5.942778930919913,1.717946368109588,3.87
Cotton,North,Sandy,1218.533209898386,27.378387691914213,46.182987705754385,35.46265166724254,34.44878110122475,36.96843195968921,8.245527687305312,1.5084899285947388,2.27
Maize,West,Laterite,1029.9950670444246,29.70164101154989,33.73831686564171,68.86662970106227,42.1030089476249,27.728662412474883,6.656417456933781,4.346663176118301,3.91
Wheat,West,Alluvial,927.201994352158,14.917463628161945,96.80997022746679,67.80744281982058,33.085920833959975,24.15463819543647,6.422883581551569,0.4239360764691206,3.49
Wheat,South,Red,968.6885185461393,28.897521673921815,63.60718594760105,115.90556777598714,38.228542516258166,35.29733204599244,6.681077047930159,0.4689486137272847,4.99
Rice,East,Red,1322.2070117542853,29.16734449461979,78.42131864787211,81.7945410215931,29.579143558009914,40.00918984085273,6.432518803567502,4.149718346902052,5.06
Wheat,West,Alluvial,1197.2816705913533,39.736696048993366,75.99408855693147,108.53850955095464,36.36791695936107,60.94331414757629,5.8202581107405855,5.302704623282236,3.2
Soybean,Central,Alluvial,1327.2532989758317,26.978590726926758,80.6809731537137,42.45276278334288,54.59281515317627,24.9609925570986,7.368346937485424,3.637989614731554,2.62
Maize,West,Black,897.432678125358,28.108207897519385,73.86700019518953,81.29617376198713,33.078415883390186,37.879128752624624,5.157989758344424,0.1,4.76
Wheat,North,Laterite,1145.0197838373867,28.981648682839285,73.96075134844418,93.76761712120187,63.421236558425534,9.28538199839221,6.672970129115368,2.1115033940489307,4.45
Cotton,North,Red,1356.6021946466035,29.122535116496234,29.899904352467857,82.8062101497299,54.57078041049524,56.346704670202385,7.010112412183518,1.1998143604595934,2.77
Rice,North,Sandy,722.1562590119311,20.83189240656449,50.54570513891154,83.75381427529065,52.31990704540026,37.74632189826936,5.283635707048798,3.298695118781798,3.77
Maize,West,Black,703.2871417580293,31.091983171608156,25.58229508597414,73.76399695938338,40.11084102412247,51.663732472678035,6.8737219123808675,0.3442685618690307,4.29
Rice,South,Black,1082.5613484191151,22.413062661098046,52.701187997382306,50.14158595307045,25.734684245984305,58.037437327957356,6.14437479784371,5.059791249839357,3.21
Maize,Central,Sandy,629.5174320158951,29.033256294638836,57.004266492555516,45.83802406514292,41.48378114245057,46.62919343723949,5.191326523461748,0.8171421332496203,3.66
Cotton,West,Sandy,455.25250008969294,22.7044063993403,63.25131732080395,97.66678243402572,66.38299125753115,41.74068155181326,6.6510589075396815,0.7808454407339782,2.37
Rice,South,Sandy,1352.3937190025647,25.887748444795733,50.78400755171242,63.48459790565261,27.623144576031763,11.137664032557613,7.243651654083685,0.3930698389520582,4.31
Sugarcane,South,Alluvial,1404.6695576997024,24.64786273600918,59.713585519973485,69.34153179918277,44.40757249071356,37.3212621425082,8.987923055752127,0.1,94.79
Soybean,West,Red,645.9941337360459,25.75505164231144,57.231622962883684,63.4794114841453,26.382464121652287,24.89672298816885,6.187033621400203,0.7500944991652274,2.37
Soybean,West,Alluvial,570.4039716759186,26.584860012875943,70.18121434722879,57.664113269730905,33.95726965619729,23.21823139181702,6.897570779294184,0.321098451280012,2.91
Maize,South,Red,804.043089509028,28.8615694930001,76.38688311844768,43.43632038800636,44.50008437410395,10.980213029603863,7.245960066638792,2.6798875987657262,3.64
Sugarcane,South,Alluvial,1375.8425056358699,26.5191386640721,68.21311408666763,118.40107198145645,45.46529140441346,36.560340246087144,6.611996027759195,2.8264085283644476,97.61
Rice,South,Laterite,876.7784642265567,31.37258837270685,74.45466263687048,29.03594290496278,41.757591605342085,26.708816501962318,7.085629853578403,3.5197366774545733,5.27
Sugarcane,West,Red,1028.4085053144433,24.332183255920185,67.86259823785123,97.19665388131347,49.09727381040152,28.02138679885057,6.158690496877791,0.1,91.41
Sugarcane,South,Black,1097.4765223084094,29.148558392103816,82.8050400256229,107.22179239625626,46.81586299579034,24.492389803600645,6.357246960202295,0.866135549774894,99.2
Rice,North,Red,1052.1543407075856,22.837558181752726,92.96220348408865,83.5362527293593,35.0816243516111,59.63599241271644,5.495871483981036,0.1,5.58
Cotton,West,Red,1448.2213432010253,35.91310101710242,28.30612730126625,75.62549895557356,50.850060739698066,23.57057931768292,6.201007006203014,1.4173949744890397,2.06
Sugarcane,North,Red,784.0326913831784,29.169824462123497,81.99807076642331,85.82296998097674,25.497600634685938,33.617697219187,5.181583422515306,4.793961547267414,82.29
Sugarcane,East,Laterite,969.3379687145749,23.514139777484242,45.65598838088968,70.0226303268646,36.123054425690924,36.876573422292125,5.25626984511075,1.0481265778495514,69.3
Cotton,West,Alluvial,1069.7277098792108,35.67262356494069,67.78697938709934,104.56560789244776,33.034287989921516,36.267353280247896,7.206396822714543,4.137610875383806,2.64
Sugarcane,East,Black,985.3012896502928,29.592489208666425,68.92032850244402,107.98775326747233,45.58487206276395,65.92921204626042,5.465819851952186,5.896888335384617,94.29
Sugarcane,South,Alluvial,634.2696377466871,23.532074942316207,74.12654188202539,93.55894231508223,4.342943388829859,9.44976010561414,7.249189566760617,0.5432669914585135,91.22
Sugarcane,South,Alluvial,558.2393449419903,26.34375502769588,64.23596847025976,38.73054551940111,34.00866373741178,43.37105652376611,6.373249730157843,0.1,82.37
Soybean,Central,Sandy,551.9568167484551,21.31014210291714,64.92678883620829,96.87746732028576,46.84916286064885,53.088855519764856,6.375041177448951,2.69083604293086,2.77
Wheat,South,Laterite,1217.8764249527383,21.308648650201334,70.15094642599344,112.08596708356731,77.04960737126453,43.78632885738185,5.907310140061793,1.7302937977988493,4.6
Cotton,East,Sandy,753.8791027931946,33.04206862216233,59.80787257103881,95.20563271936864,40.745975356877906,72.15909660175899,6.475580503720408,0.8528125421243546,3.06
Sugarcane,South,Laterite,1140.7824711823912,22.507623070585552,36.50817122557879,104.62796879754785,23.76926849562921,59.75431671147327,7.7331015501586755,0.9164783580392449,98.25
Soybean,West,Alluvial,1026.0229113454618,20.312148213615842,64.97369517677387,61.76643365247773,50.11577943023278,29.383134025330513,5.921116981514023,0.16888880896839253,2.29
Cotton,South,Alluvial,707.5428593435064,30.178705661854963,53.767570614486665,68.14624438421848,29.79604777749365,36.78373534556083,6.222543713612304,4.096930334305944,2.41
Maize,Central,Laterite,715.0302792461288,35.29863811663511,52.48574479356254,112.75782699569558,19.63150991896311,51.43512346633781,7.130264774802001,0.5543141384380829,4.92
Maize,South,Alluvial,1040.2039481242293,32.786429470809566,51.0264855533702,96.64371631578466,42.74018192579675,38.07569043408907,5.574796872739501,0.20429681319648868,3.44
Sugarcane,East,Alluvial,1023.3054128686886,38.455636232471655,35.431194363402795,73.81947781828966,59.838892005086464,38.35894073446518,5.500245815806208,3.0240246085711453,78.56
Soybean,East,Black,1147.6096708831221,39.10794821180183,59.00492811112511,73.20181425848251,27.973874039362986,70.23896567451783,6.46138050244483,1.3274662031486113,2.08
Soybean,South,Sandy,862.7486326664225,22.49808322365123,65.01197402978661,80.48506094899572,36.828784967838814,54.99038282800876,7.459430996966773,2.878520122480276,2.93
Cotton,East,Sandy,745.9876662976912,25.442975412534192,76.52015614071168,72.54544218965144,50.392722144705985,70.95636363444797,6.430114470601552,4.643023369618079,2.37
Cotton,East,Sandy,1032.9611574985852,19.146923326340808,56.13906762733647,80.1408297095537,55.34071523055654,38.56590999197943,6.279960773988903,0.9629446406912935,2.66
Soybean,Central,Red,1425.9757373339837,21.185494311499426,88.6627422748627,158.58153620370996,61.39341302347059,42.14165653113958,6.47279978042839,0.11202189126601748,3.32
Cotton,West,Black,436.99627993011427,32.36212618461083,73.75636382339083,62.40620074351149,29.541234001811194,45.00566139083174,6.428000570959967,0.5840213792280344,2.34
Soybean,Central,Sandy,760.284198407876,28.38429353535266,48.18371061858494,35.15808074210153,38.122724141692075,50.32325057674955,5.982133680320101,0.10484045717854329,3.06
Wheat,North,Sandy,1177.1320426850261,34.282357389027254,57.67573485484447,63.43528434366063,7.456896537871202,35.22706448190624,7.244489035162738,0.3230500571598719,2.75
Soybean,Central,Black,1064.9456903461723,22.672818620361014,95.3231546704269,93.85950086542366,34.07967273537091,26.129529103407183,6.679596492026367,3.78024968997277,3.58
Maize,South,Alluvial,1181.5057881470525,24.25655096180289,76.39928627569064,95.04585175093987,24.27049252934976,27.778508829255596,6.090792336107391,5.674731070827894,4.09
Cotton,West,Sandy,871.103492611064,29.967893293373134,57.09673497229363,53.10748043673548,42.1076529889115,38.13333664596882,6.551027810267959,2.2596676745296627,2.73
Soybean,South,Alluvial,516.42519480739,32.283220991761986,78.38984236289485,70.58425338660611,53.28605229698943,15.398798028081128,6.239481069012529,2.6322100673102713,2.98
Soybean,North,Sandy,1501.4478153599978,18.825275121504035,46.08175397370916,101.64476365561973,50.35363078106923,45.54100536239156,5.36332753936799,2.629701996787279,3.11
Cotton,West,Laterite,1325.1507669732691,25.79760598233704,56.70984222451405,77.31282157248211,22.605100789355287,5.792892154954892,8.23430901003235,0.26330801265247805,2.21
Wheat,East,Red,992.7465527736631,28.996701303506747,30.050829378070944,54.3981790389931,34.02508692811236,16.60816740848802,6.605544696822094,0.1,3.64
Wheat,Central,Sandy,747.5018149087115,30.91492435962343,74.05557341413112,59.656224439877505,46.91670679918255,58.10437923279578,5.70197622073739,2.397302925328934,4.46
Cotton,South,Laterite,852.8297276075984,31.903499756136906,47.51662202896581,115.1999571903165,41.875231304720266,41.133417541814055,5.583137286847451,0.1,2.64
Rice,North,Black,1068.7250535429278,26.627205250621095,63.79133547229859,68.65903202652132,29.447405817859853,46.276981249258625,5.311350950569738,3.3400199583222974,4.47
Cotton,East,Laterite,924.5103199942131,20.82263126168643,41.80346699904504,81.31703151568298,45.619465454530015,44.72473498301446,5.911633823596732,1.7887547614789996,2.94
Cotton,Central,Black,995.6502506454844,17.372668267688923,68.00623868307225,40.032348580789105,51.492121038881606,68.98650074702645,5.551257131025913,0.24097160478898247,2.28
Wheat,East,Sandy,1483.0411612527612,26.08870332653827,63.88764963076818,74.07440577106854,37.15636095502339,58.10886200064954,6.3257069165372775,2.153464744262629,4.39
Wheat,Central,Black,1277.1025639898564,25.555855611107408,42.892445122235884,150.59946113312537,25.144077879177253,65.31461147828414,7.812683991621652,1.8643679379462648,3.66
Cotton,West,Laterite,648.766459400009,23.019932734083348,57.8399266219698,124.73433734890759,45.65958443694231,31.898924309291843,5.938522144204539,0.9442021752157297,2.34
Cotton,East,Red,1023.0757006826086,31.465472391093968,66.99795883741335,86.35485343688728,27.063296191724497,38.18064861924154,9.0,3.404423861570098,1.91
Cotton,East,Alluvial,843.8909470488655,21.262064856579414,71.67770814347213,120.37957207831988,59.83519078945353,18.365097330050013,7.024121005774502,0.7265600526542698,2.11
Wheat,East,Alluvial,1089.382937724466,23.690054846263838,88.74952481542716,95.0860393413347,0.4433396319809191,54.14320168949227,8.256404658154764,0.9493400512607476,3.87
Cotton,West,Red,981.0005780473474,32.83400064609081,83.26812205343677,138.1473186934918,35.1269248335405,50.90076920282558,5.4638435514206005,2.3855580168199486,2.36
Cotton,North,Alluvial,1890.309633630022,23.12519114248437,54.574238248736506,96.67603518047841,26.645936603443694,29.273268680366343,5.93959526665696,2.7889047612027915,2.65
Sugarcane,Central,Sandy,1128.778497260783,28.615804188205715,54.39128329605079,113.49963489857304,50.684268972089555,31.50992595222864,5.98205527142685,0.6392018207732484,84.58
Rice,East,Sandy,959.7447981499602,26.952039287068118,43.54040504711692,27.18139413624094,61.49885194598952,46.62316816720667,6.438942884787,0.1,5.06
Maize,West,Laterite,1552.901817200047,28.216000425078818,49.85391480150181,89.65262287898551,30.186204883008514,36.666533497254726,7.044157073813247,0.38790692422279954,3.32
Rice,North,Laterite,1061.6648376557741,31.407725098127823,77.9023311508856,64.66877128873787,25.932455257483436,29.549654882890366,5.281394591903705,0.6108682634316828,4.47
Sugarcane,Central,Black,544.3827111758969,28.626455689303423,41.16325372574551,94.02611401518378,49.65879575157727,34.10007247715234,7.195789536260607,4.707909498467053,72.71
Maize,West,Laterite,962.6659061193952,20.067296717570233,62.67607694528967,93.06693034296525,13.15575327584192,33.91385380096951,5.939518123955353,4.481297661279002,4.09
Cotton,Central,Sandy,1184.110974211616,20.913027793322378,60.47674936947521,114.59334296739657,43.69745161772171,45.97573894666828,7.958707780875164,2.1617273936891,3.05
Sugarcane,East,Laterite,1145.3588448694907,28.47411730228743,53.632490753406856,106.11980839938511,39.4935937178668,36.595486121638935,6.782419818506195,2.471062558957117,76.61
Cotton,North,Alluvial,1301.552411310497,22.402726616298224,45.46523131546085,44.76606297052655,36.71699066837744,0.0,7.502905075615577,1.9417730523585572,2.4
Wheat,West,Black,1046.1149406133457,31.776425598265106,36.58473206867925,33.72996238692127,27.416964842798855,38.63773602768339,6.135197017616667,3.0208607513484913,4.74
Soybean,North,Black,1024.9332914693991,28.545725137375968,45.600101617708624,74.8727125995547,8.33397861601971,29.471222818943033,6.939350270980247,0.8652623356068775,2.55
Sugarcane,East,Sandy,579.2574094929423,18.421137877677495,63.75343869541328,98.77343135229064,54.60758191629507,50.028853956495105,6.123352407908668,1.5824289990553262,107.4
Wheat,North,Laterite,1458.5266773586495,36.44541420641069,73.96486007825774,95.85423653686327,49.44100766370765,42.422579774028094,6.987330834273664,2.2213231071556407,4.01
Sugarcane,North,Alluvial,908.3189259403202,25.168794619663387,89.17897258629009,81.67946044755831,39.13231918178883,29.540002574905376,6.691040158573545,1.2638370890971837,87.97
Sugarcane,South,Laterite,706.1395559133032,25.953563852697837,70.01725014237469,95.35463362880293,43.44266175044487,30.13168053987453,7.726186691147143,2.962695348060512,83.52
Wheat,North,Red,1788.3723664595527,29.11272824652523,73.89164545281757,100.5590578248307,37.739535885270485,42.5767415648907,7.252030259013864,5.393850782660051,3.81
Maize,Central,Laterite,1504.0257064728262,26.566817496723957,89.12324069613432,81.70596921493545,54.733043827231825,39.41089561538593,6.880359812994566,2.1801003179058327,3.15
Rice,West,Sandy,865.6753233227955,31.8081985041845,70.07493815272676,95.54167656745092,37.01899735657145,35.013038822056906,6.65213632353281,0.15521132695236828,4.36
Cotton,South,Laterite,435.79859672337216,21.90996378717771,79.74618216219801,97.74979722604917,39.52547905391995,38.20942098786129,6.5614823750913915,1.8844302766813046,3.19
Sugarcane,West,Black,784.4585736176402,32.73534940176521,59.306121731611306,79.12778332886019,42.209535407518004,46.17716428955201,5.308874889083345,2.3835314597813597,66.53
Cotton,West,Alluvial,1473.740678877971,30.404986684033897,75.8187663315794,116.9839480331124,34.22640199094996,15.166445994424027,5.5958163593886425,0.6660601977032826,2.47
Soybean,East,Sandy,1053.0139911116078,23.12800889078238,68.14996228516024,50.03825368268442,38.608673495688286,61.23970400156109,5.777142950224243,0.7765311477533804,2.92
Wheat,East,Red,595.1690960092036,28.258297673499634,61.37234012471999,121.26094815084765,38.02549325882404,33.22615174664776,7.826864226096139,1.8096332501140786,3.96
Cotton,South,Alluvial,1235.194462668249,33.060910778201354,88.2080332449708,106.12786633080988,29.722086690895043,57.24057368839931,6.0739974715231835,2.4559398054003148,2.21
Wheat,East,Alluvial,937.0425914160866,29.607786613988804,46.95362856849914,133.98204319923,25.70681215310684,71.10512248352092,6.140683263274561,4.102564295658566,3.27
Cotton,East,Black,805.3894096623505,27.736976538441603,52.10133206388186,42.02109179063325,37.03570957655175,48.42133961060762,6.988024925959219,2.8753604727728606,2.44
Rice,East,Black,828.1478561200734,30.112248696892543,82.6640701642591,71.21801466611244,35.457771682150685,11.248951509614486,5.765805093942068,0.28767313554931195,4.04
Rice,West,Black,1391.9177524410638,30.53320728548361,79.56723586350012,92.05648371794815,55.87732948735524,22.538462120216806,7.629843584674813,0.8557019362900574,4.72
Rice,South,Sandy,1163.9909045062236,24.471143891336972,65.1904564425817,86.45377775225134,25.56725076043187,46.291838129296714,4.5,0.3221354632062948,4.12
Rice,West,Laterite,554.1826939570911,27.783783727288647,70.09540534589398,69.2004319026816,31.63070403503594,29.94397774130406,7.48783396295579,2.828904333605581,4.78
Rice,Central,Alluvial,1110.1566340350855,31.24333273484004,72.7607601936601,87.67311830764014,42.7678583702938,62.153351914989365,7.984883085126829,0.6197155288735212,4.75
Rice,West,Laterite,1032.28452392389,27.664623508544494,70.47523416781618,111.1469985410132,45.97295574049635,28.87620282796467,6.774130781549376,0.26365426490825,5.17
Wheat,Central,Laterite,873.8776805227769,23.412535043475476,68.61734150243046,83.52456661356513,37.91372146990195,48.36212949773471,5.943783041688187,0.2023607472347281,4.42
Sugarcane,North,Black,889.6956629622161,28.40060520064724,52.392933798231155,45.87974445770768,52.277316925585865,38.35527388391908,7.259803613638286,0.243196174171385,85.26
Cotton,North,Laterite,740.4842709747741,25.04767753337512,83.57347957299616,131.36982544011715,38.43308980988911,40.54412322068232,5.904265608541323,0.5676951651611496,2.27
Rice,Central,Alluvial,801.2420885326819,29.91111122890144,61.93922903762586,56.028850135025756,26.975077260385852,49.56578133973212,8.18921197381141,3.0497790283903243,4.94
Wheat,Central,Alluvial,1086.9170345608154,34.13449613912657,50.14134302732487,49.549586737521594,39.411662995021956,0.0,6.953914190397664,0.5429032330090798,4.8
Wheat,West,Red,916.7290278988925,30.385784023763826,67.01145438369491,61.86280863312389,51.17778613546388,39.49982985807782,5.766881477684613,0.6608022379161655,4.2
Wheat,Central,Sandy,1163.7044914571006,22.881643234401494,70.14819646920668,64.63043884293758,54.585933184044286,53.53048110700223,7.1632923477973165,4.252122600187789,2.43
Sugarcane,South,Laterite,764.5061102668399,28.508435116207806,70.93032403523966,86.89072040549964,54.167530144486626,22.36918707764607,5.673413736501425,1.1679220727792268,76.03
Cotton,North,Sandy,1212.2483849112468,14.101293787506632,79.59177955894882,145.248556937231,42.90525748065146,49.802451237788944,5.867563898427784,1.421921208453411,2.48
Sugarcane,North,Sandy,1394.3333723368478,26.50178376747027,59.302874298470485,57.624496380927525,43.93896716882224,36.56018940854831,7.1185002597990055,0.1,81.14
Maize,Central,Sandy,997.9649080002035,31.700982611901633,64.02264655908841,107.35719200807586,48.846994448469104,30.18529523735475,5.938271802379471,0.1713501719100915,2.99
Wheat,East,Sandy,1156.1879830824753,29.011009070746542,52.34070767344756,128.77639637771733,15.57453652276494,36.28396658204889,6.5989501318560055,2.69874060581055,3.82
Maize,East,Alluvial,1167.8928615704701,27.55034685566302,68.50577605817573,69.40589979677364,29.234119171646213,60.87747793956228,6.9627158834598015,0.8113195786789864,3.85
Soybean,Central,Laterite,849.3705929174016,37.64906747055313,52.12025556489904,77.50889724948016,44.4802229645769,42.55749370355489,5.961597098120216,0.32395177236201433,2.95
Rice,South,Red,1169.0094903496142,18.47587414560834,56.151250124888094,87.6355854090674,25.21175446055441,21.18092137859356,6.0641661798218776,1.1200534051176296,4.61
Rice,East,Sandy,319.46967009140315,19.59599703953083,79.7517708543252,68.58920115966154,57.27213299934101,44.39218947672071,7.874081406535244,0.1,3.76
Sugarcane,Central,Red,200.03003734840195,29.41046662098301,67.04719735682214,34.59428066939175,56.01242103881471,40.70401125909306,7.045112467493287,2.4714516821179093,64.51
Cotton,South,Alluvial,901.1565208037151,31.490461950573202,86.36848911005475,113.80652651140315,31.87081919802238,56.96228251422295,6.4916708888252765,0.16718145082512942,2.37
Maize,South,Alluvial,1190.039742715118,31.694243981382535,82.65076292393846,83.95328777510295,26.404091289915485,38.92676297209965,6.431660429967112,0.11287547117839218,3.53
Cotton,West,Black,974.484000924535,24.13611993818178,68.23615783445769,65.89232664588656,46.45031966302369,55.909578234972095,5.545440868015973,1.0884235041632697,2.61
Sugarcane,South,Sandy,1223.7620886936802,22.779388681566445,70.30566565375852,78.90852180456324,20.84354170253657,41.03221162743465,6.882226238709352,1.76897569120409,71.74
Rice,East,Black,639.4793052554089,22.04297076703851,61.422563627106626,72.10501439372194,42.096980333717674,45.957234260688246,6.589658440002204,2.8869798516173217,4.78
Cotton,East,Red,1264.8518199938178,28.611268493081134,80.65861111796437,94.81184257533937,82.45393729841209,28.958839790514002,7.2334983532322426,0.14720949212351794,2.53
Cotton,Central,Laterite,1488.643784324267,22.083962956147573,70.44686681157522,57.52077267246423,24.873657754732502,48.52679439866693,4.822062595954591,0.8153944424338664,2.1
Rice,Central,Black,791.0768455282359,32.573095158678555,78.64341399856673,70.56199748373379,28.267911650570067,70.31863014022801,6.339491239842296,0.6254961488426372,4.97
Maize,South,Alluvial,1231.2996284512992,26.890585174574685,55.29703214420637,83.61173975983188,30.738078773874953,65.82640764815875,6.430061085886421,2.723269018563549,3.71
Rice,North,Sandy,1006.8454941490338,23.481369718703945,44.58389900035789,30.81088557566762,26.53005002225223,23.335623099496107,6.770852801655532,0.9222494767406653,5.12
Cotton,West,Red,1132.5521634807503,23.501717249207744,72.53381893818049,73.85226722245916,27.290374853000884,14.38671047372696,6.686054654537164,1.9769373039971827,2.67
Maize,North,Alluvial,1488.043470010327,19.34046520905018,75.54189662871632,62.812158597005826,65.78485625808308,45.6428002740261,6.921008022040451,1.3442525445148135,3.33
Maize,South,Laterite,1098.1909819526754,23.029127857753952,66.1278436727118,95.21121127766544,40.94091909266544,36.34675242533292,6.343534576582691,1.6863518968385005,4.9
Rice,South,Sandy,1229.3326362991052,24.236066124462106,73.67924596606912,86.17531397477573,53.640262082581785,27.25698524429823,5.501925391448681,0.9102378670312334,3.35
Cotton,North,Laterite,621.0866076460951,29.040401889547667,52.220001187166844,111.71080181254112,57.991506390025926,71.71715138767303,5.332644790593872,0.5469262297230197,3.12
Sugarcane,West,Laterite,1220.0922357858344,26.50400265171728,79.08947005034742,29.62640357949433,12.93783456821209,86.32070740431041,6.450537455124104,0.12319780694684891,105.7
Cotton,North,Sandy,1483.0021452562382,22.70137455028459,82.57578067279655,64.57716229113603,28.460329003820565,12.752837192304114,8.89869166499221,0.38103627880965496,1.79
Wheat,Central,Sandy,722.9498131260337,20.87381405161858,80.3102267674394,84.88871808480593,26.396977606853085,28.25526143611539,6.96635229668984,0.37893516824064805,3.73
Soybean,East,Laterite,903.0930563055476,25.815075807136292,66.85952849233227,112.29983086171438,0.515096301298847,20.616482580219603,8.531734383446063,5.4618586051437745,2.38
Sugarcane,Central,Red,1205.8379902672712,16.735000976563995,82.79741060099029,52.34196258614564,46.38928830170548,27.623778243194472,7.05591545240467,5.541364885442825,77.11
Maize,East,Sandy,1134.335238339985,25.410687816252807,47.856978147027064,59.9109254354017,44.5553346892374,56.84113136115205,5.657229014759912,0.5908943736897604,4.64
Sugarcane,South,Alluvial,592.081674470176,32.57776862538124,73.60208205372716,112.86555009024866,59.83517470265766,43.846224343946716,6.397494308874389,0.22329781955173844,88.53
Maize,West,Black,1049.4734117235523,25.998247543164517,75.74675138051907,137.6021147483713,47.11180992362929,52.482826574364694,8.527554289910075,0.6617866030507044,2.82
Maize,North,Red,900.1954584307126,27.796608108045255,72.51862571076643,122.64844905478714,0.886007330721128,59.7853440301473,7.120051695268904,3.183661513836663,4.38
Sugarcane,West,Sandy,709.4034603108694,27.190463684188522,50.89445078400218,122.89424974167662,29.469674055049907,45.067548113937875,7.096243405709649,4.092263193618897,94.43
Maize,North,Sandy,1407.0174605178013,20.07384169608124,68.44037089077486,90.77794906205663,30.55579077131313,25.83856681281221,5.946123453661413,1.3907060247645577,3.02
Maize,Central,Red,1001.6381132719719,35.78744966808891,61.158469896286576,83.31011577021715,47.670438087486595,47.75926967678259,6.504557768996939,1.5535752316392448,4.73
Wheat,Central,Black,1294.9145958718314,24.96217291986808,35.63900948490988,127.5439431831114,0.20774547798411902,38.411354731616214,5.643917343526849,1.2275765648732966,4.59
Cotton,North,Laterite,647.976092126404,26.98325533548131,47.33429119507821,71.85089994170019,48.15944770546789,37.487763212180454,6.151914977239416,0.4037564349527204,2.3
Cotton,West,Alluvial,1176.6836972563272,23.721884280400246,82.41887259964864,54.74143024976393,51.821532148154574,27.58134245545245,6.62725673678753,0.10211037044486562,2.53
Soybean,North,Sandy,1318.506856844976,32.69032683515967,59.03128372079776,87.08457130451943,36.24721912421375,54.41201607112533,6.006921422228341,1.942533959205261,3.55
Soybean,South,Black,927.3554198937215,19.706600683771782,80.8419579799868,70.98298380249646,28.01486072315202,47.53726214272711,7.26551127548384,3.2062148948062554,3.13
Wheat,Central,Alluvial,850.8459672465542,33.511489159882004,82.1547621622562,60.79006978359274,57.67238803835619,52.63981574712175,6.0376626907086965,2.767373815217642,3.1
Soybean,South,Red,608.7184776961553,25.478508378951226,73.19361137919961,101.2657253575712,19.24650093196864,25.99413434412206,6.756957529583997,4.611088229799136,2.63
Sugarcane,Central,Sandy,739.584196269617,24.33234910650953,55.78353304248944,73.74791765674325,57.18563597161882,55.814598183802126,7.290310044791555,3.3602352320234616,62.88
Rice,Central,Laterite,864.2100146093526,23.861240524317274,79.16351870728421,84.6136171120664,53.62878793186267,45.2421100504538,8.161766659080024,0.6781644228094271,4.56
Rice,East,Red,707.2266489530025,36.043242873971565,68.2033448390197,93.52885121669301,48.410320045957654,54.28362476665738,6.792688804073757,0.24843822739688873,3.33
Rice,South,Sandy,769.6160016684898,18.97611350421776,65.67001900437626,35.871174869254006,67.25238401828517,28.229710835931648,5.678801486328663,1.1268143456793986,4.45
Wheat,South,Black,1047.4290749214126,24.325827884178732,51.32589574362287,110.98417124684454,40.25397759140771,42.40624625296638,6.487724993405712,0.8563661841979997,4.91
Wheat,East,Alluvial,1083.336459517813,20.546160858342443,57.488264769693544,137.5234088433896,49.3150622190484,57.31524658521923,8.068121906617066,2.6081956812717606,4.24
Maize,West,Alluvial,1327.2535061595313,17.937322828744698,51.544173570886265,112.01665641680196,39.27895421566038,48.84950949687348,7.260060064502036,0.14078807279910674,3.11
Rice,South,Sandy,771.4679938364645,33.526434725854685,79.38695253440278,0.0,35.18189752214804,38.299445079753184,6.654156031055573,5.729763460154492,4.14
Sugarcane,North,Red,1006.9555633403548,26.86435947883057,88.01553906875284,85.63595901914022,47.9300682087827,48.185495312730296,6.959303123001593,6.300947304468456,95.25
Soybean,East,Laterite,874.6909682380295,21.195777155006148,78.85528148731247,33.53934104720944,35.44998527309874,25.683624501678057,6.72368412083562,0.18498677512802372,3.15
Sugarcane,South,Black,853.4904251088662,31.14544426207228,67.98384315357279,109.84280458830291,40.9384775319153,50.26561065823675,5.4792675875602015,1.138193978863793,80.58
Soybean,West,Sandy,905.1582311081031,24.99657999680081,60.397433609565084,109.93331167906062,41.01988356709426,53.680024703368474,6.6643231528332905,4.588159636747181,3.44
Rice,South,Black,941.1473605760619,23.76716610044433,72.14624279472002,89.31523125953655,33.92749507388124,46.780064330421794,5.943201729469281,0.4147404838338348,4.0
Rice,Central,Alluvial,1075.1188798888186,29.876906325919276,58.74385979509098,13.914896761451857,51.01956898425475,38.838022541242125,6.063444180698476,2.3567004294397687,3.87
Rice,North,Laterite,900.8926100269376,24.889056438054357,64.52957192377663,80.25970005361414,13.430925787193907,45.28544389119939,6.2731907940814935,2.4841397749999836,5.65
Wheat,East,Black,1368.1991890155307,22.18611984194343,52.67798102839889,51.975348852060684,29.573099890316442,39.38835227300071,4.836565380821594,0.5320945233573426,4.8
Soybean,Central,Sandy,488.67988549362946,30.477011599251217,74.75961263595804,83.46637896415069,25.395364112435253,37.44123043850589,6.365869677427555,0.1,2.53
Wheat,West,Laterite,1316.1860876467854,26.293154049821094,75.51362380930416,79.63907684080716,44.60762541563374,51.521806642241614,5.156406605312685,2.1840814348870228,4.79
Wheat,Central,Red,889.4489002173885,30.732025264918434,78.63283453989786,106.06543204585998,36.43433514516686,63.72880716342796,7.169740788998797,1.9207806880694704,4.65
Cotton,Central,Sandy,943.3501250192033,24.985887007282663,73.36678413110852,76.04595083106953,18.717742798632106,42.837539829453064,4.858637496000817,2.0979824501472417,2.17
Sugarcane,West,Black,997.1153564909071,32.09511558723037,72.31955210884543,121.81504899547824,47.051150121174516,31.997315643469896,5.1121708143110265,0.34025688684089334,88.6
Sugarcane,Central,Laterite,1211.6926129767912,27.070149708638848,49.34266950979191,89.93904243608272,43.412247627948695,25.739031715825202,4.9946912784761555,1.8513404406089622,94.24
Maize,East,Sandy,735.912532309217,32.29682153300679,48.7148490409904,66.87187613635983,40.54704771298664,30.177710692033195,6.74969565762527,1.5603517054594742,3.96
Wheat,South,Laterite,802.9422318341504,32.13325213964636,69.96584289626314,77.81610745512027,51.709798955466745,72.76415132890614,6.495199900532101,1.2049873567937621,5.04
Soybean,Central,Laterite,1150.1679015692944,33.181258727884185,81.51346845848678,112.1888997055538,47.8300757785431,64.430266708674,7.865327919494864,3.0004743072408417,2.66
Cotton,East,Laterite,490.5463511874227,27.341436243627975,60.99152697628353,115.50650657455026,36.50420967808202,54.38766375710446,6.845696959272026,0.9830204832448778,2.84
Cotton,South,Black,989.7500107329242,28.913601052323564,65.08413175182734,13.118775813891759,46.24334951754261,59.152215116452524,5.091710918045083,0.8716440303599005,2.52
Sugarcane,South,Sandy,760.6810988530033,25.846369254319132,65.23994118165842,50.11511862561265,60.54325042407846,32.009711484105964,5.826754865420712,1.5574344048421398,105.04
Wheat,Central,Alluvial,697.5312476635365,22.5114779562225,37.35067492592728,64.31829933349798,37.69918298815705,55.68539310853078,6.654284616268142,5.771685914600718,3.81
Maize,East,Alluvial,508.460845520551,37.01648616740959,68.60636628042214,115.15805996993396,58.696912881320046,56.9659495534435,6.7651896606708,0.8439738070650079,4.48
Wheat,Central,Black,1231.6906165207106,23.239476029517327,56.75221957840882,111.4384067654025,68.42813690321564,38.69429147752738,5.068166292623682,1.1787639462055473,5.17
Rice,West,Black,1047.6477697628952,31.52433754612376,74.16620646340935,105.11403203314669,44.950356431384854,22.236252400064792,7.221566610946673,0.6193725631901958,5.02
Wheat,South,Laterite,798.3156391755111,30.629061672100356,64.5299406510929,108.38590834963904,24.918112018608316,18.304161781524854,5.806970813668167,2.276447857156564,4.13
Rice,Central,Sandy,950.6326270988293,27.905264842720282,62.311061964942866,122.81968039614199,35.54043166287923,46.11932307710278,5.8231515576838335,0.9053813359191506,5.03
Rice,South,Sandy,672.1353057237164,26.22505698856218,62.63781441682483,93.99356689543849,42.44239121717359,32.727158836790636,7.358773625245959,2.35984046778882,5.34
Maize,East,Red,839.1442469678502,26.274787849350677,60.09470531962899,107.22732250822509,40.30232839320658,44.962843905060296,6.508547944598192,0.31496960944912555,4.71
Soybean,North,Red,940.4960992245826,23.71460281154757,44.57677487374967,90.80042035168184,41.9330449379577,35.880516695013924,6.771841357928907,0.6124100751975435,3.34
Sugarcane,Central,Alluvial,1019.1851425257435,27.472209097586195,79.3002284200209,106.40609800571275,58.224782728395,23.35954681078767,6.9228195415670015,0.4621166028593065,102.24
Wheat,Central,Red,1117.6190835924829,21.093068032997266,55.491440798391935,67.88404465660682,27.248677970115423,66.54610587288592,5.254179611452142,3.0047816252772748,3.61
Rice,South,Red,458.24427580034194,30.736262781878303,57.983716347352384,58.316619819163066,45.52173656762165,24.16762115699663,6.699691844180396,0.18767161437426658,3.98
Wheat,East,Alluvial,1118.5527877674435,25.85731009334148,66.18598181639763,63.51863485196382,53.81913125307554,30.043608396527702,8.039865682996977,0.5805601319080526,3.28
Soybean,West,Alluvial,482.35113364198617,22.18989479392275,48.266705166927885,73.11479381936564,36.23836620146628,39.89190978235906,6.3327649088935205,1.4160761277505487,3.73
Sugarcane,East,Red,1129.4600435774748,20.617793323520644,57.51380361941025,100.38932149036819,24.61049816413029,42.14314828921242,6.800282759527757,0.18384681973693545,85.0
Soybean,Central,Sandy,936.0067136654632,26.340496086110672,93.74739527735366,121.22547583323669,36.919744426700674,16.45179473698055,8.533034564574107,0.1,3.29
Sugarcane,West,Red,1327.4379539237955,26.51441500266786,70.05101547034664,64.87117610970616,24.37811249060355,52.31403624416156,7.7353201734303605,2.3497500396197877,73.19
Cotton,East,Laterite,797.6580731887275,24.409679146804653,52.13295760751737,143.20837162075006,29.401904364605468,49.975208609920216,6.148805490129448,1.9016561724612522,2.44
Sugarcane,North,Laterite,1234.252003142114,29.512020451419126,33.779904270025085,74.43592668353546,48.72098668356294,72.86791776331299,6.892755571680661,0.1,75.48
Maize,South,Laterite,649.782032512353,28.74221235528205,80.02091364398738,80.4877869209809,43.96549026390915,44.35648136296056,7.102996750609634,0.1,3.27
Soybean,East,Black,1031.7663602779214,27.283866653903974,49.818750812106494,87.1635004219265,50.680341330353166,38.54361640448323,8.226139447846105,0.49530996840381925,3.03
Rice,East,Laterite,388.59970913428344,22.370193497426577,56.856953601450456,64.22563257330553,47.2572974842967,26.14713617014551,5.769718478327124,4.732730963715035,4.59
Cotton,North,Sandy,1264.9188883611341,23.299929754153524,58.756485770562506,67.49681098996527,36.90979084853687,20.908192012793137,8.954641744737053,2.115287832972025,2.25
Maize,Central,Black,1518.0620210018637,20.01704887436074,51.3030604057498,72.39348797776643,24.850420293614196,37.23157126419553,6.731415112774009,3.269514083662457,3.18
Wheat,South,Black,790.5333332578746,26.043148890729125,63.85645530082547,50.63714063941336,44.85514872006855,20.25962408926953,6.249726491105016,2.849888696649347,3.82
Soybean,East,Laterite,1036.7891700943944,29.803709035090915,56.72883226852235,59.50788631742614,31.98346669995192,52.33258231420979,6.997300670780156,8.152032934283751,3.35
Rice,West,Red,1133.15137743856,20.9446573161279,74.16700652489114,78.06868124597888,37.91029356767927,33.58070797828346,6.2096599342871635,5.997759326782742,5.58
Sugarcane,East,Alluvial,534.923500854217,24.194202255908518,67.10827546477694,69.83777433059232,29.27647782575051,58.43446474784837,6.232148087834703,0.13935673127874249,95.2
Rice,South,Red,775.2679909629268,26.735508728130842,86.48192810236252,63.78571762987721,53.558773297893175,44.37335211507956,6.044804438077114,0.1,4.99
Wheat,East,Red,756.6970544087541,29.79621845809217,86.78527762320942,105.62986407754913,6.38499006440837,44.95676591815675,6.063636557567188,1.37460314475499,3.86
Cotton,North,Black,1722.1190951305894,19.61550544786111,50.67774665858391,36.223002475254816,47.727876640301304,25.321429776290984,5.150221170089643,0.6341541796173924,1.9
Cotton,East,Black,1313.740709308108,38.099490838617555,60.09477195105761,94.62912366327512,42.2369362054207,49.708801979741914,5.193966690620343,1.404644189297094,2.32
Soybean,East,Black,934.8751405251695,30.763017619531126,97.3145862106448,83.77460925898912,53.302898901223145,46.53389820956282,5.857424610517542,0.19010168357569426,3.11
Cotton,West,Sandy,1233.7122232102024,24.00472909853923,47.62310760467229,87.08247974014293,21.661506376285516,11.022454898946588,6.714806330933731,4.790772607801875,2.78
Soybean,North,Sandy,1063.3748553126156,21.648268147598536,76.96437927767704,49.30538719195441,39.309266194594315,59.185663301365075,5.920479667907016,2.9753239542687355,2.68
Soybean,North,Alluvial,1177.9111821789245,28.41831700827304,73.2199682290448,66.12252305238142,33.58265056023873,53.12145333733058,8.192861504644178,1.6064443393547676,2.46
Soybean,East,Black,683.9457516258026,29.359746652337396,52.26575418037467,89.79360247300838,37.627243635969016,28.10541665911586,7.0105525866187675,1.2512424390170187,2.07
Sugarcane,West,Laterite,1412.0129175637999,22.048663574317665,52.989517826753605,66.48274485148475,40.264349704368215,54.054274001838984,5.963527451994058,1.2640818815624906,100.76
Maize,East,Black,769.6778826188977,21.429383771731622,92.67415793302166,41.58627699321316,32.80655260383088,33.71578604460372,7.945051699115936,1.9166638591677776,3.35
Soybean,East,Sandy,785.2083923744702,22.532766539144106,92.374289349152,73.26945330579554,38.37706852198411,30.299192311839267,6.327327821315685,1.5764153900340478,2.24
Soybean,South,Black,1177.068154533235,27.32256963780805,71.44873460634656,75.22508314105593,58.585220894282244,45.269291210375776,6.320895637778808,1.3164790848887866,2.85
Maize,South,Sandy,1103.7282255230398,27.38593255407894,44.20693511237545,98.23124573450694,61.70823481540799,54.8076367993079,7.013835629215235,2.2742287788006883,3.67
Rice,West,Black,1006.9470208211827,37.821654246001195,83.85286804558835,108.39614975909211,43.5808821243583,62.904927639948575,6.440917708273699,2.896177249821643,4.55
Soybean,Central,Laterite,1251.8800250620122,16.17532712390558,44.14347057834951,83.45172853436603,61.99762766771531,66.35393731721227,6.578452990358033,2.0597798962958547,3.37
Sugarcane,South,Alluvial,651.6834283739237,23.641500122857607,75.7279853795978,90.9209942325919,18.342694077227723,16.143282038649566,7.037786831747118,0.9931464755539942,70.79
Cotton,Central,Laterite,1553.3060640026113,24.354186426845033,40.711065887898485,106.39138310136799,52.07159992879731,13.735338479146641,5.587129979243852,1.0699769979372784,2.73
Cotton,North,Sandy,849.8034345862723,29.432331315355977,65.1142775507986,75.30183828432693,43.18617839028536,33.55604238853068,6.41450943164533,0.20746095163732745,2.19
Wheat,South,Red,973.4766588541421,29.63335428168012,78.27471174353585,93.5386482377537,34.43411803821811,26.46142040335254,5.748756060210822,1.0707333080186658,3.58
Wheat,South,Laterite,1557.9480285377829,26.002030322944556,22.619623834528483,44.509617402695305,49.19608936006688,77.04679222310497,6.77950466286385,3.081618300884474,3.36
Cotton,West,Black,787.1679879529601,34.55435203867021,57.074313343229555,65.93644896666316,42.346864033678585,44.2045079171373,5.37116368299251,0.1375654661064237,2.25
Cotton,Central,Alluvial,1306.9127507568044,21.419301535879352,67.29967926017095,122.8541832367666,31.01002593040667,36.845089513922204,7.759829036063618,0.3860032444931291,2.57
Sugarcane,South,Black,935.7034215407057,23.520380364544447,59.83729330236514,105.60851857773493,50.492526335150345,31.86808199925858,6.026538702306781,3.698140723344074,86.06
Maize,South,Black,747.4496293017804,20.42246715853249,54.93388136860197,100.89431951618032,39.323264855700124,42.98168480390581,6.23313823454495,1.6784162666347777,3.8
Wheat,West,Laterite,884.8782422903593,26.26697720995126,62.99786795986168,57.84513619787984,29.284383284352998,8.22891161567609,6.408145644338247,2.22460489502184,3.76
Maize,West,Alluvial,1169.8840590316586,25.341445473039766,80.56285734705303,41.91415059825221,52.15774012483967,53.52881562125053,5.727284530209699,0.7759156286946975,4.28
Sugarcane,Central,Red,1304.2798989273206,30.93118751567219,85.53432360468389,56.03803761891566,14.435515747001013,61.0120713416784,6.685898859010184,1.341985572865224,82.52
Cotton,North,Black,1067.6817759753503,36.26748736975438,75.57531747010526,82.58184931636934,64.64646665007666,14.284404769257222,7.387511216008753,2.8674121031218927,2.4
Soybean,North,Alluvial,520.6169044344438,34.45275365895735,88.30041891821551,93.27903552718219,53.59975487459196,48.73930171840348,6.236016952617356,4.17564728760703,3.62
Maize,East,Red,1190.6594948985476,20.885812673219668,56.97829143573851,119.60108089275599,11.63597210702526,46.71257706226368,6.160510775003457,7.315266877499471,5.52
Cotton,South,Black,957.3604496152207,27.266799322628376,73.9517698579163,49.87646372468697,58.20773122126387,47.977573710424046,7.015035383843439,3.8079608167835963,2.15
Cotton,Central,Alluvial,669.2551699513631,30.87190238954799,49.71730188820804,65.8313931878564,41.27498371068123,47.81271735622004,6.966153865660037,0.13973618636665736,2.84
Rice,South,Laterite,1103.91808610484,30.342265048494333,100.0,120.81759968061868,9.139268545934364,24.066145635218344,6.599495258772693,0.8412290234764476,4.18
Maize,Central,Black,1340.1518555941352,38.572089795770765,66.5022059404241,40.26276630368603,12.076726570257485,37.931835388285826,7.473752530833945,2.7637252697875954,3.63
Soybean,Central,Black,1002.0156843991584,25.90088884009535,77.06160396558225,85.48476006706119,48.58714001639124,53.059712517021964,6.830535467968509,1.0824089549553872,3.99
Maize,Central,Alluvial,1276.9998075367782,27.39046163688622,38.56302638398049,31.897385296694758,23.6121946735741,14.665253508396535,7.9191924696348135,1.1467177305443519,3.7
Cotton,South,Black,1138.7188103321785,38.20419637153226,76.72001818868166,71.3104456744746,26.87548384191696,41.68808231103355,6.2577575011731055,3.162805732842764,2.33
Soybean,West,Red,1142.5912884480028,29.099584407829436,66.7054885854465,129.15457545729515,41.578899720907586,48.56277624523845,5.585909865696763,3.5845457058903865,2.3
Sugarcane,South,Black,908.3539146842091,24.014518730533066,71.96157350291084,93.73106062397578,47.58689547128397,34.60572611128201,7.6128903455701895,3.1347532655544703,81.19
Rice,Central,Sandy,1245.6089616482022,22.126038364752173,65.20358273036976,113.11914931485353,43.19019240980416,47.105787237714004,5.0890631069774175,0.8758462379703967,4.41
Cotton,East,Red,1274.2536536290897,28.045373087884496,63.20304248823937,93.64483763706653,26.403184792578344,40.59894139194445,5.824469226518158,0.5175767063619956,2.21
Wheat,North,Alluvial,1237.800352064132,32.3330234448498,60.37777138661123,93.22120079810557,28.751015729804116,36.74248443746256,5.712552618201961,0.8886489654758618,4.02
Wheat,Central,Red,905.8639789828752,32.268813250449085,63.65513633133924,39.20143256436907,24.09055975358721,33.58398532696706,6.548870987983008,2.4171904964049213,3.95
Rice,East,Sandy,1295.5239308465825,22.639253802303788,87.02412887685932,131.6286979151452,43.45605308925849,59.12394417865251,6.438258641753457,0.9073618344657198,3.43
Sugarcane,West,Sandy,1115.8943514428536,27.516391430204727,59.489250658676795,120.76054829528579,42.697894767525234,38.23523557495179,7.470345611911903,0.11395002144054354,70.37
Cotton,Central,Black,708.3023615718807,24.745773008238917,98.88175630279278,61.343107152921554,45.974982114185906,27.162377961993037,6.553228296489253,3.226459616717528,2.82
Maize,East,Black,885.552314716016,26.26031700198111,65.92065346583631,118.28640165721849,42.76004460663958,21.02010987907091,6.040802618577143,0.1310560665697883,3.77
Rice,Central,Laterite,840.8773077311105,31.527851978009053,85.99950544640711,106.60523545263551,41.693094564015674,17.32162771692919,6.275202133797563,11.110861518977387,4.33
Sugarcane,South,Red,403.630936146541,26.750417944888717,82.15889158632888,96.34576228529558,53.401358501444655,18.237469813418482,5.74917592389333,3.954739980342973,90.06
Maize,East,Laterite,1301.0239150535022,30.26236272719683,41.54844678160242,85.31606549735304,41.46270588275689,33.154984232254904,7.028453323642378,6.262524435463255,4.47
Wheat,South,Sandy,1930.3560153049052,30.41213751230684,44.72198498851689,77.48442489990839,53.257486003232536,38.05797068474843,7.690155976814172,3.582594287149187,2.8
Wheat,South,Black,1362.5043705642806,23.94514604550239,54.82653840189159,123.5040242419748,34.1124116862605,35.35698712860757,6.667110903833974,0.21309888280962266,3.47
Maize,East,Black,1048.857797385767,33.14466913008504,41.84474442033162,83.37322627898953,28.201860252751484,27.47348582506573,6.485742290909955,1.0851663834768974,3.48
Rice,North,Black,845.2543808112777,21.523817896999013,58.804067210002984,91.80608652581851,58.01175266450521,31.827137546984794,6.872641689471153,4.770517448686106,5.78
Wheat,East,Alluvial,722.4748770312603,20.68297944439955,65.42176933397731,121.42504117358203,32.95398148845984,50.06075812719443,6.136102411338344,0.1905550277673559,5.23
Cotton,North,Sandy,1045.1936136456277,24.612445310974927,74.72914200183394,109.06922823170498,38.35917039738075,55.41402568557267,6.387118738324535,0.7283941132226979,2.66
Soybean,Central,Black,1290.4919539779905,22.124579634007468,67.70864621866518,49.123848316508315,27.58874807430744,65.48059702309975,6.367469754143425,1.2588379864071348,3.12
Maize,Central,Sandy,797.625264337525,30.02652046390469,65.0785967691089,65.38973896428605,69.80870978041678,40.59698264908223,7.063571874727965,1.195362946136775,3.43
Maize,East,Black,1769.278053265165,39.81749934064135,80.3561193507959,59.4415812848736,17.03974534610513,59.79373058027221,6.1910126466036965,5.761286905243325,3.32
Wheat,Central,Red,584.8020601854296,32.64032628694635,78.34824763127575,91.12654324028385,54.7393911526092,42.21135147685357,4.806063229423634,1.005445707483082,3.87
Rice,West,Sandy,1067.34946145596,22.915057263290613,93.61761869666589,67.94648875719,12.086373083331818,61.56835209545562,5.593102337811848,0.546141977499508,3.86
Cotton,South,Laterite,1021.0883045616692,22.00996409484272,67.79935766131243,70.44881970714623,34.32785391436012,48.82401534514642,8.345863705622012,1.1773383945104396,2.45
Rice,South,Alluvial,1001.9879261233268,31.88734829347589,28.835327021784757,74.13854586829494,51.10383599708264,40.66001926741317,6.369227676082965,1.008341450665762,5.36
Sugarcane,North,Laterite,829.343529328874,21.08132599065121,71.40797926486522,89.27358874072685,65.19039121313212,10.146313385657319,6.900582573586254,1.9526267460003415,96.32
Sugarcane,Central,Sandy,1024.7399181091448,22.075985997159588,99.03546820500483,73.4727792189309,36.41827555371529,37.76783938461187,6.433740965586572,10.281660886688261,76.27
Soybean,North,Black,865.0686574742381,28.845343481927873,80.38979140821789,104.20885157337936,31.89263406828826,27.8389367295903,6.440358960588772,1.6033242043117404,2.77
Wheat,South,Sandy,1386.3668206637626,24.290558472991158,83.82950104180739,52.7355369987243,43.05484787119536,34.50663838383595,5.606235740988298,1.2406366941690812,3.62
Wheat,South,Alluvial,1486.2322250226835,27.59666387225142,66.42244809109594,42.99876850660756,64.76852944403659,58.81413802219798,7.862949692170938,1.8020758571214153,4.09
Wheat,Central,Sandy,883.4370251850871,25.34733569956163,78.69704973389737,63.68943359955995,42.546520392650415,46.37159422818064,5.901886820887568,7.80405852824912,4.19
Soybean,West,Black,506.50879702750177,26.860623266446805,84.61892798537203,54.58089862678506,47.662446976495545,55.06439901563339,5.882887584005357,1.9605916449695544,3.38
Sugarcane,West,Laterite,1095.2941371168652,31.37208073991366,59.98624527570629,81.39323846073243,30.400601448335983,48.580859036652264,6.806089925592678,0.26234743987675624,91.92
Rice,Central,Red,1084.4783230041153,30.107599314464412,57.48825575500287,70.00649995534039,53.637217504517984,25.547215206783598,7.4320776927408385,4.876533671251478,5.59
Soybean,Central,Laterite,1031.563692665336,31.585007746374412,71.82054593039011,47.53174043093895,16.505227853677123,68.94584870880486,6.280936810532085,1.7872089357985972,3.47
Soybean,North,Black,1159.88581630535,30.19635735193047,79.53892295407206,47.060198279811374,58.79084634049277,37.416651249092524,5.001535855209562,0.34420088300082746,2.6
Rice,Central,Black,1414.4583433731614,30.5421435024987,23.669464531078738,84.572450498695,59.933617788639324,55.58988897775693,5.026914145223431,0.5240076536804102,4.79
Wheat,West,Alluvial,1249.8916541002163,26.989115051735652,62.07830949536404,102.51981415544188,70.31181166386534,64.45365458241693,7.736569335771038,0.25688389644268034,4.24
Cotton,Central,Sandy,1159.4305959810954,19.727598203562994,35.698186256514845,62.356699052017404,59.90163915871195,19.595434790049982,6.558586170144832,6.4761304505381245,2.62
Rice,North,Sandy,1226.1746634122287,26.463177330004495,63.161341567662554,77.81649347725562,31.906932038656162,38.61826040030213,7.562992145760694,0.14696997711631146,5.1
Sugarcane,North,Laterite,1075.4427456993346,28.579634591933146,90.3442168238937,63.94677192244811,61.98185410800714,50.46950619484264,6.688173719289297,2.8914739153109976,98.9
Maize,North,Red,716.3677169943139,27.371104740644025,55.639724612023514,76.20757924975159,56.95299992637919,35.79955290648115,5.818342097095698,0.8239479762428055,3.75
Maize,North,Red,1435.1369245377355,29.099523768054645,60.70873586192906,124.05564985965214,29.12893067887113,81.0577860087115,6.811909832061415,0.16918348002587233,4.17
Soybean,East,Alluvial,1030.7750706529591,37.30488248079555,74.92903652041521,142.4884595824274,43.12696753936708,44.008098267862664,6.714362223759679,1.1377826828139834,4.03
Maize,Central,Black,716.2182204338775,24.492417683734942,79.90678000463248,68.8419051898852,0.0,49.29163335371331,6.899532938209013,0.1,3.4
Cotton,South,Alluvial,661.6063553464793,24.975724299420833,79.3424994959128,67.21610381097797,19.309292391583586,67.52928634224955,6.566110419945681,3.3995202170054415,2.25
Wheat,Central,Sandy,724.6602440499981,33.04342951580137,65.55976927263225,90.80328332685794,52.31442640644483,19.29286969295908,6.116423761306189,1.5613997878873627,3.55
Sugarcane,East,Black,630.1883438414397,27.62285240512135,73.55700260926146,83.01335574464149,64.52411451752158,33.391049376140856,7.416791156711605,1.2020352039757685,96.05
Cotton,North,Alluvial,1200.6653280011667,29.27323940782864,72.89874990275301,97.03089925320444,52.37233227729189,25.618476010314627,6.449269354666896,3.5348460794211687,2.7
Sugarcane,East,Laterite,947.4665111772464,24.040915687855918,54.443814467057685,76.87841214586224,40.830260690988666,46.4850131493389,6.688652383726551,1.465108248787905,91.4
Sugarcane,West,Sandy,1232.8014232128123,23.337714084848514,38.73431942229362,75.44804545767292,24.503937355487903,64.54779304921398,5.716651736863504,1.8092097980599458,81.92
Wheat,West,Red,1350.8420859750634,20.964642652204756,51.54463592109761,91.03943291937155,49.66535512184875,24.30821043169695,5.635197673943668,3.3728262433824776,4.16
Soybean,Central,Alluvial,1273.2345750838388,27.86195217348812,86.58096371616833,86.05425228801614,11.255572958094916,18.835529240357502,5.85502188815098,2.5500118117944814,3.14
Maize,Central,Sandy,1190.2070218127994,22.107037307338196,98.19819777781095,67.94925035712063,47.72440176201824,42.6912498367362,5.6323628499401694,2.151975770663694,3.18
Wheat,South,Sandy,1086.2587360459668,21.493137511477016,63.634723906193365,83.09729931140134,26.475431062837657,60.39240553283099,4.773407715568924,2.435744758593383,4.38
Cotton,South,Red,942.8910810045826,30.30523284592387,86.00270071352286,83.16391799468961,51.329659223195684,28.169122699326188,5.999166206570397,0.6102524632089591,2.0
Soybean,West,Red,962.9061618298257,23.826306358148226,60.539027382295195,11.020622437131308,52.05636090092312,24.788672530761886,7.718738415756198,0.24942161133514526,3.49
Cotton,North,Red,1175.3090467138531,20.998800296593988,70.23549673572893,78.57251099404503,31.518239621403012,63.74193269381453,6.162770420137797,1.9492553728021107,2.44
Soybean,East,Alluvial,711.6053824697146,20.483181578280302,55.78692542378796,102.57746378396811,54.007327786589315,37.09894014839666,5.490963898007631,0.507248127782446,3.55
Cotton,South,Red,983.8345746137848,31.55861442825731,80.21822806996445,69.03542189582043,13.687448056749329,49.52605596337298,7.06763460088122,0.1,2.34
Wheat,South,Laterite,777.1473425417082,26.467496082796515,55.420761701100275,61.39918006749687,37.84657808706403,60.71726807259576,6.405742538446228,0.5869229896170954,4.93
Soybean,North,Sandy,1351.8946235726385,25.003348165666818,51.61079751438716,61.4955213645971,51.8658474238048,47.76020386806843,6.200184673357305,2.5478579016903176,3.71
Soybean,North,Red,1215.1171980738259,27.857309243464723,65.70126482460263,88.21478562136909,49.325582135822486,40.518942028758374,5.538933625706896,2.4648924451084016,3.27
Sugarcane,Central,Sandy,1641.236333672673,27.381367776535352,77.25149628185478,55.33186914282079,31.66457619823978,25.46806766049619,6.505754053270992,4.671449214713382,72.23
Sugarcane,East,Black,772.6896228279875,24.35332586537112,67.45479667862533,85.951309075153,53.23157070309642,32.026130227767936,6.527590611609324,2.249260892949418,79.05
Rice,North,Black,804.8578559854092,25.331586765463435,57.96459897551796,83.97370259909962,53.78803781838097,45.2489991422011,6.744652940535316,1.1586613433111872,5.16
Cotton,South,Red,1017.2503300732865,30.653648410410437,51.5048281757512,46.653340202556144,22.399490377504314,58.65346977090823,6.559125497726209,0.6035602575486465,2.44
Sugarcane,South,Sandy,782.3624522305064,31.12386603736667,39.696624167627185,103.63813568524782,38.32054007510116,32.812579023684094,6.386200168467128,2.840946377082255,101.75
Rice,West,Black,1161.2859410558767,22.809054322869063,58.15620369070096,111.29144428318938,42.92568649290307,31.14229535616898,6.50139509105108,1.061957750489594,4.94
Sugarcane,North,Red,984.7140619683308,33.39836977496138,62.70629246301591,86.28509532700609,42.71123287656818,47.26551641213271,6.411960463324618,3.380087921255873,95.83
Cotton,Central,Sandy,853.4407894900946,37.04528694900124,73.30940837847602,80.96584897678329,52.1715990390184,28.547620584375267,5.319735771803764,3.8160287114302878,2.3
Soybean,East,Red,1326.2813693843236,25.543249729994088,47.49338933923751,67.4790157149394,33.801395920169064,46.604039590036244,8.066948573767613,0.8663949809345006,3.07
Maize,Central,Sandy,445.1234468675834,25.423396334266943,75.02281399605353,68.44097127109899,64.53725540894932,27.157965255777782,6.981013620708264,0.8426536891666462,3.88
Cotton,South,Black,1162.6339530516752,22.50886834875667,56.08762357387421,69.17416866633849,34.09076141421865,43.900156402157556,6.615494115986085,4.898307168812037,2.76
Wheat,Central,Red,834.6602596390901,23.657060086841508,57.293441076772496,98.58288669619078,22.98989148587067,35.20201022817974,6.315127935495335,1.012537466244128,4.36
Sugarcane,South,Black,1245.0269421771034,28.61735880870559,83.73079649948755,94.31952470035415,36.599517165356495,41.70948256896882,6.364515714434248,2.4538367669856855,110.82
Sugarcane,South,Red,1316.8767124195892,38.58476948289779,27.839773905927757,30.72458739659107,43.81201430495324,52.09050163944758,6.733060892919181,0.9490421940294348,104.77
Soybean,South,Alluvial,317.0948388842313,30.64169859218727,46.59756591181616,42.95951557038663,22.31940441977589,38.5740649912824,7.622431753863013,2.628178972559427,3.0
Wheat,South,Black,936.5132863737335,25.339307350037497,65.68468337534884,59.291543175840076,35.39105182104012,46.06413041553681,5.949626217025131,0.38135200939683767,4.0
Soybean,South,Black,1017.4574883959816,24.87636396807973,64.92543506422008,68.37623808229253,21.397467351249265,29.620006923363455,6.717383552962076,3.6143816756325378,3.34
Wheat,West,Laterite,292.6492770400681,23.680715323539925,39.47023234046647,90.77795918764231,50.54729606989466,31.78494547677048,5.20551717259065,8.167940033839747,4.29
Maize,Central,Black,1068.3252481628426,32.29948829267197,57.58689426709917,66.51783289327392,37.337874322149545,23.553810827523087,7.150191823255021,2.9029252670276047,3.32
Sugarcane,West,Sandy,841.5841277636806,25.78383240796821,79.3702277559905,90.47390260750463,4.210743839417766,39.06304708496817,6.774197904056417,0.8898405323265117,113.83
Sugarcane,West,Red,638.281805130725,29.271346033338826,47.55754349443458,119.91013253285679,55.57058506169682,44.389613190996705,6.417727100592242,1.6202784779869128,110.17
Maize,North,Alluvial,804.8532747732976,25.81626513598021,81.21128415347539,65.43741032071497,22.441324545038157,45.79275017138964,4.76950370922156,2.214903972194942,3.51
Rice,North,Sandy,753.0059090640522,37.59021255889081,54.25759614397562,57.1236567045526,80.00391085957952,65.45321598779869,6.041664444745669,0.4285471369861376,4.7
Soybean,North,Sandy,828.7428056883062,24.3290581724477,36.90613910473804,51.824078298244494,29.748491473703204,47.139401963787,5.748611336776223,0.6650859952478808,2.37
Maize,East,Sandy,1055.5370172857629,23.483221843540395,77.28628278859479,54.1330233098129,31.324883478790273,33.512939236811725,5.768696127387642,3.2366624425653323,3.7
Soybean,North,Sandy,1294.3739590193293,24.59139801645315,68.7603766366243,93.858919962259,42.40619120372302,74.89977243217469,5.01486915659463,5.811239959195187,3.31
Cotton,Central,Alluvial,976.6492150528351,29.12004945964992,43.010950615642,98.96430279252426,3.7856873311815207,28.206585002944568,6.207360420625497,0.6356866603756235,2.37
Sugarcane,West,Laterite,1330.8274211985965,34.17347285377252,56.85831530768872,95.66757211945058,46.60629238885699,43.00187175535098,7.957015051873548,0.31935930052638484,71.52
Soybean,Central,Black,686.212754832824,29.130837899416594,90.87444622555705,53.76916061905911,50.51809622047884,56.667376896947,7.067268687048954,7.993180363370141,3.17
Wheat,North,Sandy,1045.8667799801926,30.5328788999053,74.87528513666675,70.41377535945088,53.59414539562989,48.36741829406239,6.542340137424485,0.7712325730118116,4.02
Soybean,East,Black,1631.9834644528219,29.837902253276038,81.73079088897842,70.49057462510926,44.21094626112779,8.682309062467244,6.940013329826027,3.0144396506722893,2.47
Cotton,East,Black,522.830571047513,18.67491683969245,47.925234973631675,122.9110906094966,41.366173888927186,50.163416641514374,8.253736143849665,0.9528843878883544,2.51
Sugarcane,West,Sandy,511.37268131831854,26.919309857321842,83.3791767750048,87.39980657488131,17.23812711109769,31.763438833299357,5.699353212613532,5.954924643734804,69.94
Maize,Central,Laterite,1383.9915110000466,25.414546770911585,43.64070485270409,82.76067944919116,47.397295579720954,28.579414215735326,5.875464380438941,1.8302644307191163,3.87
Cotton,South,Black,1066.157539580584,26.293843543343225,44.11521197971994,86.94947988204002,39.37271592404847,14.806327796660923,6.110353769818676,1.0726772794982082,2.95
Sugarcane,Central,Red,819.54998750206,22.885734498630832,77.5267897022728,69.26393245904903,33.59433405181918,42.321990739626244,5.367414725019061,0.3928404051388101,95.98
Soybean,North,Black,661.0979093483502,31.34153908688816,45.033793565759694,90.07582691523612,24.506408350433972,33.210634045312155,6.757235975433559,0.5903024971962053,3.11
Rice,South,Sandy,989.2034191427306,27.242367085433788,87.76341431783193,68.03881166110988,47.19829436971693,45.12431224310551,6.254408233386956,3.8893931536304245,4.91
Rice,East,Alluvial,1040.0737270841141,27.212159724852,46.21385183174926,115.69283145988044,35.16050969090004,26.832213785018215,6.99930039108193,0.11726426899376881,3.44
Wheat,West,Black,1041.558185831416,26.263841385705362,50.419065077364635,58.215659445523414,11.768555602260552,93.61451291873928,7.165880489052112,0.3412040069914534,3.96
Sugarcane,West,Laterite,658.1657747423358,23.85349992622311,82.29757345326112,84.72360451825723,36.65439863414251,33.885860044152565,7.555631565961832,0.4279441887230386,85.2
Rice,East,Red,898.9153232114015,18.0897942236492,55.68871835346667,96.76047098949226,28.443686975153724,57.411984730299,7.07844652304718,0.14660362999745238,5.3
Maize,North,Red,829.575116096437,28.358420091335407,76.92732236757607,78.00019738041887,53.139717854162924,57.118032822647635,6.198674025166895,2.3144322611966905,3.4
Sugarcane,East,Alluvial,1193.9331674189527,27.567927728817093,48.29920454105655,83.17506568327163,37.51307044661779,54.614547390380196,6.0921520231809545,7.955457931874032,98.69
Maize,North,Alluvial,675.8651718717794,29.67120889536319,60.8509889071168,74.97057106491617,36.05912481889419,27.136037495663192,5.708233909556762,0.299785656262753,3.95
Maize,South,Black,1022.8083319541182,27.361569200292436,76.1129737438524,57.17237805411089,44.630970287962825,68.7986248818581,6.537236316604188,3.208230285610015,3.98
Rice,East,Sandy,1790.2679252907715,21.60355093071641,52.31413823069836,123.35020119465702,65.12384404081124,44.20911426015252,6.786492631603497,0.3883965654069455,5.58
Sugarcane,North,Laterite,655.3808564023275,23.02601695023129,80.34090268036994,71.03555693095042,46.09086276363111,45.96932185496233,5.30754206138224,7.282510490044611,69.12
Soybean,South,Red,775.8211066285083,33.69726707947765,59.595717386280825,47.35871222802216,28.15547900464854,38.81040736503844,7.42577521136589,1.4146997758134712,2.34
Cotton,East,Alluvial,971.8412640703609,28.59468081035503,66.80136752186986,61.9233154925939,16.645827181449512,40.10048831612229,6.520993759573573,3.761392489407174,2.44
Rice,West,Laterite,117.32367636315371,31.016081351019693,49.96006217702343,113.21867097212262,59.95346497712466,40.735715735254324,6.197561872962925,0.3739992295299341,4.17
Rice,East,Sandy,571.9517628640679,31.594581966386457,53.44457386641135,136.92821896898084,3.221456439369163,16.940312584733288,5.687812324780798,4.330114833745733,4.52
Soybean,Central,Red,1093.2077650129781,22.08136155407979,52.33786467150196,89.29265673482047,39.675156068882075,43.866182928308426,7.624223395336924,0.17032986770768058,3.53
Sugarcane,East,Red,947.298963770054,25.29747566694672,55.865400949704075,99.74336059633721,75.24068341264318,51.991302968865995,6.906893787829258,0.1,50.63
Sugarcane,Central,Sandy,1316.4121472630934,30.405066438657794,88.19304577771791,126.1616002660973,13.33526501820577,31.420155036804452,7.190044674426173,2.4685925357604996,120.66
Maize,South,Red,928.5625484965076,22.92232461492749,81.81184871899364,55.97638760486104,23.24476668943641,38.44116917398416,6.413268373155275,0.22526512920907296,4.05
Soybean,East,Sandy,902.1567510411643,24.95877554133997,71.77699366533093,89.80849871076532,42.98833717946851,14.468868365839345,7.793372489676244,4.016877244397529,2.97
Soybean,South,Red,789.1387674515142,24.403165597518854,55.120726463904944,125.66655971600842,27.91360430074744,56.641277682541315,7.158841182728821,1.941885647366613,2.97
Sugarcane,South,Black,897.1464765672965,23.309411539011744,52.3688156808681,100.98104219554128,38.26472569137627,63.387484661808614,7.558293408390177,0.8038875599155386,96.66
Maize,North,Sandy,636.5236545409562,26.34925637319955,50.45578561973349,73.19253726144476,46.37680199922103,43.28079686580688,7.431012083856981,0.6494524195014493,3.5
Rice,South,Laterite,955.7602291105637,24.57083951808926,60.44249393848252,89.04287259751197,48.53876476294026,45.29326772755396,6.001627233299112,0.17095899836250944,5.04
Wheat,South,Black,708.6229558332304,25.007271334792524,69.20193821851228,126.5663298440331,56.619774841006915,44.413601595799314,6.6649368968137335,2.321296186068096,4.42
Cotton,East,Laterite,636.7703736259928,28.3423167555798,74.21407336412797,83.7848062699463,16.27634626250246,51.23013726492819,7.567331042633296,4.978494584648129,2.19
Rice,East,Red,808.1627687495786,31.990440957488943,65.21612249873137,56.90716539049522,58.99407311008695,43.76665405092565,6.891113856019798,2.827511620937905,4.81
Sugarcane,West,Laterite,1135.345845921587,30.822895198494702,73.48172181001803,95.28867572076813,60.199528984734506,55.350919959520105,5.709690607389923,1.9319834742708735,84.49
Cotton,North,Black,1042.676652267374,27.882047078360685,79.03926957230964,57.4139197134739,52.685603338683315,50.30704495367027,6.571139795616781,0.2527330720157307,2.65
Wheat,South,Sandy,1200.2819579662755,35.19689415726154,59.42365898733908,61.64265998386842,23.025869064991753,51.546560191276605,7.153232603268483,3.51621598448902,4.25
Wheat,North,Alluvial,723.0291592990691,30.295040785669624,81.47570210763516,68.36896733657598,22.256392684258227,45.75931716459106,5.333291882642417,6.726873590785677,4.93
Maize,Central,Laterite,996.0411602854743,31.02250183838657,50.24399715069159,79.53475541136368,44.449038428212376,50.75560957761445,5.724674776105812,0.6098390902717378,3.91
Cotton,South,Alluvial,1510.5376304615686,26.184755441266265,73.7957287543784,58.861578171419794,49.65777042143046,28.531602716941002,5.363119877778148,1.0907075160491921,3.13
Maize,North,Laterite,1419.2544195722376,25.066925156943515,65.4794613687408,90.26619033976165,57.63188319833013,11.303475066008417,6.880047967778601,0.1,4.15
Rice,West,Laterite,617.6089342433554,28.88015331797848,67.62950081068287,71.31691108937505,32.78674426291262,38.79656937439172,7.747520990299186,3.5664483641249753,4.61
Soybean,West,Sandy,697.4788221485492,31.531079416095327,59.48297797231381,100.46905446640362,49.3990539780328,67.89568551050598,4.87693953311051,0.1,2.59
Soybean,South,Red,1509.2411167843345,27.872216680485852,83.70981632611327,81.0227316377405,48.58315618752408,49.94419439122805,6.666572006215343,1.3330429079614872,2.94
Soybean,Central,Black,1135.4651278757717,23.834207233934233,55.936455713547105,76.14926878873752,30.18358675382988,51.04934390745257,5.991003702542183,1.7182593502924355,3.53
Cotton,West,Black,942.7809740787943,20.582006781731742,85.81187340275471,77.14008620142252,33.38981432178445,24.887910165744955,7.866664422584938,0.11428795509918449,1.92
Soybean,West,Black,909.27649913318,19.092365492151725,85.91048099403845,116.49719527285187,16.050436076681983,46.725055174143215,6.674275968911607,0.3863635867055999,2.71
Rice,Central,Red,1068.2379335817243,27.212735739737,71.76668131464228,102.06105106353702,24.04063810446008,23.591033226018233,7.184099762374766,3.129253927794528,4.82
Maize,North,Alluvial,1071.9980515380043,31.079811847309333,60.30745074021782,44.280351836481216,30.550012630185094,39.757217680316415,7.613999999244781,0.5821320841786389,3.53
Cotton,West,Black,840.0516612804428,15.484694074147788,52.43339906370484,67.51651006198378,47.82872983960014,36.067331884098024,6.640796372776502,2.579948763554652,2.74
Maize,East,Alluvial,951.0398476755828,23.962632276804282,35.0844155489725,82.4091825157293,73.93944507289092,46.97660617923804,5.058181818068553,2.7660971748956773,4.6
Cotton,West,Red,829.5337489860751,23.14685817528554,73.09817178056558,25.595421476999512,47.27175659128809,40.49190609262982,6.404893236051732,1.0461958217946852,1.92
Maize,North,Red,1050.6221529025852,28.896330236452386,48.32757425484577,90.71975074080305,21.331066966635575,53.40882361183032,6.668312474560877,0.1317478152877825,4.41
Wheat,North,Sandy,778.7297287112958,23.665958335239264,50.42775165936787,58.7868532681277,32.83937802637475,55.443004540469744,5.560936309112633,0.1,3.64
Maize,South,Black,619.6760279154469,20.84772912702688,73.2651174775041,61.63000920063572,55.75364724637743,58.428871404690234,4.989610024253946,1.3565708587072238,3.76
Soybean,East,Sandy,1442.612729113084,23.95506975832419,58.55172499148882,62.45261111993659,27.953274918850205,85.32329452301023,5.394061418316619,0.1482714005892993,2.9
Wheat,North,Black,979.1273203700908,23.17150514885852,68.2639937209397,111.47368993229948,62.48800765686229,28.64779479338725,7.564757721636167,2.5927062014395035,4.74
Maize,Central,Red,1509.116397917196,27.064945969508567,71.90873992375654,95.22988037938839,50.26790461900412,33.89964976270527,5.565655922625977,0.9587312434141804,2.65
Cotton,East,Red,420.31518364498686,25.926040524570126,89.07050227308845,68.73521132255105,36.227109361241254,34.28461509869669,8.745237512107442,2.299536543801258,2.09
Cotton,East,Laterite,565.1580892589548,29.21240720384236,67.97860507690105,65.94205459463373,11.303388845713343,10.931874189805601,7.645355812858856,1.0490436513942036,2.65
Cotton,Central,Laterite,1140.0384322768407,26.968748005815915,56.75578019739795,84.1186306254189,55.112505422498145,44.24210727644308,7.232684032763556,1.9795302081907273,2.51
Sugarcane,West,Red,979.3802219239428,32.07483742595022,63.87382634895111,119.890745519062,49.65523302339269,38.55082678113843,5.263020816772016,3.57973695121814,58.82
Rice,Central,Red,652.6929810837375,24.76029395032356,56.33197085720286,73.57660673305459,47.08929966521984,57.30931274741368,7.625046496425346,4.316155422253107,4.18
Cotton,Central,Alluvial,1340.9486071870942,30.100529599191404,93.1963187577733,33.42572698452024,80.12650694180373,53.70718381904425,6.0971911584208955,0.1,2.79
Wheat,West,Alluvial,739.0320012307384,28.58925459107234,70.58350391721368,84.20633325091445,25.95901688473358,46.70159237272376,5.034747153271013,2.074126094828501,3.26
Cotton,West,Sandy,1359.5652109336243,25.52301015173485,73.7700151872537,86.8277057821922,62.823816859710206,44.06721927774793,6.705510535812528,1.6608437094057442,2.36
Sugarcane,West,Laterite,978.8695511267719,30.439920053578135,85.28752863844826,89.22966227919486,37.20244392688545,31.60715826226818,6.862421827372951,2.0269153756019835,96.76
Soybean,West,Laterite,679.0208303212332,22.988880794286427,52.28525461558795,79.0530861216273,43.827249185902005,42.956261078493476,5.861443368511725,0.1197015853920395,3.07
Wheat,West,Red,799.3784443992583,33.19918346107565,43.60266941205701,83.41241957089844,44.682061995464494,45.73212480750291,6.019156984709189,0.14491825822322757,3.22
Sugarcane,Central,Red,1411.645908373226,23.118138908797768,64.65888830942382,55.490174965643,52.518958592721376,39.60228727171253,6.357354387450501,1.3742510988103824,64.02
Soybean,South,Sandy,910.6758894864827,20.296760305278667,43.644817666797856,107.27415859630477,29.28226715892646,39.708477137406064,6.3363999960978505,0.11762172280895998,2.74
Wheat,South,Laterite,1291.7022614018963,19.90630988882416,58.83341615601101,66.90686636788672,75.90699013386342,42.12682194124801,7.09883410180049,2.9958895456243337,4.23
Maize,North,Alluvial,1420.1320254394977,27.455453932422962,32.31630788504373,73.55525951252221,23.416525041427295,43.16261925569043,6.280105209395961,2.9610059124935453,3.92
Rice,South,Black,975.8730250432039,24.17917373538011,44.724769466361124,89.83269021418418,34.648678376433594,53.5128359744578,7.816341461698594,0.24959426822566846,5.7
Rice,South,Sandy,933.0421141221389,27.90619889015784,83.3439503692705,85.2981356667183,67.65064553400367,0.7550601194837654,6.7526483380234845,1.2141514371795115,3.43
Sugarcane,Central,Black,878.5095587259754,21.48659261205128,71.06955316964363,119.40757636156474,57.69729700547658,44.20241522139318,5.172109389374931,1.807642322924595,97.78
Soybean,West,Alluvial,1105.6292872965573,29.434923171508085,91.96477223009546,112.73773040130227,34.64969657766219,43.934299949151146,7.423611081919494,3.924323277350324,2.87
Rice,West,Alluvial,1451.7790072000194,27.920333719041658,64.53292895496034,67.66736431361247,50.2046434310079,52.73672581680685,5.827254880759121,8.91867310872249,4.61
Soybean,Central,Black,631.889080208102,24.712566144320853,63.95701689434945,129.4542137060973,23.83920652603562,38.47434543157078,7.413234373094509,0.1,3.31
Soybean,South,Sandy,1065.745707896224,30.12426873404565,68.23211923292995,103.73343154917671,27.841291520570607,8.569518387385394,6.773282660932103,1.2938218589740724,3.65
Sugarcane,Central,Black,1052.7638280574815,29.875298991954825,100.0,83.25127370053177,34.53804320752377,12.744866276274731,5.846192023111959,3.251996421433459,86.17
Sugarcane,North,Sandy,458.74386709091254,27.460378225652992,80.78907105128431,63.42760596989482,61.39612972581094,8.797238540396354,6.165740212562371,3.1779485127669367,84.91
Sugarcane,West,Sandy,733.7602804059363,31.436410182477275,52.39093078942784,78.38781004934661,8.409347423317957,55.21864202368779,6.865042179991036,1.561046537821849,92.54
Rice,East,Red,795.2376679937101,32.552494936178896,71.11013225040551,32.087371848179956,53.20794975450085,18.436360457692874,6.7172390667249475,0.40241585443415745,4.52
Sugarcane,North,Laterite,1229.2088598400715,23.057215911583857,67.2884857479403,93.57919016528903,34.06658860747889,59.79701402020747,7.263548079721832,1.637857721240915,100.77
Rice,North,Laterite,1281.6852733602464,32.6622814833858,75.81357535028998,47.024736861503555,49.317472494659754,34.43304634694795,6.846210415533143,0.9936950517624948,5.99
Sugarcane,Central,Alluvial,437.3864800245327,22.504660009100583,93.0983001991596,92.20176493435737,48.757746596270316,36.7924807784175,6.499898164103158,1.0522729882662794,126.93
Cotton,South,Red,1191.76062488655,30.857702505414508,73.8166337736576,68.02407705544066,39.597460967722824,66.15069729192604,6.582718614200397,0.7969842118837347,2.49
Soybean,West,Laterite,1152.978395446112,31.73604953962817,59.438609852772004,83.1895448919697,28.667188812652633,44.22775148607047,6.349125116371334,0.31210785985333755,3.87
Sugarcane,East,Sandy,1173.5160029411725,26.126741026226178,92.9652337834662,64.60068055926065,29.996709334615815,19.525119728808743,6.921967718695675,2.68064708087687,81.78
Wheat,North,Sandy,1045.8237892892962,26.733683733930434,45.41190050734847,61.95631656467229,35.296402350606215,41.81723042735516,6.835631721215692,2.4653487568501515,3.64
Soybean,East,Black,1285.1319535388197,25.5048577255657,60.93261001612284,98.35442767957875,15.611031971829409,54.39745872693389,6.705365788635367,1.5654093947938392,2.12
Soybean,South,Black,1351.4562086358148,22.877952427722548,78.52187838468572,64.3660827522112,41.34157709081668,32.00467045859277,8.341793722109756,0.876376397836131,2.87
Sugarcane,South,Sandy,509.8403008318772,23.811086070958716,53.14245926237125,57.45233834549097,29.413380229473894,67.34604369764068,6.804014715187752,3.459654534849473,82.29
Maize,East,Sandy,985.3827090183247,29.483095356396092,64.22337135847721,53.74891206086855,33.05503831158994,21.2686681971569,7.484396456051881,0.3484698315476441,3.61
Sugarcane,West,Black,923.6533762200347,31.278479200515637,54.480149873277064,101.37289506222976,36.91136542321206,8.378909736564466,5.979298582913701,1.1403378435274656,88.66
Soybean,South,Laterite,828.175869077388,26.927812057141214,64.4249072707822,52.016522434474545,51.25423480432461,66.14539471268874,6.508349671863062,2.119812272594338,3.1
Wheat,East,Alluvial,863.6475857937177,21.949449872688508,54.50601537967774,80.13550212546451,58.573165954697984,27.254063675133136,4.787567764373245,3.446312749642028,4.04
Soybean,North,Black,1056.0350879012194,21.26878604953585,66.18567159343067,135.31322944808977,60.59127825949432,25.38544256801083,6.571414827727793,2.0974186376289556,2.24
Wheat,East,Laterite,611.0173725374883,26.469413008853873,60.055662152210424,62.79144779100635,46.1594608834391,32.473803736001194,6.009743369768726,0.25045589468249774,3.26
Rice,East,Laterite,1201.1866180254403,24.362028203534262,84.90861907710617,60.4686070285638,34.154649326383854,25.400908875749387,5.934493264944683,0.21359601582267548,4.75
Cotton,Central,Laterite,889.2633787483477,32.93106657021254,70.78249423630596,107.16448957632392,20.382429566915135,53.48897585320074,6.67177392987339,0.10349698900262944,1.93
Soybean,South,Red,1262.3940038767453,23.488566313771187,76.0719468658887,50.32615535744925,76.61328153592548,33.027070273091624,6.177856492130232,1.6418553836043581,3.25
Sugarcane,West,Red,814.0206489894542,29.9868965979548,67.16465309543267,107.12615639770408,66.71428916639665,22.15643186005694,5.265211077790875,0.5566240226722843,82.57
Rice,West,Laterite,797.7659167056484,23.89691987981984,58.483672161686286,70.4755644534429,53.37938611884931,35.89306723766015,6.336780664548459,0.3475887109857159,4.55
Cotton,Central,Sandy,716.3609961482958,25.582508192770756,70.02200959022419,102.57224538799639,49.87095051802573,26.40033905100867,9.0,0.1776027169091261,2.45
Sugarcane,West,Red,815.693617214348,27.860727043311343,68.04189209928333,90.96219041579512,34.690022631722776,39.405623218937414,6.837458167208712,2.0532568415304864,100.73
Maize,East,Black,759.5710373655085,29.597914138425065,28.678810425296597,94.36804532043467,41.95687783172481,25.684276255311353,6.723156911167493,2.800088782461388,4.12
Sugarcane,Central,Red,1130.4241567283964,29.11279988966344,65.50329588720295,68.93102417175595,53.809425894871694,37.07917903454583,5.595117747004038,3.9005519894334646,85.66
Wheat,North,Sandy,1314.1321959054644,24.200604372111336,75.07942496849338,70.2013891234028,11.636680270009158,37.443671740841864,5.50659233859344,1.809776143559272,4.15
Wheat,South,Alluvial,1116.360426905055,27.501737958756763,54.25851374232237,66.96743186507398,30.81749338480641,67.97485815815106,5.751325513005602,0.8746425636474131,3.74
Maize,South,Red,976.7732905098259,25.12606905220214,78.01280742154884,113.22463526438065,40.158745359489544,57.67000505402707,6.724250180292226,1.2713199229372343,3.18
Rice,South,Laterite,1146.0662332333086,19.843640665054387,70.33387535940345,80.14613135833204,11.153134009676538,42.59080436350515,5.523271558829551,2.022030230398325,3.5
Cotton,East,Laterite,989.0741129773149,28.144637166630428,59.04828219890914,128.7190324980815,17.68729649390842,35.418149663763984,7.643382109810821,2.4965635663331596,2.44
Sugarcane,North,Laterite,1008.5720034875437,33.313523084364235,73.12855030324404,85.78914325778541,30.126940129907602,35.22410991566448,5.570536455005931,2.070380586124231,88.9
Wheat,Central,Alluvial,908.0083185202676,34.72091726978261,59.47111971516899,75.38203060560514,41.29009469587412,41.92536009521388,7.146016368878715,6.535300332327258,3.55
Rice,Central,Sandy,1250.977378935864,28.586921840689634,69.15197208957761,74.59418579949045,62.654656277502106,27.408038454736868,6.714047785447176,2.7742601500519695,4.19
Maize,South,Black,230.2205297959838,28.259626310046297,61.10117583699358,62.57104784080644,33.2922082476885,34.36415909614387,7.703357346357054,2.777563577868711,3.08
Soybean,North,Sandy,360.1455900406529,13.9033426453608,73.23507876671698,85.60719539986893,68.2169343956598,36.24847868134328,5.624510206148856,3.4274374208251572,2.51
Wheat,North,Alluvial,1308.167330726354,40.636639237756214,85.2023711039825,77.7888137379075,29.09093986182817,39.68765763810121,8.95427333712716,1.233774219128121,3.08
Maize,North,Laterite,941.0418597835888,34.15484228952444,58.458215761696486,64.64338180539669,38.1135384909777,42.37805811452632,6.6519705164113265,0.6129050310347657,3.84
Sugarcane,West,Sandy,1275.1701535593047,30.795679571980287,78.53340247775273,78.52151357290126,17.78523065884149,50.90727999416201,7.4578911053952055,3.3882382111034595,86.37
Cotton,West,Black,817.5764063343561,27.35998777845063,60.515566006742155,67.48885370118252,33.46139877334393,53.841045013263425,6.813993875343198,1.247914082819043,3.36
Wheat,South,Laterite,1502.2732398649152,15.845773143180487,60.63316194938955,87.17422110180809,11.453631988027546,48.14483452574494,5.650408767365502,1.8687870630207601,3.59
Wheat,North,Black,959.0444033921153,27.91152724570241,59.07103300327049,97.87734155460178,90.78669294559549,66.16459798473642,5.885190117272985,1.1228047216027726,4.17
Sugarcane,North,Red,1134.817464118028,27.15884165704538,39.67989943108926,64.3135949181285,24.32396547709343,49.865129162505426,6.520091077130266,1.0085555843415108,102.29
Soybean,Central,Black,865.8561256353157,19.953712461949394,72.50534478303365,68.57581561138956,45.38515383646701,39.171400794482686,5.882172030471438,2.224979193646268,2.78
Rice,Central,Laterite,730.860493853281,29.240809353153836,69.26069766827604,57.39983859406033,32.84556018183434,38.76312788870191,6.619097178574093,2.189302985191281,3.7
Cotton,South,Red,477.7214259788768,33.18306934904183,67.44425591606844,108.34753922332271,36.471732608931454,53.658517119332416,7.205863834421975,0.7393008443107,2.68
Wheat,North,Laterite,1235.7112168790077,28.70281097236582,88.31780610449269,35.62790036950617,38.85342429146912,36.31842760716438,7.525325584650532,0.418937228638368,3.59
Cotton,South,Laterite,1118.6252726302725,28.686450675555772,89.96931695164254,63.538799435251676,54.2419671062019,46.102332765668365,7.835920859363185,0.28157095644216623,2.9
Wheat,Central,Red,1028.1077739833554,29.007469658682147,84.61922092171773,97.72975409746859,47.6227794493768,47.584753326711756,6.463788394490108,0.24157700714490843,4.93
Cotton,Central,Black,658.4152498656019,25.386143532005384,61.47007402827558,64.2196885532136,43.626862545814404,2.9349675398614323,6.161303838489699,3.404201046970542,3.1
Maize,West,Alluvial,1424.6398000253453,30.791686772086074,60.70921371270239,63.304996527625114,48.69519563146879,17.60862310936893,5.113845163406186,0.6741638184019297,3.22
Wheat,South,Alluvial,1031.7617780623748,34.61897542869862,49.727639746888315,96.80902021036763,45.566870116833734,53.09327747978327,4.6133993437332155,2.2697762394319847,3.99
Cotton,South,Alluvial,1210.866649040747,27.20630261779426,65.927551536265,23.31028167117058,20.857658263467076,46.6910044664327,6.42224737860821,0.6777387759433633,2.06
Rice,North,Alluvial,999.1038489385483,23.223142558042007,65.12380056818797,80.72822708022287,36.27741918622891,0.0,7.501946094702392,2.1977636590740977,4.28
Maize,North,Sandy,673.1735358405167,20.072349187326143,73.0766734356839,66.24611143640126,50.257081502861006,0.0,6.596747833794485,8.288021914732843,3.48
Maize,West,Alluvial,1297.7309083555374,29.504737633939627,48.96730388961778,66.75399726742373,31.071550499900372,61.788218845773706,6.833971942887972,0.13646526605523626,2.6
Rice,East,Red,1135.2305333565662,30.071092565724555,59.38608126300136,106.68370782386648,45.35705671933779,49.7331954621996,5.682901208662173,2.1212230288474823,5.48
Cotton,East,Alluvial,945.5770078229341,28.819729952683396,39.575816188649355,79.4871041716577,56.535987920553694,60.688516848689915,6.142444218538077,0.6641950692319667,2.69
Sugarcane,East,Laterite,1130.1011597134357,25.821888052037345,54.259419047969324,51.14749187166993,29.59116235870481,25.497072197579012,7.435608515987406,0.17306303012510532,117.7
Rice,South,Alluvial,1245.2630626756472,28.385641356108128,78.38951841702338,43.01407850763873,55.273698317750515,30.809725266811284,6.8540562790991935,0.16453835635721056,4.85
Cotton,South,Black,1198.0618170938715,24.321946944836576,48.478625972709565,78.48613457091112,38.4112425725493,67.29920523795192,6.128181009480602,0.9293607264028747,1.88
Rice,Central,Red,486.60213447724504,23.446066909247357,91.15967252781736,45.56902229743016,41.098649521588555,46.18408943195819,7.0354678118841,1.5557169533883854,4.89
Rice,South,Red,552.9394645655404,22.01850963262863,80.13353720580665,110.15493064509255,52.69684704090308,41.26413657553025,6.5975317478150375,2.0842409874507086,4.73
Wheat,South,Sandy,1219.8547389016019,22.07055939391667,72.51861727734446,52.4037805662569,48.89900774000117,37.599312264612195,7.367994970895068,1.6764736780832687,3.69
Cotton,South,Laterite,791.1639659385917,29.652207608223733,85.00304195164955,79.69284597910689,0.0,14.080235199947928,6.889491536120918,4.564688267516625,2.24
Sugarcane,West,Red,685.4162204676466,25.653652878236855,63.18449350311524,31.36967352726024,12.476858632814466,56.95718039201472,6.237860863667778,0.33337070830250104,95.69
Wheat,South,Black,1111.631268923815,23.593053902882065,53.937132784206014,32.6168942822731,47.97597995573857,10.351843150442956,6.321899569086907,3.5322602408122736,4.1
Rice,North,Alluvial,676.3168278577167,20.190432357538334,63.56086514104341,74.75953764933328,37.88274840878868,49.849224267393915,5.402862007475731,1.5025158500981344,6.08
Soybean,North,Red,856.2576361512721,30.355308292218844,39.21732129141651,159.97450524195077,15.953320581045599,41.24780995536727,5.204937357194744,3.9402947291310513,2.87
Rice,Central,Black,1255.680954855609,32.348721640988714,82.86107146244973,65.94979743159594,30.111203340576225,44.44202122649178,6.14551586209446,1.1125643855557588,4.9
Rice,West,Alluvial,545.7574544305523,21.879306281079025,59.76667133031768,97.26457484082978,14.559333613740513,31.155841448609458,7.582696836066283,1.3147887920839134,4.56
Cotton,North,Sandy,589.5208720913034,26.376714301309008,53.67189843562623,67.66501343971086,38.41927545271358,61.89599894008312,6.8422478059130905,1.097461246083677,2.03
Cotton,West,Red,516.7010703853625,22.337188315258196,55.40682563989715,105.42109528977889,58.873770991189446,31.32393699532524,6.2666636103708315,0.20288281097690836,2.18
Wheat,West,Red,741.6505507946191,26.291071314932566,65.24864657282467,77.70771217940923,29.275741268798775,39.656130200471786,7.028291760563104,0.3133213749100189,4.54
Sugarcane,Central,Black,1024.8145717179134,30.039535401195515,66.79434531192679,48.83862227697392,43.685891370975575,40.202204531343035,7.392543308014654,1.4576716132654495,81.16
Wheat,West,Laterite,814.363620623528,35.09168813503888,62.8084391522625,73.76569464518717,38.43360016718494,35.025240387342635,6.012379004613006,1.5237471814064736,4.24
Maize,South,Sandy,1451.0047192977281,24.764839874217884,62.741755828286664,35.465626937289905,64.01742372240423,46.098877468614994,6.016179395320833,1.2614649524765673,3.66
Rice,West,Laterite,1136.592925614555,30.49956342488399,73.24639027502023,57.78224802114311,59.02325389926435,50.82671619410035,9.0,0.1,3.99
Soybean,Central,Red,994.3545844323478,30.62164457015365,48.51986370316234,89.53699692186714,16.16596963985523,38.35005243238754,5.786169595706969,1.4087293460000103,2.63
Rice,Central,Laterite,1380.2226850533066,26.24434775738705,68.37787131828932,63.63374069696684,37.1290977609418,49.42559306593476,6.058172157912001,0.2871050643253568,3.9
Rice,Central,Alluvial,600.7578976464611,32.80049896286787,60.23205661612603,69.11740039157291,26.71346541043045,49.63312185719279,6.2138730439429,1.6711431401828534,5.18
Wheat,North,Sandy,1259.9714571347504,25.361428676245605,35.03018040923632,103.46644934833293,30.98629708147225,45.96224195021531,5.701062055029746,0.680123007940149,4.01
Soybean,South,Laterite,929.122409012496,29.177007707421303,48.75045145131816,67.46159618756276,51.78053648544317,62.61158697019391,4.958873322142885,9.534969570901202,2.54
Soybean,North,Alluvial,863.4032068097958,24.131887333424945,53.12028712402109,92.80674952682641,42.89651135637052,64.26670945744509,6.572592733040405,0.89022723967075,2.88
Soybean,East,Black,1183.32137625005,29.6575717568268,90.05589657661798,65.10455709698269,51.57267952092688,34.026073486768894,5.9974892408573535,3.438582670521219,2.28
Wheat,South,Laterite,876.2474257388893,29.156053199583223,71.78756082852841,102.91450696530751,5.631961176044506,35.49985718391548,6.855055762940859,0.5636508311785918,4.33
Rice,West,Sandy,1054.5710610062745,32.936806096692955,69.06484131302916,112.73881092291629,53.95666693241449,50.395073427073456,5.83166644169692,0.4201705117016327,5.3
Wheat,Central,Alluvial,970.0267429086789,36.17786986191414,57.695423524398656,30.80108698716151,46.42129914132149,39.03709958637951,7.506615716176889,0.49971411129698884,4.11
Cotton,East,Laterite,1091.9355320287539,31.579128827648084,57.31477129365063,55.37556469787783,64.10434650636617,44.658299398267495,6.457737897720486,0.8102814273701512,2.32
Cotton,South,Black,847.8758711386498,30.35330065605574,47.2568032380391,74.1130810698205,30.837805304903284,22.42057701326067,5.82751713499128,3.779189264848895,2.12
Wheat,North,Laterite,1278.0287079754492,25.046591534403746,60.1038600054992,62.88361935949218,56.14163859159288,35.91403692271924,5.9536238463898306,2.8875094718588996,4.16
Soybean,Central,Alluvial,386.74632907139505,15.671668930404374,85.634140534283,101.44305363404814,44.380810871184096,41.24373015813836,6.298234314197498,1.143374230153279,2.79
Rice,North,Laterite,1192.2677665463268,33.4915154397992,45.22824005647607,85.48405015192068,41.995718993056386,26.289988141528944,7.595310225471761,0.4167296220650591,3.79
Wheat,South,Sandy,432.6280772569836,36.28091819909487,56.203580425794755,56.3567982861369,32.681743731782,15.213087695254707,6.033506213745444,0.1,4.22
Wheat,South,Red,773.9655424032873,28.56490704331119,78.89280597343426,115.43869456618253,38.581082586409,59.13915202793429,5.211527471550356,1.9275076783234775,3.89
Wheat,East,Alluvial,1156.7077165872856,21.969460542508457,78.85211712831733,114.97232769994736,25.310433180752472,16.85610240859069,7.8928608916484135,2.453474807563447,4.93
Maize,West,Alluvial,395.89912868941224,33.88931373679202,54.191892135500346,46.73363146341823,34.033788991311035,63.425207700713926,5.056552967126087,1.8635134436553298,2.67
Cotton,North,Alluvial,1049.9442234147161,32.52541522364393,82.45430131447087,64.859503934153,31.138501494987675,56.947836729824886,8.381872038732764,1.3913176417449036,2.66
Soybean,East,Alluvial,588.5962453396475,16.813398863719677,58.47954564345718,100.85971918066062,35.70743949575268,44.63169984613451,5.026919362193614,7.21368825155082,2.8
Sugarcane,Central,Laterite,709.2790456891275,27.702049275276465,47.761106271135176,103.22055029875379,37.274030358784145,46.770353796324756,6.185755621235448,0.1,92.5
Soybean,West,Sandy,695.4778530976005,28.214009646018265,87.47467986509474,115.09398303864114,37.65013462455674,51.20380313092366,6.149993529084323,8.914922962863072,4.41
Sugarcane,East,Black,597.0000693164002,18.9779061019142,66.37941022038949,141.79980088938592,39.8825497175211,33.753111787900366,7.2013995461758835,0.6467969168511066,80.58
Maize,North,Sandy,481.1168792274532,21.60566088401843,62.48207807272533,90.4506283897747,39.73692221074187,34.424102840011265,7.059049492687258,0.9662418547800047,3.99
Wheat,South,Alluvial,1621.356238139844,32.457804209934324,67.62244602158906,111.91642681884304,41.62099717512625,37.09875390686228,8.05835414763025,2.7929637147525135,4.55
Maize,Central,Laterite,945.2585558489483,27.348668510819394,50.45113706133727,146.774008144409,39.54987514626467,45.18018983789307,5.284657926349252,0.5152497570832654,4.63
Maize,North,Laterite,628.7732659812879,22.250286346450565,56.57144618626937,79.63536611913501,35.942895882045605,29.978521350892215,5.119098868710296,2.4747118638649983,3.52
Rice,West,Alluvial,831.3628190671898,23.65295091857283,86.553527439997,60.39727735477497,46.45386214815527,32.38586758789255,7.3398757223894755,0.8085843862450668,4.3
Cotton,West,Laterite,1010.9983085174306,20.994434264075426,92.88698991007101,86.3725841768392,58.18581945707511,70.0369829244834,8.318436859618032,5.645514060920001,2.56
Sugarcane,South,Alluvial,886.3915592593444,27.37709765417706,48.302448319923094,119.83073907501229,34.96597666358047,44.65903086216157,7.476581129802595,0.3767773750423717,104.98
Wheat,South,Sandy,619.9474677199032,30.76151900403701,59.15962141022958,125.32952379781912,31.975025850269777,22.565008783507118,7.089376596171043,5.370150477286929,4.57
Sugarcane,Central,Red,730.2304958258287,32.88336352852092,65.06582392628708,83.66414151314112,45.648415561476156,52.853770157394514,7.449905378070517,3.13154439212358,79.48
Soybean,Central,Laterite,1355.7149228767444,23.66008362133443,68.01040797889209,75.87209574065794,41.61659786953498,35.76014618938422,5.421828979417828,0.37322871667825513,2.82
Sugarcane,South,Alluvial,579.1861129906812,25.231081303061718,50.74421522184524,48.14175331202501,25.497268856638037,30.94764715531113,6.313745102321463,0.9808373935048006,82.48
Soybean,South,Alluvial,400.90873432881006,29.50579589304173,74.7566075487832,81.99575487475941,28.73122718768263,76.6237379104408,6.5264411535248295,0.22029136210025255,3.18
Cotton,West,Laterite,883.6135559947792,31.76303912552405,75.88983506537207,50.53685330449157,31.081257527720506,41.118770906567555,6.417319760844976,1.8311847812638387,2.51
Soybean,South,Black,420.48508595814974,28.85389928753077,77.75467674996177,55.69932637086947,24.448171234350188,27.960774704991028,6.92373249186642,6.4643180819626345,2.62
Sugarcane,East,Alluvial,727.0679786968597,33.33766533463416,76.2869623860201,85.90558042287034,46.57455950617689,31.283360578893053,6.479706402937347,0.16509197583071755,102.7
Sugarcane,North,Laterite,624.4188404760696,36.08452842426915,66.21848960823992,48.06351404559453,51.47112677088041,42.228187509951454,6.144149599269744,0.597117926653278,74.57
Soybean,South,Alluvial,627.0434075603075,18.849928989700537,79.85833793870214,88.88366789962308,27.827933203958665,42.12640284871718,5.579152785627849,2.8159087528685283,3.34
Maize,Central,Black,1020.8589353115406,34.59508412842528,73.16099394317321,103.72389571453989,19.593365099909597,47.0037018586577,6.384593489838152,1.2261435025986396,4.05
Cotton,East,Red,1077.1170908931606,33.492845244892145,42.7418732408498,53.67459395819387,42.59009329403021,14.362874208144195,5.463128607624351,0.8278687172605506,2.63
Rice,Central,Black,758.2295073823379,21.122240522028925,42.84735815623435,65.2745614488224,40.462313815778096,23.262691491687782,6.42467668244813,1.8385432468756766,5.46
Wheat,East,Sandy,971.6853552083496,29.318898412315036,69.62862139128461,43.836987261665826,74.52783765888927,37.18700891085639,6.760042617972056,0.6961980783054139,3.61
Sugarcane,South,Laterite,743.2838095738937,30.179869698495025,84.28727715444194,94.84101894892689,50.012721794105666,32.013209020344696,5.971512496783983,0.7975470425015259,74.97
Wheat,North,Black,1120.2515912509293,21.55091948256387,71.69068184084506,42.80798192989597,23.09096048397083,23.842646019787523,7.097520865676303,3.2809443884408194,4.76
Rice,Central,Red,556.7008929989117,26.694572750278212,73.82473546357413,97.48945775201454,25.7254228761961,45.54490234472867,7.323614324905514,0.9937924539652649,5.85
Wheat,East,Alluvial,1049.572194135616,27.781992996704563,49.113659051298335,87.24519914942368,44.7303137700453,46.847454651589516,6.098722487981466,2.4116646473167727,4.47
Rice,West,Laterite,1072.3241788526057,21.600345125244942,66.01014529766584,133.97103216578506,39.17788100921226,65.80374589511393,6.1946105744208895,0.326833355777992,5.25
Soybean,South,Black,1700.7937509558608,25.30541680729149,82.13159895948138,121.80111928355268,38.34396447920177,50.569674934467024,7.086982192813323,1.0177253896052658,2.4
Maize,North,Red,473.66707202278974,34.00588734744348,71.687172580122,50.32145527832083,41.00320061853986,47.211196675445535,5.692743278324194,1.6055700136850508,3.28
Sugarcane,South,Black,1796.7281346737996,35.41662046568135,66.5696348277299,125.6270157739405,51.630284200414664,37.3958920120123,5.613794375447937,0.6220301009860675,80.07
Rice,West,Sandy,1227.0053831765972,21.482085351082233,73.91188136112262,66.63239638462358,67.81110300933054,80.71904829774445,6.218088436877527,1.0949842993907375,5.58
Wheat,North,Laterite,1548.1944118422005,13.676321681661705,68.39811885664669,59.828979939969926,59.941447404169764,34.978605662811816,6.485701434209311,2.8527646241215248,4.06
Sugarcane,West,Alluvial,1271.5795417756767,33.18678898213635,82.61807597389826,67.30343357001247,24.782450999994552,34.85323734771811,6.060590159613644,0.35229264456523846,106.01
Maize,South,Red,716.9379372915014,36.11206427562141,68.38681321936714,72.7979324983336,31.981157132454463,54.52941669766921,6.9577297983920205,1.3893014434237976,2.52
Soybean,East,Black,1197.352001946703,31.38382803090796,64.53878673528641,133.97859815196085,4.695399168339577,15.977663079428982,5.411064335925868,0.6070319232951857,3.24
Sugarcane,South,Laterite,800.3041781635035,25.564990708142943,49.289570054581844,9.620429199686754,43.164124197800916,38.80749407116908,6.859960884488607,1.0560733047177338,74.32
Rice,South,Black,973.5565972924167,21.581365746553743,83.21587765735178,126.30616500801719,32.12374195363326,41.52978240672526,6.068620931512528,0.9412479464118553,4.97
Maize,South,Laterite,647.5944718136302,30.083878399078795,50.893714594197,100.73746446708384,39.70902879052254,33.9414454252516,7.771152775719517,2.130396037526375,4.24
Wheat,Central,Sandy,796.3907016587118,32.27339489150898,68.56217543639578,84.19520054212907,27.656766802650836,55.737093080149506,7.229721730875846,2.914875473291304,3.86
Maize,West,Black,1269.0929614916804,23.700955618354268,77.01434096630084,65.02942637304893,27.497707131265948,47.396841025804555,6.600992706075029,1.3852453936799585,5.63
Maize,West,Sandy,1131.386952054687,28.375290341581522,91.84003742949925,77.68514782348096,16.894505940104917,44.436482261150076,6.467016581281718,0.36444818592291633,3.65
Cotton,West,Red,1307.2690701781655,24.826447350472773,68.39944130558611,101.28256313386711,35.21187227187513,41.00743178747369,6.087840127570428,4.059394377138312,2.37
Maize,Central,Sandy,580.65639925461,30.76967802491728,85.86938319313464,104.04961565052989,48.533983543339794,34.62596938073772,4.5,0.41208622990186594,2.66
Maize,East,Laterite,438.8677331711932,16.705788763736678,65.41079582108227,59.21480264894895,29.890686147247674,8.845279817124538,6.58857778170901,1.7276366224145665,3.54
Sugarcane,South,Red,1330.5147136507337,28.983362632703844,56.59359766675178,99.33723215092814,49.774566625082855,48.13534962144487,7.408992495569113,1.4985975086094379,91.48
Wheat,East,Black,1308.3018609063847,25.1702587638748,100.0,65.29700717170485,29.630453305142048,54.386004515936186,5.745131961048567,0.6755958839545049,3.15
Sugarcane,Central,Black,1063.4612335875133,36.16034434996519,46.72870135832114,75.59751952456065,40.01030738206361,39.89550752236079,5.841216510136148,6.1129488875235465,80.24
Sugarcane,West,Laterite,1125.7676946253073,28.55994843598123,100.0,112.813090809389,60.33346338841051,17.573563958187695,6.583111921856267,2.258129856757718,103.78
Rice,South,Alluvial,1259.5114435392588,30.538705848214015,89.42550380419488,99.84050414255734,32.6822653414697,32.581169388442554,5.487235966252937,1.2696851940074978,3.87
Sugarcane,North,Alluvial,1054.4572277764444,22.2842338816356,56.377963386518545,39.53143223717971,43.37618775596065,32.85959496579529,5.915286961946939,1.172127248258937,74.82
Cotton,North,Black,1161.0001744307215,25.89286248453264,74.74772079583069,83.37357089380696,43.89570696034415,33.11508953427714,6.147031101970184,0.194024048225154,2.6
Cotton,East,Laterite,1244.4468160744318,28.972533724104487,44.03368687026333,90.48426035485996,44.09240703737981,47.508885956131884,6.59929358388063,3.0344549123219164,2.77
Rice,West,Alluvial,971.9456510945629,25.202892142802686,73.89548453042875,83.71870995500562,47.95260993414252,20.362641477201095,8.149353140584884,0.17469968226511226,5.57
Soybean,North,Sandy,896.3215329788643,25.78867864332338,69.83149261745977,17.075239826975114,43.69433435412072,37.09595399587258,6.46172081668313,0.4480898674421813,4.25
Wheat,East,Black,1114.6159107278615,28.31481581808411,77.99711257782528,46.134213195342575,24.595345278955996,37.609229164039725,6.805435397877091,0.35943770279031295,3.83
Wheat,Central,Sandy,1679.3842092273496,18.433727391932752,58.94032985424268,35.66374023620227,33.79797232137572,62.67936282653565,6.4396524791648,0.1411793359198104,2.71
Sugarcane,East,Laterite,745.6949073245694,24.377922719407206,67.38536812083497,64.14665563524515,48.63434697556588,45.943835786711595,6.739683360458994,3.539034027006267,65.55
Sugarcane,East,Sandy,870.7779523738441,30.943982208763902,72.14412008566897,83.44698192497857,50.56921809098332,33.39657445357913,6.620853028854922,4.735200978976254,130.53
Soybean,East,Alluvial,473.0767880846339,25.031778204486073,57.67305366399572,66.94617137563776,28.85731353515191,60.8388200285568,7.273571014242437,1.9644207645368592,2.79
Sugarcane,South,Alluvial,1130.4410190768945,38.68286111278591,86.09143028002833,64.47551033333329,54.588744504069055,21.904074055656093,7.849161295189186,4.203458252506634,101.79
Wheat,East,Red,841.0198624767498,27.453722261006686,66.95207791938887,36.47325462280412,32.841554782062985,29.92399585469652,6.380693596412522,2.2482492923818578,4.32
Maize,East,Black,579.9002965646321,17.73987413433208,70.16560958168641,48.77985491269629,44.98862565375887,12.72325243636752,6.208359235575871,2.310401188924821,2.71
Cotton,South,Laterite,980.9228544299336,29.219374004466175,52.50833183345975,56.11175121880914,42.927898115595866,63.72948195304495,8.397776858789115,4.404958933050789,2.09
Maize,South,Black,1448.3894695150816,21.720386093982437,40.22987756867002,102.04162398039782,26.304018758533495,43.212503268483474,7.8627447612239685,0.19286463141273022,4.97
Maize,Central,Sandy,894.3922056207158,28.699967744325924,44.80488797306458,90.77820806131194,35.88600986713117,36.83986675220992,6.781157561644269,0.1125727378638862,3.48
Wheat,West,Laterite,921.8457898172874,24.17135902897306,73.94471732342555,99.59877403638149,9.34244133540058,58.58849449162953,7.5076203058660544,0.11016212979166237,4.34
Maize,North,Laterite,1436.7120784708877,24.50287927134033,53.145638038555,91.54851950913601,34.09551882217472,31.3020221746107,7.804597220405276,1.0822427611399728,3.71
Soybean,North,Alluvial,998.4975386313778,32.17578841181427,75.93316564564199,100.55761849870566,58.50434351106109,33.29578025959233,6.326577046896668,5.852188804984321,2.04
Rice,East,Sandy,637.707908978577,19.082570497279768,89.82112319177823,45.851113244936506,11.426834316214709,56.40004479003729,7.283256358146266,4.079402629116325,5.65
Sugarcane,Central,Alluvial,1206.699756808771,24.57372621351533,76.564647793977,113.40495438511812,26.967419075477572,31.345642939221136,6.644688114083382,3.046185643890483,73.48
Rice,East,Alluvial,1337.3779884169476,24.014900514460574,71.39465965090156,106.20113113595123,33.07915526420334,32.70906751153865,6.6680575101111845,1.0347447373619922,4.91
Cotton,North,Red,939.8874448707058,33.6851956295251,74.83523413211663,70.65322941564764,7.976000037879437,41.00481625967999,7.152773338020905,3.4766170840266346,1.97
Sugarcane,South,Alluvial,1039.1479059146106,25.25542799445488,81.56035426199689,104.24951572312824,9.864143539498262,45.11008032061628,7.914382978062425,0.49305500747588665,102.12
Maize,West,Black,606.6436499449442,22.29211374700209,69.67578734184103,110.39563530352032,70.90324932137635,51.04679933439598,6.9520822767384,1.7606496924687651,4.07
Cotton,Central,Laterite,738.8238019489247,28.156217586463455,74.95542437629817,78.67535774484692,48.80314127314357,36.80589638785456,7.2583137070269705,2.7402344668536864,2.95
Sugarcane,South,Alluvial,900.0881181258618,22.528569080256865,56.51876581519026,93.43038995106093,54.99363732682696,14.872244617709278,7.252785481403066,0.19399355422896064,117.41
Soybean,West,Black,1023.0791815616154,23.253146221167192,50.35681559047766,67.02136719770095,45.254265193081416,45.306679934594285,7.575809981544558,4.145102124441858,3.45
Soybean,Central,Sandy,814.0756812217226,30.45059108279925,57.41310157696034,112.99848089568107,48.69354882869705,43.053876643648145,6.99410400619289,2.598905171792011,3.34
Soybean,Central,Laterite,888.766220587474,12.669641960555388,60.10463916026573,68.69720553716337,35.2244257186135,42.64494864478118,6.718994362487331,1.5240464577116806,2.55
Soybean,North,Sandy,962.8548720449785,22.179858338352325,59.49252363511216,87.84581344324071,55.64305747690898,28.663346901875975,6.257564396159951,0.12888151337843698,2.85
Maize,South,Black,700.5923181025123,23.616158486979288,82.19963791286591,78.9242042815683,61.51003273993939,11.838485823585312,7.058701301884056,2.3717338364041467,4.2
Rice,Central,Sandy,919.3597307627755,34.72563433512355,24.263543883761912,65.43681884954172,29.852622113305845,39.52344918480919,6.225395326205999,1.1857011620567988,4.56
Sugarcane,Central,Sandy,1346.7819898632001,29.226654079274525,61.794016272176556,37.382269851126445,36.28236653306124,25.78577081371117,6.610275034971493,2.6687493337752572,102.67
Maize,West,Sandy,821.1932810502439,26.841366737742124,76.1492074519944,102.15425287383025,31.29586929123657,48.355259594761165,5.710001789829758,0.1,4.81
Soybean,North,Alluvial,729.7207165451896,26.483990250383023,75.60144694846977,79.11376133066179,38.71706570996814,51.2276405482444,8.229267018443583,1.7102007243879824,3.05
Rice,East,Alluvial,1625.5373383831097,27.61734269069145,52.716009115030026,125.79319987964486,51.11279367902772,16.89985979772657,5.658855167999297,1.184867820989635,4.23
Cotton,North,Alluvial,1067.6807475157743,28.228012311634497,91.08076725443095,110.41801119250945,37.31847422915756,29.478000985255235,6.9850273370809255,1.1235899925006712,2.49
Cotton,East,Laterite,768.1485033672459,27.627677689952748,44.24370843191866,110.06050793656166,13.796965220725333,65.57038695254747,5.912739116861514,1.457847512808754,2.88
Cotton,South,Black,1193.0501609791565,36.73286963231625,59.75049298843163,98.33501862182965,54.54600731420226,33.332008457972606,5.436488200757095,0.2640224474090145,1.99
Soybean,South,Alluvial,1076.8321735212153,24.803982808220688,60.35257274470352,98.85598962528273,28.536618052118012,42.95736466738269,6.921386709022225,5.480681843210003,3.6
Cotton,Central,Sandy,828.9440994555716,27.87193814503842,60.202247519560466,83.91077169511179,46.08885446811123,53.182425543075155,7.742106885468525,2.439541268407816,2.15
Wheat,South,Sandy,985.3144551075575,27.189960532341047,85.39550634766803,100.61289212385933,47.55252454308312,43.343261511603174,5.924643312169542,0.17733302349873953,3.9
Sugarcane,Central,Sandy,912.5681977158874,31.696395207415396,65.23944534548023,68.80215010977103,33.58501306896854,56.343132070294175,7.012932566810985,0.16558881077474638,77.3
Sugarcane,North,Sandy,1297.0249491981067,23.533878597114064,69.79663212587069,18.951387672823948,26.267417216415353,54.039011438055,7.984126456496967,0.47312098652417667,65.28
Soybean,South,Red,1204.4027276964266,25.16591801620062,78.18975937233145,97.69314552280007,32.82657742304834,59.958931308419565,8.377736176883205,0.548143565736204,3.68
Wheat,North,Laterite,357.11663149205424,19.44173142032887,55.40627398821127,98.25349022370823,63.94886050775328,42.603354873699104,6.3225591175183125,1.3551394557333787,4.24
Maize,North,Black,1570.8726898596892,31.935074180318882,62.679050566930236,46.96027651423036,25.76908438939256,33.9623200970774,6.512533569055358,1.537705399607447,3.07
Maize,South,Black,913.5049390779543,19.38551376757097,90.14101889704851,92.84306289975108,23.484091960668415,20.252169003781226,6.645382399931602,0.3151980973745376,3.43
Cotton,North,Alluvial,1516.7089558155478,29.697782265584024,70.67364396167122,92.45601414095653,42.86096074965445,46.29908690070907,7.133498374660396,7.263634635898967,2.96
Rice,South,Red,1214.8153405789192,35.405478466643515,48.57534499402375,106.97624590274958,36.804377685722905,58.68564701338561,6.413547398649416,3.4832996617938075,4.74
Maize,South,Black,1074.4689805232304,36.628677102293,52.15462023367501,77.35777083323883,33.8514405939631,28.89182308013492,7.075683184177902,2.007446580002408,4.06
Rice,South,Laterite,971.7512219199447,25.470157514273897,78.37899302041374,41.94943522441488,26.45904762689863,30.560064658519543,6.5083660707724995,0.6511985303647363,4.47
Sugarcane,East,Sandy,1827.6331743433125,25.270611999979984,48.05788771499057,67.90045080900687,39.68743060583303,34.60623401905555,5.951876286567649,4.823460262900802,93.67
Rice,North,Alluvial,918.5051342779524,26.62940539652745,57.90514864206062,67.81023774213399,37.57856329104695,26.464441745009978,6.913282193176606,0.757384992686253,4.14
Sugarcane,West,Laterite,798.6006689606054,31.50369665136596,68.04953295113454,77.06834605998026,60.05312774642397,42.23993801770024,6.0957898040773095,0.7690827223754463,75.35
Wheat,South,Black,825.6072918647958,26.33952022563189,65.20432259904057,83.05292210591574,26.710743714669007,32.44041034730403,5.76156923727283,0.8705893064596937,3.97
Wheat,North,Red,1000.3177503885465,25.631308267981513,87.2482638965439,74.06729879893612,32.703667632565676,22.140450891997226,6.558748196631003,0.1,4.54
Soybean,Central,Alluvial,999.7941259676553,32.36352836813546,28.240738914588462,89.90163677768415,59.264855717284576,27.56459579137004,5.90295404507228,0.1276994216685483,2.82
Soybean,South,Black,1301.2071917009316,27.218376421724194,72.22920758797704,52.54569946461259,32.237618970430745,61.623666634101426,6.268487460398314,1.2917763983888197,2.89
Cotton,South,Alluvial,1227.4747102635888,26.23455608686475,60.761256814448195,88.99602074001263,29.174223270387312,41.691341313185994,7.333053819765924,4.269966141273324,2.54
Maize,West,Black,1227.847205936202,22.61934119090427,84.7551231260666,61.026376167384385,46.70078470146265,61.74544842297992,6.078313507013105,5.707589374115176,3.53
Cotton,East,Sandy,931.5286020545105,32.13515191732033,61.46559317704913,74.9640730229928,42.37692357906988,31.88439044495074,5.59008478303932,2.989703698158006,2.12
Sugarcane,East,Red,1202.9566324033738,28.235390674279557,61.90026106859966,34.2785191089474,35.36162765051467,18.277779568284387,7.0219897647592955,1.0364451362585156,84.99
Cotton,South,Sandy,1234.3889928045137,26.94138725433194,64.93885120572702,103.59257703057102,41.133631798705714,35.901165233682654,7.4314381876010875,0.7435526485536006,3.01
Rice,North,Black,976.2021644544533,17.69012617999175,55.08289021315789,72.34696099541739,47.11662923449576,64.66408112914831,6.202771247060595,0.4859390040312131,4.28
Sugarcane,Central,Laterite,1083.7600446168274,31.772491976958328,56.13630991986578,88.47001224621981,42.41169436190998,5.134634221859372,7.629468042773269,1.5463299762182745,81.81
Soybean,Central,Sandy,1234.0094178475138,21.328760655739472,62.76566450933456,59.470741367392534,48.654734598265385,13.860067975646444,7.00978992566092,1.3173389184667754,3.06
Wheat,North,Laterite,1063.3495903027097,29.259594805097823,89.67458647168128,66.00543025363834,37.178160540402516,35.549753504602435,7.706580048224418,1.2580802880095576,4.08
Soybean,South,Black,1091.9734825445403,23.10732842642362,57.62975223933613,55.8486614781788,24.553591811926395,55.84442896711185,5.789513816094784,0.7602467560440003,3.56
Maize,Central,Red,1422.1285721244335,21.634505283466037,54.687539368939156,83.97010789470028,48.49698568904095,24.375903162508592,5.1083147256201045,1.744197889392731,3.62
Sugarcane,East,Laterite,1065.704057042549,31.64075742236335,58.997778404136156,94.38147262308087,35.9347538106875,42.56963648621247,6.970223282339024,1.8726389752323958,71.64
Sugarcane,North,Black,817.6803749963791,27.508289496214935,65.05094053838705,54.9705577903089,35.54551027876989,39.128364557793155,6.542579029893146,4.161999017516283,71.27
Rice,West,Laterite,596.2959966293365,27.205200593255693,91.8866686139599,83.4980186951218,51.19026006608743,57.925198027921965,6.734716099550442,2.8659607285344832,5.78
Maize,South,Sandy,1033.945286189972,36.75254744529764,53.543220893516846,73.87776171610403,64.90329275820687,74.71647555677572,6.887118900104676,0.8006243452248932,3.18
Wheat,North,Black,900.5598620055268,36.675178677167764,100.0,84.85303060735883,14.796510884395076,28.192001958957622,7.785388324833264,0.9545782766820744,3.64
Sugarcane,Central,Sandy,1242.4941792990762,25.765229492735585,71.78449028701529,57.538781740096795,35.26524609239982,34.6566771958495,6.021968989715214,0.5475580828550706,72.86
Sugarcane,South,Alluvial,1473.309429607793,20.464268666351334,49.995107966523236,91.62551751432159,38.84787816038813,38.9917647669601,7.8975177369494025,0.37471374448911626,85.04
Rice,East,Black,691.0884630066321,34.06905911113966,56.79117337491916,73.02884192373304,41.63901941330525,27.717083233267722,6.135498057453015,0.2305783112677701,4.67
Cotton,South,Laterite,734.2458269935928,20.276957234632658,35.95325367214707,76.53947456105972,37.26763247327765,66.57592879431579,6.930511659620641,0.1,2.54
Wheat,South,Alluvial,992.7522671259125,29.375994713827478,66.6002285776743,138.51322121440344,38.67155369541723,23.265942043778356,6.851681248054787,1.0814761410757325,4.27
Soybean,East,Sandy,760.0204385223373,25.66053779150848,80.77302898533588,35.95109454705401,45.50451494543554,58.84890479634362,5.905751269826179,6.394318999650311,2.3
Maize,East,Sandy,933.392220718042,27.379997103259758,65.46633470446494,93.50624950899383,37.07559229869716,33.57870234788713,6.8985609497804505,1.5444312777226878,3.56
Sugarcane,South,Laterite,839.1480343298005,33.131457854242875,77.0421109785132,90.88112834809864,32.00972231270272,39.075266329522606,5.737098590621051,2.710807897113499,78.04
Sugarcane,East,Alluvial,697.6666629191075,23.065778015614104,71.42730921785348,95.76351483341755,31.56818389126139,41.82537983259446,4.9672250746870175,1.0140732693357923,98.0
Soybean,North,Red,1247.7656145027904,23.95919637926501,83.15201732759662,94.64256356384885,59.92294114161752,32.777897627299815,7.30547304905222,0.970333161462256,2.81
Wheat,East,Laterite,1022.584613392902,30.790262000156545,50.30393199325031,84.83175345618008,69.74966307820182,51.68108999788791,7.350208669464418,0.2675255766875881,3.02
Cotton,East,Sandy,1549.1106188126837,35.944091535184604,78.243233231132,90.20963006341559,34.927024309420155,46.42078963909076,5.373178403116297,0.7129252304484852,2.59
Sugarcane,South,Black,1107.7019922863176,39.37086981651889,93.30163913582629,147.14454002276642,35.245336003082336,62.97425911253238,6.312605135790543,5.280931445228307,101.49
Wheat,North,Alluvial,1386.5597017145467,19.745946637284504,100.0,75.69204802746984,45.87910835993428,49.573344444449475,5.631806453333182,1.3474795511458983,3.6
Soybean,West,Red,781.361015668858,24.90194686866844,86.30489263862455,75.43291182069362,42.0023157243058,22.02165168442638,7.022069258127001,0.4571733844516388,2.38
Rice,West,Black,777.637859439375,21.842285693267293,67.57207115098683,53.32472543577141,37.78944344051568,37.71145055932713,7.404027071290783,2.1798229765611707,4.15
Cotton,Central,Alluvial,1666.2611820918669,31.23275837699277,50.52090171767246,59.37608505484535,21.249698177815848,63.717617154245346,5.808238148852644,1.0398939130418472,2.28
Maize,East,Laterite,817.3252211212888,27.304337067637874,52.75065531719073,85.58979231828044,27.768529543384354,31.45699291890717,4.763866274389388,3.5127920908753576,3.95
Sugarcane,East,Laterite,715.255134752239,31.388936874818743,62.402375115673166,89.2245094811642,50.3780672841338,62.287069552732156,6.904676894018504,0.19484541257864835,113.58
Wheat,North,Alluvial,648.6261570888043,25.024427986923786,92.89883581280475,77.18264138978725,35.81615129829176,50.82755620373365,6.988296684138755,1.4754840217668874,4.23
Rice,West,Red,1574.7251694089643,30.49764002215144,57.04445438818878,96.31109734548527,69.49460148159672,52.05313590342219,5.812191996406849,3.231034014963581,5.34
Maize,Central,Alluvial,917.5908881006177,26.10529884125183,67.69395846239554,69.97869574638017,68.851303536178,7.926549279353104,6.104435524403128,3.845327809528035,2.91
Wheat,North,Black,1121.0176240301673,27.711152421034342,79.11145665519311,142.13150447516102,26.236471320186716,46.30979895930523,5.884629862643495,1.0095075603462464,3.7
Wheat,East,Black,1045.419165847012,24.11879515224831,20.0,83.8171351201001,59.82557550279846,71.18542723765995,6.513342850009526,2.702171238393974,5.15
Maize,West,Laterite,782.9771355031787,33.800218076125304,49.04881218572426,96.84714865647867,37.99859373803984,26.936957184375935,7.169348178940835,6.745793211034477,2.96
Rice,Central,Alluvial,911.109100748768,20.68641315198531,94.29756803620243,84.038280519163,42.17593163780613,63.86482639039997,6.833076311390372,1.9453405062004643,4.31
Soybean,South,Laterite,1253.7051612084479,26.43134951016131,80.64353672668551,64.94326949826173,50.542408708748376,42.76932129836019,6.940814121081061,3.3382697200138542,3.2
Rice,West,Red,632.2426844625609,35.90441991469459,80.74466810298574,67.32092964390172,55.038409801456346,27.93253306103471,5.479992422048596,1.7054563769233568,4.6
Cotton,Central,Black,1202.250472177425,33.3799086761442,50.9075833358885,51.3313283676055,29.18289451056556,35.719423394290494,6.0523114463180985,3.1233214144813246,1.99
Sugarcane,North,Sandy,1430.2112993564751,22.783910891423684,86.7725237895516,36.94047750093218,72.84094120107707,14.382083382302454,7.4458283773999465,5.6502422879820795,101.38
Maize,South,Sandy,1087.7126019963998,23.038185148758597,52.74587736050892,103.7450850190845,44.19229965046131,40.59479540095337,5.5422392513118615,2.48585644445523,3.27
Soybean,Central,Alluvial,1400.0200702998175,29.57037349306247,66.37321785412713,64.76888861836211,10.350547258620036,46.18074779231523,5.833376195661963,0.33548547053957506,2.95
Maize,Central,Alluvial,588.5759913337205,30.249668663451914,75.42038650532622,78.39406363471409,36.07286401148804,75.47279259264536,7.007818975061899,0.17094170671885506,4.77
Maize,East,Sandy,450.9872641948954,32.94951860227266,77.49329862651369,118.3189444504745,71.73228890619284,45.79244493386107,5.043861054241421,3.3435475324446946,3.97
Rice,West,Alluvial,1072.793302017256,19.953701267021792,72.40321953027713,109.22333897657465,31.128789505174055,61.46344994571692,5.703786016671735,0.5977998149755481,3.73
Sugarcane,East,Black,824.0964867222257,33.57896706359801,61.98605808182422,83.74845749047476,74.34412222205556,25.016117784205882,7.133164166952156,4.163129716022215,99.65
Cotton,South,Red,1263.6294884979861,22.49284899613503,37.28623753250526,74.733151026745,41.85820322088883,37.27079507848678,5.2793979059073255,0.43669963779707116,2.31
Wheat,Central,Red,906.8668058369014,33.673368920678385,66.23529207603708,76.16489273279419,39.938622307889325,44.77405682112937,5.889623959798174,4.8392875694859665,4.39
Wheat,East,Laterite,1044.1577124875557,18.92288458550445,32.472564565088994,135.06249230943433,24.26443313604115,27.079062233517032,6.984547837929433,3.2717224433092285,5.11
Maize,West,Black,1024.295148422349,21.43022913951029,73.51368995277191,84.3097691361203,49.254294416024806,36.73704324059283,5.611235972703336,4.261687159243646,2.9
Sugarcane,South,Alluvial,1033.865198470163,35.60507737212524,50.32009731087361,154.79767206821091,35.09123651427302,54.579828893086024,7.184494627327187,0.5297741425695898,100.9
Soybean,North,Alluvial,837.206353656157,35.88018818630078,62.6070673024063,47.48434352137592,39.70363051513573,76.48358553950311,6.720752337031471,4.216235989991679,3.41
Rice,East,Laterite,590.6055605089341,27.50167670414056,57.32701017427273,81.17377325855182,36.82435841608767,52.315213148077156,6.291545053459627,1.7713281769376732,5.0
Sugarcane,South,Laterite,934.242536584353,25.35355257997861,73.49018460384843,109.14419053270228,52.63349645444953,29.38564597634852,4.981251024138196,0.17549580877697352,110.67
Sugarcane,North,Alluvial,1435.0125115094966,26.91973135228473,53.14844418874245,107.00247646455438,36.92909986736021,39.452881321880454,6.518544524899752,5.348473000352904,94.93
Rice,East,Alluvial,817.3515122614028,29.073639754612454,68.84317565191522,95.7898664976555,2.3645970301585635,24.27858508410647,5.245500069670264,0.4329362088071558,5.62
Maize,South,Black,815.6960203822226,29.524053118408613,67.76823056198384,64.74218054493997,27.294312146036162,43.86168540237985,5.123060729588125,0.4803220237068789,2.7
Sugarcane,South,Laterite,1047.294228060547,25.52633715352645,65.98655080444348,47.1742204144512,20.21569723742034,62.32148460834749,6.816666213691287,2.435000782672495,99.82
Wheat,East,Black,646.8692474073657,17.322633769149668,70.89013453735562,75.52971430214261,62.2364250566403,44.52335180806047,6.721096267090802,1.7496463757456986,2.47
Rice,South,Alluvial,1301.046450107298,24.281482159201325,46.96269642700626,106.08140336103851,48.9640018288148,39.85708855643538,4.892494569584904,4.665912031465733,5.07
Soybean,Central,Sandy,675.4793638636587,19.22498358165441,47.51166709585691,122.5005674887669,40.719368035779105,38.98340921529471,6.2791129470204075,0.7333183731998274,2.52
Cotton,East,Sandy,913.2108354707952,30.829053108279965,86.50213578898598,82.7711556977215,37.0674318488861,42.90372560440733,6.87774074469138,0.1,2.75
Maize,South,Alluvial,1761.6725120880205,28.84446750790181,41.901911109276426,77.54704421398138,18.774533673767998,65.00042180087162,6.711805413742447,10.596376677854035,3.47
Rice,North,Laterite,657.2307288832769,26.443756094891683,97.49521722409422,85.21940728260739,36.61395716332966,51.554685765586726,6.659216017824789,0.7500964629766483,4.9
Cotton,North,Sandy,1441.7112152582106,25.746162876563925,62.93355795718617,85.50331260306926,54.29166234740345,24.5194781070568,6.292987230631438,0.35329963603112235,2.25
Cotton,Central,Laterite,1036.3744501574406,36.83052120291967,52.24280922765504,109.66568034417648,52.27975877160418,31.103266587208957,7.359643023706794,8.318548639262607,3.12
Soybean,East,Sandy,1078.6954412447178,32.731968377695694,77.91722813697193,70.79092917666424,46.42717965874036,58.34502554642438,6.633696072172934,1.6551576834188089,2.96
Sugarcane,South,Laterite,757.1916303248,28.02660533777002,56.56649922393003,77.04299742403842,19.128559939995327,46.11702148238122,7.405286147085024,0.32235284345931076,74.2
Soybean,South,Sandy,1239.6251833704314,24.30975425252507,70.07295231219612,91.55021130033096,29.0131841296773,12.544185760673706,6.535217484162461,3.6136019969487827,2.34
Sugarcane,North,Laterite,890.22255612546,33.44998618514643,83.64622247783564,64.19420735789937,45.58164578492576,55.833713183430234,5.5907774976048765,5.816138142513809,73.84
Sugarcane,Central,Black,655.6644557957799,27.55250196373276,75.69882809159586,57.01563050139232,22.77965265614568,33.656985218977226,6.639497645686578,4.261975385009172,70.98
Rice,North,Laterite,1436.6981209428664,23.75835679326286,71.39740168523339,115.08943271648391,50.82671025535008,29.448682487159473,5.424629233093595,0.4428384174673661,4.84
Rice,North,Black,884.2453321813285,24.0470712965637,74.81947152613651,79.40049363488686,20.027443442121147,55.652084320039435,6.841829216518342,0.10825348175005242,4.58
Maize,Central,Black,442.1849658532939,30.309308591955283,65.60110965872386,102.26635985213161,23.45940476782583,54.72062710810083,8.020675474598374,0.9282011545491206,2.43
Sugarcane,East,Alluvial,919.3879296252096,31.76160070882532,77.16641971532778,97.25694490087014,20.13064228146146,38.374012407997924,6.550085847998486,0.8765294255800045,83.25
Cotton,South,Black,1242.4208537980326,30.178002041348652,48.90832510857254,45.61605024513373,32.5858343565471,46.562700628002524,6.42185963656112,1.0414795375124837,1.57
Wheat,East,Red,1194.5085413999989,30.287783919828826,86.88674067361448,63.68754912018174,17.185496213865974,30.897444900906578,7.222372282848456,3.2087082420853914,4.36
Maize,West,Black,807.7362590855878,25.478645773310372,62.65690167244138,81.59485840101556,32.706670820807915,28.89334611305022,6.705764572731843,0.1,3.69
Rice,West,Laterite,706.7556610644319,24.27909160413057,67.65772744151244,73.98538593867589,26.332289067768514,34.65289704600716,8.405255721431944,2.2467125928698994,3.53
Soybean,West,Black,590.1468372373174,27.742906657412025,60.296734390370936,86.11987108124697,29.728638693736453,34.763969349666326,6.467097641252385,8.420053843119518,2.84
Maize,Central,Laterite,993.1710484965123,26.589876746978756,74.09166256921938,84.63995121254008,50.03655867635115,31.035329202582027,6.754929570702275,1.0188305595713836,4.52
Maize,North,Laterite,1045.2987223817802,21.99603469400976,80.81185397723722,99.64020953438813,39.84131219882127,53.21416693146769,7.328301082040748,1.3273998249331644,3.78
Maize,East,Red,1212.6882042211091,26.838750536672276,50.11895699954495,78.9086927224777,50.02390548921621,41.55760568803845,5.330894146127216,1.9775891069864813,3.88
Maize,South,Black,955.2897308357419,30.44983585319054,63.96076040872153,81.7362140746989,73.29391145670058,25.588785046066988,7.071596991986816,0.672579532272738,4.36
Wheat,West,Black,946.3996703035548,25.04808156317193,67.54783138126511,44.06510350058721,14.680152308668845,30.560684569407886,6.149425975324422,2.5353669612461878,3.52
Soybean,East,Sandy,916.4520795222818,34.93626039287685,71.54485095369873,64.97185583573165,31.825295596462922,21.691923485028617,6.257468078470294,0.45379360952756354,2.43
Soybean,West,Sandy,1045.8105098256144,20.74091787301748,60.626613205805896,66.20967648221081,24.56161715137335,38.8619134426924,7.114020985126266,0.13397264544818063,2.52
Soybean,West,Alluvial,959.9006633080369,22.87923303250192,58.52062418851005,68.8989451036849,29.5690309690571,61.70772088536018,5.944356148675821,3.2322085293403777,3.36
Sugarcane,South,Laterite,1281.7261766547986,24.136071020900044,78.2915327529608,70.72364173333058,45.648854150270935,44.43854291709665,6.309625111317289,0.38842860926185463,92.51
Cotton,Central,Red,1093.253491531457,31.112451586028065,72.62956861503318,94.99925108667763,66.5488838634111,41.543549317948575,6.379730364885929,2.629760743089241,2.8
Soybean,North,Sandy,1032.4005814687928,28.061906562880253,68.23197091673052,124.30183530057244,49.66606588486164,17.834029223295044,6.432054856812761,4.100661809320645,2.59
Maize,Central,Black,987.4802634103462,22.569728553218077,83.74107930976233,46.25449985235013,47.278192477552494,60.531243945076724,5.945787363495852,0.1,4.71
Maize,East,Alluvial,717.4526368889794,17.638643264885843,44.9340853276011,74.99360314674384,55.607136986345445,40.69138503779927,6.945949026763446,2.4530901009934545,4.27
Soybean,Central,Red,999.804237370894,21.066285931732548,76.97679029201831,58.348755837877334,62.37847092923707,41.55481013890494,5.549388622766829,2.078248154325695,2.47
Soybean,East,Black,806.0415340542428,18.23358761672327,70.60441429436678,46.54009130673825,66.95271015404282,22.774676671804695,4.995504175810958,1.9556912274750742,2.93
Maize,East,Black,1103.9653081276945,31.367378280402356,43.17619847640039,66.80403584927498,47.305848473152004,38.19048318317092,6.263489259409177,0.7001315341189744,3.28
Sugarcane,North,Laterite,937.3422851342121,21.70458289829062,82.49490772610929,53.68565315823736,25.565845376793444,26.272914825524868,6.927734785094963,0.1,63.66
Rice,South,Laterite,1499.2943864272934,30.40281421468747,73.8479492658957,85.81494480690779,34.90820926015038,29.83576181416845,6.950212678841787,0.20735961911777118,4.9
Rice,North,Sandy,621.4147923317419,29.719016116324624,75.8501271559086,75.93458624472841,9.24783970034007,14.467399882247921,6.748217014906811,0.6374228079737687,4.55
Soybean,Central,Sandy,100.0,32.9579419815756,60.4451633415533,72.53845269033985,51.4948134055524,10.834441730895435,6.229297994950856,1.0423865362244586,2.9
Wheat,East,Black,1080.2989113773287,23.426714418400934,76.43883989766647,87.69624506205025,27.22550905459167,72.38123487752307,6.820762985457227,5.004431714626001,4.88
Soybean,West,Black,807.0260230920914,29.023630074668546,54.03590956894548,44.20563057168284,29.251561269930832,43.00101561494753,6.389319554763775,2.3045037586988677,3.2
Soybean,West,Sandy,1048.3181819238705,27.608417135666024,44.81873143329224,54.67923926323557,45.3042378398167,57.17813875567412,6.4452798642955385,0.1,3.11
Rice,East,Sandy,629.3086529537942,27.622333252981843,64.80417005769216,88.87711614740844,10.781456571270965,35.68281274417346,4.5,5.044323121861101,4.33
Maize,North,Black,1572.6879223796234,26.90492023774905,75.1251379131291,54.41214653121328,55.47804810687994,37.34129758827491,6.143134614693819,2.5484328254671667,4.43
Soybean,South,Red,884.0466392261035,31.20957433885193,80.22388407481414,28.956480765779,48.33084567104627,24.126406591309117,4.925058688158989,1.3568066732733872,2.52
Maize,North,Black,787.6163287619274,30.662823089338197,67.26036162894574,120.05934422556481,33.50316061731445,49.138114071659125,8.193887440246165,1.2435714568845513,4.41
Maize,East,Red,1567.1476485030935,26.987400326684824,66.10300581573442,88.55404649919473,39.26309189746583,51.19873536448544,7.188861786838964,5.411600307727245,2.68
Wheat,East,Red,1252.1029451201227,24.70300890335178,80.21480699066055,105.40234892279896,29.936610333629385,47.85475853921738,7.456409852976983,1.59705167031547,3.84
Maize,South,Black,1416.8531932359738,24.12816233527069,59.990953369217976,61.866623582147994,79.06615048435917,40.03860432976129,6.090976595874189,1.3974306466097028,3.82
Rice,Central,Alluvial,948.3469716762219,27.177140739587642,56.56813295601035,45.436701021821605,26.245732429640647,44.477755855705134,6.436811508933442,2.9799747118287705,5.09
Sugarcane,Central,Sandy,1014.072942449457,28.109112926339087,89.27358219940461,87.19356037241614,44.84243942141932,33.50368046308275,5.461169544908129,1.7984529377191953,99.68
Sugarcane,South,Laterite,820.9821113502165,26.542696478214555,60.833579152697126,52.45782492486207,36.05501740202263,55.58059357860377,5.577105510218394,0.5723285420676286,99.35
Cotton,Central,Black,785.958274311597,20.541018878345668,78.74920982232763,105.48169803607038,40.80895976592841,19.542459424110756,6.288351975260591,13.587209208230322,2.53
Soybean,West,Red,1119.4715737176996,25.476706477111858,85.39445563334566,85.96313761101818,47.68893809168077,28.045908948047273,6.056041945069875,0.6591748426660093,3.03
Rice,Central,Black,889.4642934482856,24.364594772996146,68.15009017931075,84.87760651710964,48.27314205549028,36.6512378790897,6.860462063795312,2.298505185455286,5.69
Maize,Central,Sandy,1666.245736110862,27.07539747496399,68.95777967549627,85.15083808949967,34.64578557145667,21.073076091116462,6.8167135329974275,1.3456537604195902,3.76
Sugarcane,Central,Red,1252.7576073490573,39.68079050436327,91.96705945187622,130.84398529052908,22.568004718936958,16.987807450986285,6.182427406717745,0.25983903098223654,103.21
Rice,West,Laterite,1564.9784700600228,29.150769047476555,45.380415918215974,96.37241232205662,29.018614851092813,36.70125888203483,7.1638072926965535,6.387336523541359,5.02
Sugarcane,Central,Laterite,331.39594467239397,33.311206785367034,45.12602609211834,74.9355605243332,33.09067740008627,33.45664177376706,5.57587304777754,0.818133193008378,79.59
Maize,West,Laterite,1568.626302036159,23.579582189199666,77.23308099678918,83.41761855554151,31.04911592729787,37.604226272989614,5.495706394730642,2.1401487654994815,4.15
Sugarcane,South,Alluvial,284.5160856929517,27.109436456556868,58.86866635726137,58.252447469905974,24.373291573052672,40.19533884178187,6.904924832833015,2.67658668135527,84.55
Soybean,North,Red,621.7266592969552,33.14337907718484,77.9224279146021,66.89520715634299,46.7212605753606,49.08787834159728,6.933841657435852,1.004114458679917,2.97
Soybean,South,Red,474.20589516021346,19.09778834817013,64.15358858092867,111.28566511412528,19.664053869619732,41.49170135547574,7.177777062471337,0.6042047458900257,2.51
Cotton,North,Alluvial,1072.9147421040554,25.832925885380106,77.491580747698,81.06250663676025,39.228852491277145,66.14792615901662,5.3478016884885005,0.12141802868438632,2.46
Cotton,South,Red,994.5408857405172,30.103273057936967,51.77808436074932,99.06832019436604,15.51799393957194,42.927106558899894,5.834539181068047,6.05504166728876,2.27
Sugarcane,North,Alluvial,1238.4757582788204,26.637089414169587,74.19683071409648,57.76183728225769,56.365734578739826,63.19992721598828,6.74082799533719,1.7449359514757417,94.89
Rice,North,Black,973.4607155097445,24.160534127625947,57.48551962374782,101.16194852426618,30.77815391316468,55.750690969535,6.759928517672021,2.520462905160657,5.14
Soybean,East,Sandy,1367.530087740381,24.44138892083462,75.80346090612903,75.05563919034248,29.0859285466276,57.17776416881925,8.015260173668645,1.2654295670111202,2.83
Rice,North,Laterite,720.1920239407389,28.576982202547544,100.0,85.68296745164203,26.56605214323306,16.736354707510593,5.681956262618873,0.5310797302022089,4.44
Rice,North,Alluvial,1374.4488433805177,19.147559345446204,52.93260910933943,81.51198465937532,65.57803527377388,42.89814242584647,8.20939514890011,10.768928904966119,4.91
Sugarcane,East,Alluvial,990.7777979917662,27.623137874267,59.68868098122569,84.5532257660077,59.91184890492254,45.667453861455996,6.913969282578092,6.846639823280332,68.04
Rice,Central,Alluvial,1706.7580601944253,30.629268258970388,63.08386228812436,77.26854571186578,40.81539984311669,35.637010119494136,7.432200035200447,3.932138322408959,3.49
Soybean,Central,Black,1261.572102988514,25.189342215228336,69.8412658059089,112.10601895930462,32.47058761132525,42.379468961954586,6.9864678494353365,4.956953964643021,3.05
Maize,East,Alluvial,908.9014991435272,19.200108985431974,30.629744505709183,42.37217497376259,71.13441710021091,24.764714538653436,5.908920683521078,1.711524056213895,4.29
Cotton,West,Sandy,989.7781124592166,24.439813235791622,65.49858677631843,93.33665217958732,47.46524879673723,61.552021576994385,6.054702829835204,0.9170617222585324,3.15
Maize,North,Sandy,697.2652346753118,26.381170624139518,61.72275546323877,63.29014863419852,36.17134939238968,40.18309273323169,6.502465876454337,0.8406066667955833,2.93
Rice,North,Laterite,1107.8080489065308,21.61734151117443,61.82836718537882,56.093786521203256,31.584238100203414,46.11033713478598,5.280889408880444,5.4278780550523855,6.72
Maize,East,Black,908.7411458856413,27.153161536118603,69.4180170931028,133.45576665292086,52.26693949348335,28.10520457771714,5.195499627810209,6.381820383772798,3.46
Soybean,East,Sandy,1217.250486507708,27.860236103033035,70.31108517860406,56.22585417318752,36.69146824593498,63.57036963351594,6.005606827854019,1.1613698085164899,2.56
Soybean,West,Red,598.6002527258718,33.01293275424669,70.07874365758107,34.56854600396655,19.91653764534369,52.400564758398204,7.060180520720754,1.8683497483929818,1.74
Rice,Central,Red,901.0981613082882,26.175382105428746,48.844328460787324,103.8967448642477,42.578419913529196,55.67749866689241,5.973380871027885,3.2722793209907275,4.54
Sugarcane,South,Red,652.1436561956007,27.55861865161484,61.24410743632318,67.66688100655855,43.58116143399757,70.38521106260458,6.443904287922771,2.4247363390025707,85.06
Maize,Central,Alluvial,670.7975728528543,24.245242604764723,60.61443513849858,111.865113039809,40.66516463072136,36.82305840685737,6.381148517586557,4.075501857062741,4.84
Sugarcane,North,Alluvial,1181.815050179717,24.614130156768237,72.90940081069304,23.71616887843726,47.577719799602725,48.948113991624865,7.307023062756823,1.8762160828442616,95.02
Sugarcane,East,Red,1337.3519014501853,30.52094372005986,50.508668479381534,126.3427216742054,35.147570736577826,47.83758565669898,6.839760608727665,1.746853270406875,108.32
Wheat,West,Laterite,300.2363976241372,25.827519203603096,67.90053179953532,103.58585004615855,40.10522537520877,31.63427082552292,7.183584464067652,0.9425079520250614,5.11
Rice,Central,Laterite,1558.5623594285223,31.133011370957473,89.13286983444486,74.79970620127713,39.850368143796096,45.777056937179154,7.433307966765689,0.15220342265812448,6.05
Cotton,West,Alluvial,1421.2261431145912,26.766056836348845,25.08705380640172,36.68416091342732,19.91713482504216,28.09669256800821,5.709557502858404,0.11428841601771249,2.89
Soybean,Central,Red,595.9972831789978,21.2808343061054,62.45135624853009,46.71193515985788,50.5417038531175,39.61824832406754,4.8322578223128,0.3291619158359291,2.84
Soybean,North,Laterite,1248.0530582478536,23.535491021923065,35.22751660280263,62.71715389361823,48.253148537034356,15.755416480100564,6.1727856802798735,0.11901829926420046,2.75
Rice,South,Alluvial,861.9442024526273,39.091949666154015,65.00410741801761,97.84031848610047,54.838369135288865,28.208970561105552,7.406365814956625,1.532055437648734,5.26
Cotton,West,Red,970.5698299208804,26.497691915752874,77.53195388626469,58.450696904665506,24.862958766041032,12.536108771156151,7.05480891252299,1.0336106595684167,2.08
Soybean,West,Black,1180.6163672903735,18.923353608716432,57.33629688993399,28.745746086678707,33.66020214978471,62.73615793921941,6.197772993393738,0.1,3.11
Rice,South,Red,1143.9987556417066,21.30845540249088,78.89090101289847,85.69697443256554,56.63645111018433,49.975030263395276,8.03484411518976,0.1,4.63
Soybean,West,Red,828.1011426198854,23.435719438780406,85.4125865072016,104.90738306095109,31.357565333469452,32.9743346525949,7.121168746763244,1.480542960385616,2.76
Sugarcane,West,Sandy,826.8303079699863,22.533573193185035,71.02662430654647,134.92664339529247,66.94689756699412,28.711925064099063,6.0183244845326245,1.5930780384085832,70.93
Maize,Central,Sandy,844.532048767851,21.503964393440206,57.27540574416611,54.35788075321699,16.60866749011652,57.28834582229176,7.432214178814496,0.1,3.82
Maize,Central,Black,1342.8482735249386,34.31182942718645,73.04006406518465,56.99719954278018,31.52042848791729,66.68110496570755,5.2343898859559355,2.2172509103762477,3.06
Soybean,South,Black,441.45514856095133,30.323312841045666,90.21336135847801,5.152343558092284,33.027050392010274,51.8209884071241,6.764746077128156,0.26904793391033993,2.87
Wheat,North,Red,951.4257838284848,26.00089174482112,45.03289714589094,41.313416879470765,51.45604183665521,59.92584848118592,6.076178942321061,1.364483011097081,4.01
Cotton,West,Laterite,1471.7640714583163,24.063653786145274,81.62231358958127,53.34273079411422,64.98079827614151,39.85975377955993,6.4458000729631495,0.3458826463492989,2.42
Cotton,North,Black,1211.1110652724424,26.191526964743073,45.666251571149985,57.666397581405676,44.55861092200068,8.827942090411572,6.984066628692517,0.1,2.33
Cotton,South,Red,1315.2892165499097,35.903870951691424,42.23638259198131,66.65618194929282,0.6878334199713123,38.422808592963705,7.240180237691117,0.47744150192162566,1.75
Sugarcane,South,Alluvial,955.5824163283535,22.67480777325665,46.49720124569881,94.79454886226685,38.784742971634444,41.933073164903504,6.589597761693989,1.247786237469946,81.81
Cotton,Central,Sandy,650.931046082186,19.114173553820006,64.40920452618239,92.78737652454305,41.84699003817052,55.94998377769593,6.323542495433244,2.724447038055641,2.13
Maize,West,Laterite,1016.7062671211693,30.33676655074832,83.94487007094045,67.15557775003595,45.896716088926325,34.247138193132905,5.1243331926273115,0.6172880399462077,3.18
Sugarcane,East,Red,793.3193382497263,32.04066948083781,34.83391234604143,80.38063580349296,38.82146788411037,22.69811094235687,5.25120968992825,2.3107751363336013,71.55
Rice,South,Alluvial,1669.2059538185727,34.25817139665408,79.84310240222926,46.05587845956916,59.59562095162641,13.23041679266003,4.5,3.9710809929431203,3.46
Cotton,West,Sandy,952.5469523177866,25.238308707605146,62.703431543021715,65.86252427588909,26.67583494848634,49.900132614355215,6.633035149858643,0.6288128322315791,2.17
Cotton,North,Alluvial,1191.2376979314931,25.290597941941876,48.45667641159132,47.69961667133005,24.538597145872068,35.520391821722455,7.238613808254712,1.4772350678961037,2.09
Rice,Central,Red,1510.7176105443823,37.06140502372057,73.87364054585129,61.504463304014934,30.814489636844428,23.37395150208828,4.590924752697861,1.0533516543758223,4.4
Cotton,North,Black,670.9752452000369,29.977498640415476,57.87752972794207,126.39209344562828,79.02805207967864,49.32528450337777,7.342335957409265,0.1,2.67
Rice,South,Sandy,316.08105845918533,26.574619503513276,98.88354286407375,83.63303556974107,37.302175130233756,51.922618801082464,7.61219136109528,0.9947440261444513,3.89
Sugarcane,South,Alluvial,1147.004124823933,29.51683542165257,72.47693165405796,65.14396716971468,57.23209509061165,36.98591244311368,6.645378191154632,0.947060890467821,84.31
Maize,North,Black,1203.4982187350884,24.820000819764466,65.83931356539048,91.94627127222392,56.94993945376079,55.0887764691416,7.732373723531961,1.9451760177348993,2.86
Rice,South,Laterite,875.7709596978482,28.50612405030383,74.72328149562682,70.12873713573222,14.216862948727076,49.77028978770965,6.465327151766859,4.0262793418569425,4.81
Wheat,West,Red,653.124030657062,28.424951310757116,85.15285038886945,122.09724263151772,39.151937113386765,37.88022052472783,5.4948136885285415,2.2286821862729727,3.97
Rice,South,Red,1092.9457316712785,31.170867317673068,86.61244751653709,88.81581649803407,56.803277469364104,36.76225528546708,6.235747677339228,0.8781988447774851,4.24
Cotton,Central,Sandy,992.8760013168684,22.075348224186524,78.92057890369766,50.98292872255723,82.92574543965803,34.97046608563853,7.783767855264873,1.191571073775808,3.15
Sugarcane,West,Alluvial,1096.6604292496875,28.777139867746246,85.65199314854121,112.97541814981602,56.17536993777642,39.99994045768156,6.009486331037472,4.363548113768233,91.02
Soybean,East,Laterite,660.113241033582,21.167056267344215,83.04897468450062,95.48225231807335,34.86354281234696,62.46921313035881,6.835688468344344,2.0377667173648844,3.22
Sugarcane,South,Sandy,1097.4386759513795,36.37759722408011,78.63936610559205,91.68178449991856,61.903580187060214,57.804150532796854,6.9347131419285395,0.9880723201425903,86.59
Soybean,South,Sandy,1245.8606094437368,24.90397969491793,59.08525265760081,100.66171981740015,33.53228476817223,47.747328342269455,7.440400823416121,1.8334042331471034,2.55
Rice,Central,Alluvial,548.2335733045236,18.72552948287061,83.85856173666102,98.22265577902034,23.027819712838347,67.31191084693661,5.008338307342076,2.0675170827790126,4.64
Maize,Central,Laterite,1438.1249825993668,40.88680428419362,58.57040277969482,92.79826084003723,50.49745558114396,57.13432536016667,7.608027655474207,1.3166236280406443,3.34
Wheat,North,Alluvial,1076.3478322653064,24.39462572102932,68.95354768347374,75.96212223803346,18.217995666066926,37.70509725535279,5.743890286260169,4.010610543609246,4.45
Sugarcane,North,Red,1255.283345774519,27.4748214561576,59.357627153802724,102.66087035225188,31.068093008169114,48.57950024399349,7.712657764833464,3.3503299552605945,85.76
Cotton,North,Black,616.3208113802375,18.5232740420522,75.10972210985938,75.69510009808008,62.30110477540313,60.413077819509475,6.209022327635402,1.4864017817290138,2.33
Soybean,Central,Red,1204.7754965132463,26.734964358713455,84.19344021440648,113.20439766333993,50.685019351852745,41.33001377304822,6.21247432871356,6.357091688785322,3.71
Cotton,North,Red,506.60746938860666,35.36356915254368,58.89701863758698,92.44933248163505,27.040678577827773,36.88644753010023,7.116296469053793,6.124406761331208,2.33
Maize,North,Sandy,715.5260120004748,30.52470533245287,43.82404320963616,84.68391497595937,42.10531685663514,67.34851652312128,7.543032601699611,6.766509777445552,3.87
Soybean,East,Red,1079.0102285508135,18.49582186456302,80.15807665498762,95.81296842125863,38.57358367204679,48.22069855827609,6.122455200455278,0.4982225240892125,3.17
Sugarcane,North,Laterite,917.2149503822905,23.18410549255123,80.53398600382408,83.95152093761725,53.610070946931536,55.687432459419064,6.274343995710425,0.21823340643561315,104.61
Rice,South,Red,1008.2491506316684,31.59090589154389,88.46697354294153,111.87205052429692,45.69991159157807,29.318947708377866,6.013696194336212,1.9304148172254052,6.73
Cotton,Central,Laterite,1578.2160530113358,30.18321325599757,78.40838652026821,103.72206784815236,42.32153998021699,53.64685151725905,6.03987896740151,2.6007351179942084,2.31
Maize,West,Alluvial,1003.5442951967783,24.569923697283752,78.75455319172717,81.82284788096187,39.45179245812215,37.160994452654805,6.897264677201295,0.7334422164272165,3.81
Sugarcane,East,Sandy,1212.910515663276,28.98534513259137,54.23870975597859,0.0,23.502585675048483,39.43606435927576,6.4272185280797,1.5429894525854033,72.15
Sugarcane,Central,Laterite,979.9702213612327,21.009213475722323,76.05543458083525,101.5778350742951,60.70230060172993,25.546779532160656,7.506530394593513,2.0874648087600125,85.69
Sugarcane,Central,Red,971.0845890496931,20.464958594551693,97.20241602259227,90.41535340528944,46.28250612496734,36.62841113857379,5.945153468147631,1.2448693708137641,93.73
Sugarcane,South,Sandy,706.5196519811973,14.533542425212392,56.705117619033466,140.67990400350834,35.07279595397211,18.677663632802382,7.102445255528897,1.5588981027935491,93.72
Soybean,North,Sandy,1110.4366676418904,31.626935036713892,46.73026233351577,47.5170233943863,36.16245470658579,56.985488285671295,7.069234760781966,0.15634320059439843,3.41
Sugarcane,South,Laterite,1760.643825605782,26.474122649490006,67.1084370861594,74.53868644571395,38.46795144176141,31.814085673875216,6.274839484983921,10.26586489336499,80.54
Cotton,North,Laterite,1026.3588920029683,27.021110598792955,79.06159573511889,41.34190781706362,27.665741430362658,45.15253669103831,6.296095526739203,0.9518046353852219,2.53
Maize,North,Black,919.8975996356628,11.650799640805811,68.24767974773017,61.80214181819346,31.483099868914195,22.628003105318864,6.889918017279963,0.4594113164564656,2.98
Soybean,Central,Black,1342.042168015692,26.7518313066528,91.75656519939832,118.94891027302754,54.74765209398512,47.33104047248705,5.946226423254527,1.3079116887172249,2.82
Sugarcane,North,Sandy,1306.840824988459,29.755277539570727,52.09428297536637,38.384914376792516,16.52837485106869,2.071342442737425,6.2090376385821555,0.7638777165192928,90.05
Wheat,East,Black,1131.7172191386276,16.552766092753238,42.26658997535781,45.18938258949628,67.87666095451577,26.45286489626436,5.456138453398225,0.9935951120838065,3.66
Wheat,East,Red,907.4893558152263,27.220999591741286,86.43501060787305,94.49918729857488,40.057100108459814,60.325941845591736,5.772719201755914,1.6550375975340754,3.8
Maize,East,Alluvial,1343.3282378932372,26.667467273488036,43.880904385142536,84.84241877282967,28.127820334219805,30.097390214850744,5.672316419969671,0.6526627727475797,2.89
Rice,Central,Sandy,1036.2790004235858,24.67349080564368,69.75681886720749,71.76833813930708,34.8111036449229,36.889103294502874,5.750100426183353,2.196108770851284,5.44
Rice,South,Alluvial,1274.1281206473682,33.538113968895274,86.0273147860809,15.849517057357545,46.31484160901609,7.526141377375822,5.094625145668092,1.1303295046339221,3.02
Soybean,West,Black,754.2107680550378,32.338386399739626,68.2443635883448,111.65572472239134,32.78345242206013,60.30140925603885,5.178916098547664,0.17579574074062976,2.28
Soybean,North,Laterite,823.9870275553639,43.58843526992494,54.531302504507366,74.12248076201027,49.892187273889576,36.14901878691917,7.194923340468156,4.359315877608226,2.97
Soybean,West,Sandy,1029.064002354566,20.935362621618758,84.08435548834251,54.48845265527487,24.06585931739689,59.800840581845975,6.3869124726240685,1.2978262005549488,2.85
Rice,South,Black,629.4378203444562,29.143207170507377,67.56175232733383,88.03726793910525,28.03728477021489,29.692481842873097,7.496647484939879,5.126138326235901,4.78
Wheat,South,Red,889.0296863595928,34.499365793140434,61.68689370304403,111.40223869858916,43.665473811115156,17.786129632347176,7.337241609496438,0.9581442041138316,3.83
Rice,Central,Sandy,616.1383146063465,23.539024384965458,89.65260958106714,73.34362729039542,30.69935046540522,61.19130205332603,6.1299009075558555,1.5645924419417667,5.3
Cotton,East,Sandy,536.5741854651195,35.456279271579014,59.35781698630158,63.767347768103775,69.38778055072183,45.91549233813302,5.758937276256601,4.136003328847824,2.72
Sugarcane,East,Laterite,1730.7978029399198,28.824519640063997,56.00993882191498,80.88774986978495,52.440585466490354,41.56872307226535,6.621424962465555,1.2405951909813366,104.45
Soybean,South,Sandy,817.307571644195,18.266517852776786,51.45890304753096,89.57017266111201,47.682314526131904,30.966924243478278,6.1448126101771745,2.0054874872534016,2.84
Wheat,Central,Laterite,843.6901214236536,20.57063690747163,83.24062178462451,91.90213604983909,41.671368225046116,57.9162936217082,7.00909798996888,0.5675355329628772,3.44
Maize,Central,Black,1024.0657296997426,24.098227295355514,71.41469472571417,73.85082784390511,34.7982468829996,12.361903175355732,4.9092305614855345,0.5439434678007116,3.6
Maize,North,Red,681.4787402755011,26.558845002208002,57.687897158974124,110.76568434417557,36.159717328997885,52.02828436097135,6.769433534308874,1.5646062522400848,3.47
Sugarcane,East,Red,849.4995781342809,33.19220516124617,43.4152863501416,58.05397231937654,27.475081087785576,22.0757262894972,7.7719645424745005,1.8996327112205948,72.63
Wheat,South,Sandy,1550.3227505504342,26.551650686070353,86.13083514926342,75.68090084703046,43.18007748694727,46.89078460234282,6.1820261444604885,2.1329274685421646,5.23
Rice,West,Sandy,1107.429874867374,32.996467574271385,57.9083551607696,75.56431129192339,21.31182123925318,69.88489660532001,6.9908400487456985,2.9275527389019267,5.38
Rice,East,Black,1295.8245227296397,27.53975824084679,37.71218415435875,41.487870857754146,61.87520054440556,39.398511212215986,5.51809196875698,5.116999526218034,4.41
Cotton,North,Laterite,1472.0779100004843,27.06189834127052,66.3101933996281,89.07588434214144,40.915324356975134,38.70468888999823,6.019550233436188,0.5492521730992299,2.42
Cotton,Central,Red,1063.1948459091814,25.54028349029519,80.49017118435575,82.3352498557796,60.54645191898621,32.2687177125498,5.797700317078968,1.9323484191172755,2.34
Rice,South,Laterite,933.626348034574,31.910122804494236,75.80197779827324,75.23139523511983,53.39870267491649,37.64025490368912,7.726271707163977,1.1708370173664964,4.75
Maize,East,Black,569.8436627085108,27.64738861608445,66.21795628849517,92.64979663272227,38.960463891014676,33.3553439195103,8.069468793502145,0.18692554624762014,3.4
Soybean,West,Red,885.1319659676061,23.33722658837216,58.373065823679255,75.12647940002034,46.68934488801359,40.33036673221152,6.107105495018213,1.2086553549280383,3.49
Maize,North,Red,951.2506706993054,28.660398029796237,56.590519369368494,115.25009397237451,33.607649249237355,35.708442782522916,7.5410645593100325,3.127892745951276,3.89
Cotton,North,Alluvial,757.816597102262,24.71337644761151,84.13963938251453,91.76448097841119,38.55617507067557,37.46474542443122,6.966997691423536,0.16485413426906095,2.14
Sugarcane,East,Black,1463.567622811412,24.437056645029983,35.70791270383981,89.37127763538048,28.35850341573643,31.564965743231163,6.192592147020637,1.8639162829204285,106.66
Rice,West,Black,1330.6883688461533,32.91324264247828,50.762326999792094,63.151452691286075,64.98446279744192,38.11156704796008,7.7725848610796495,1.0555076097186624,4.87
Cotton,North,Alluvial,1295.6626522229094,26.2031685702378,63.56254711880758,32.79712453236209,42.82116691846802,39.41719649166408,6.036097364753748,2.123013166977749,2.49
Cotton,South,Laterite,965.1392079223666,37.67297775711122,35.0852180119856,100.0704066238217,52.694194614417796,64.93534898364749,5.983527569305818,3.4448739800496515,1.81
Soybean,North,Alluvial,690.0904448037409,30.67632189927729,61.73072096405443,32.78906129679989,33.43196996939938,63.88409370311686,5.680120245345123,1.5602257259161219,2.74
Rice,West,Black,1398.40045426513,23.17110858344984,46.59555831546986,73.30222498492256,63.66665538224595,44.902373181254205,7.210067082426343,0.7246799197910231,4.26
Soybean,Central,Laterite,1100.6083854023148,22.827855082892484,72.12188786345362,102.01668374557254,29.130832747580605,33.33444549147002,5.73855868471579,0.18895253011289903,1.75
Rice,Central,Red,1231.9247117062826,20.796200911815376,56.40209130997624,58.31641650733904,38.27583977316871,45.212694508686994,6.384363586657133,0.6813243333307043,4.62
Soybean,East,Alluvial,1185.7742003749063,30.02971435589071,59.0040808263374,68.4712153715523,32.93438779560718,27.731847191284785,6.222533145072776,0.9071661952184502,2.87
Maize,West,Laterite,1093.1881763071494,22.716923863441224,55.35429946776101,45.146039798314064,44.12381181028286,31.688925049264544,6.080845359711492,2.0503929317961562,4.4
Sugarcane,North,Laterite,1599.8847449524628,15.671921168269414,75.14333883182405,56.951294508722626,29.63679529416792,40.83732193680133,6.318151530532314,0.9831964269518265,73.67
Sugarcane,North,Laterite,802.7818983009857,18.742820980942703,63.96632872603781,60.119108693726886,48.85889921077928,30.046930801922258,6.16511006909993,1.0306780407400489,73.78
Rice,Central,Alluvial,907.3211344476439,21.479303118989144,79.19080355197181,68.44132602546787,43.94731517529447,30.342205241670705,7.768105641193092,0.686365509188845,4.07
Wheat,Central,Red,1492.3475805265966,28.684267080569686,83.11937263932228,83.23175317070402,37.61367425774586,33.0166144021856,6.853294459134127,0.9016038290412555,4.17
Cotton,South,Laterite,1024.6190246522217,26.58688401068922,60.694337416100765,85.78404676344638,24.01741640264313,74.28815612000545,6.571430097883907,0.6185678344094383,3.04
Cotton,Central,Alluvial,962.219969956145,31.714210876662445,54.54337537062577,116.14226528766122,38.787423304219985,42.59620956579952,6.168255229629343,2.6494876640777854,2.55
Rice,South,Black,924.0978595603669,22.46404688101002,58.71570864505579,67.84009975581172,38.4198808560982,14.05350335070996,5.496340246430919,8.14456436352186,4.11
Soybean,North,Alluvial,1203.7907838831277,25.37821408701481,100.0,93.91633590056927,53.446156118057125,42.927898344909345,5.997677402431139,2.653383077365022,3.06
Wheat,South,Alluvial,931.2145521735736,35.73666730270248,55.73781743509676,64.11065168322381,35.658724072491985,46.85671484421351,6.481580566346757,0.15296080692211525,4.33
Maize,South,Alluvial,897.5340003951111,25.29410451087588,62.37896666585879,121.89733654387388,25.309376469465548,39.09329789884823,6.450460893873664,2.003199332151075,4.74
Soybean,East,Laterite,1198.8446849200102,28.12227251821001,68.21695603857779,83.08798186095203,13.437123090483794,49.143394626928966,6.621264213722254,2.427332949172535,3.57
Soybean,Central,Alluvial,1027.9771499164112,23.71852740956835,73.19852978617875,74.82398480630886,57.23722890729081,31.4523096081692,7.670026828902655,3.012360780052698,2.93
Rice,South,Black,697.1659029236558,25.87228153804025,66.55051409803953,60.208387350490014,37.32262997264793,37.82319875801861,6.141317684255928,2.87674484588227,4.95
Rice,North,Laterite,1009.6049252905714,29.376340610573394,91.60912367835124,102.65163790797044,44.9326939468341,38.6830602433987,7.628069976845353,1.4201324146171626,5.44
Cotton,West,Black,1418.3594505888327,30.2854676136411,68.53953110793081,83.24379219578714,32.26726473374855,29.67958134466716,6.337510319892727,0.6087685328333841,2.38
Rice,South,Sandy,1229.5918437734872,27.59064577041797,62.760740905696494,85.11258047668721,31.016782774832148,25.757600158766547,6.659519456100631,0.2570110700994897,5.29
Rice,Central,Alluvial,1455.3939014270886,25.70082231254398,79.33818196465307,53.59753756297425,38.56376559621328,41.16024872603222,6.420329113598753,0.1,5.2
Rice,East,Laterite,780.6100212572367,27.65102940612503,51.7005323013405,60.443632871157796,27.46783647970258,43.44194382832847,7.562402943336079,0.1,4.87
Cotton,North,Laterite,1321.0689324241093,23.319357148114303,73.087914469382,35.95818360246014,34.48585876469076,0.0,5.827720312153787,5.504216320965321,2.48
Maize,East,Alluvial,805.4449402107582,25.922511112694494,59.43765174045264,67.2662399065058,50.71705786938482,32.27075301035672,7.137123946658482,1.8727523341344918,4.94
Maize,West,Red,630.282123681717,28.661697014171793,84.28459878005235,68.01470448369196,50.527379280607704,35.741441992554925,7.894856076118837,1.7075529477423732,3.15
Rice,South,Red,759.0808849784669,31.934958412332662,85.43933839623979,46.38664245768379,32.45943334846615,42.726335955811244,6.417054883741815,0.9453182497348493,5.37
Cotton,South,Black,1039.423079018339,22.442414855218935,62.38868694683605,78.19035888710275,36.56045037709459,52.31223065741109,4.5,3.2041943146940044,2.45
Maize,Central,Alluvial,1308.385464947044,26.113993800369943,51.944171485254195,71.29410224881198,11.122999331200912,35.318570783582196,5.602197368824643,0.49738368098925106,3.63
Soybean,South,Alluvial,1093.1246933759694,21.974591149069575,37.066659951517224,61.85167972249232,14.946009530601074,48.71660344552337,6.154816710524365,2.679438295457382,2.69
Maize,North,Sandy,954.0154961899327,24.777786044936715,68.3781572788509,58.56559802419293,32.28326103139023,19.34679135546102,6.817591339534996,0.9013337239824338,3.84
Maize,West,Red,690.3365800040799,32.00252088565588,33.01056263227906,84.14448995928105,40.65636472003263,60.11467657907331,7.553251383466022,2.4603453579981824,3.42
Cotton,East,Red,1211.5993994698756,24.31736699413003,63.724354821347724,60.54569931640774,20.93796914261696,39.238151245404985,6.418653066251059,2.4510426745680887,2.36
Soybean,West,Alluvial,1289.086790736795,26.520023669053703,56.5855984470735,121.10994223897103,50.55746535637257,17.413174869297553,6.147537601781649,0.7575657011661889,2.47
Cotton,South,Black,1089.4850819579167,20.81603230064089,73.3709210487635,75.40872570506177,52.76843806256909,48.93714588109256,7.032756049692233,5.444000769264135,2.53
Rice,East,Alluvial,684.3044128031455,24.194396900916146,64.79538388868897,102.96035924625133,27.353810327055406,36.02281339878098,6.368752157820551,1.4171793862204654,4.16
Sugarcane,Central,Black,1242.6127389056614,19.25815848282648,56.504822348044925,51.36155937355906,26.69328718380966,67.54541795166747,6.520921844903421,0.5960990260478246,84.44
Maize,West,Red,1368.173422778426,28.393662135995903,77.736050341539,75.94658892582046,46.17198862223908,63.94719805193847,6.11291869689161,2.240447637511578,3.9
Sugarcane,East,Sandy,1459.90506159334,28.84046752892875,48.63054044965363,56.17084623329084,65.03642206324962,53.32061571444493,7.809300243660975,2.7795169930147576,73.77
Cotton,East,Laterite,868.6908982822849,28.684445554596397,73.44613957332666,90.6518317349406,33.7367881622459,0.0,6.651340725892765,6.0190262141923245,2.06
Cotton,East,Red,1130.8914567403597,29.005511844012858,95.93263904144452,78.43899445909406,54.04658834015338,36.59482109873753,7.44260872310811,0.1521942871968855,2.31
Cotton,North,Black,839.6404725932246,28.69356653751176,79.4835742267714,129.464687659171,39.60286712893229,59.038614744054726,6.799056173391482,1.552807788124333,2.37
Sugarcane,West,Alluvial,723.2915692664728,19.36855284472404,58.91834134246063,70.54140157136408,40.917297374355044,52.60979918993125,7.3962658618246575,1.3481607449923299,86.05
Cotton,East,Red,1474.961253484999,23.06107426654325,49.725145374412776,35.991188184121256,37.182510906821456,26.164716664078522,7.1807158508648525,0.7428435456054412,2.19
Rice,West,Sandy,1169.37015840316,15.781341200503478,79.01989202339942,78.50824752825406,54.04529211542453,38.43366487543367,7.174932428425093,2.9204240759254083,5.31
Cotton,East,Black,1387.8242894932987,24.68212776616696,46.63534279982871,84.94571180699172,69.7256976980588,48.914428562502295,6.871997488481401,0.4320051766118993,2.59
Wheat,Central,Alluvial,632.5524729787023,22.646341786347712,65.09022143419637,64.34180759767,52.82387376038841,16.092041531194134,5.280046518680357,0.7942719404886047,3.96
Sugarcane,Central,Laterite,1086.5257224727102,26.806559356555145,75.86763377591157,61.1480401516227,22.306273245650125,17.390584327691883,5.254143704841792,2.9061678099074655,82.53
Wheat,Central,Black,1152.489719844942,39.29731324041819,49.86573763398362,50.06196694574072,36.186661008228455,76.55322839164157,5.67970950095322,1.297380097613446,2.96
Cotton,South,Alluvial,750.3464131406117,30.91138739597732,49.038001053417815,92.0369090558908,10.793334578632358,35.38359369074088,7.441257000263685,0.2925854770551189,2.28
Rice,East,Laterite,1446.3515398075604,34.64789725517187,45.23194158361227,94.78922251226794,70.82945880387872,11.35329269063606,7.02038036716541,4.4936166151281345,3.26
Maize,South,Alluvial,926.3439647336293,31.10707535273313,88.91736360083505,140.7889659773541,45.28051720279521,29.610726446073805,6.235401559996472,2.6246592642651447,3.77
Soybean,West,Laterite,1136.0905876352476,26.499624862295235,90.47762111134504,75.82896210991314,27.96320874519124,44.8763951244683,7.666949041283132,1.654464289666717,3.23
Soybean,South,Laterite,834.9224852044998,26.951498814673272,90.254272703174,83.81761657142228,43.93563275558196,51.92869955225053,7.307087672942787,1.8797614896914339,2.51
Cotton,West,Laterite,641.6777446428878,31.322926219591544,92.26128935900465,73.95548259131883,68.28077516300522,30.11966769433311,6.922353866060158,1.966925963311725,1.62
Rice,West,Alluvial,1273.918028255295,28.24175498934818,55.50447414257457,147.67303062987963,27.45741546015075,22.04680978565561,7.074188596508109,1.3834730598341844,4.46
Sugarcane,West,Laterite,1113.7213142213072,25.56019599237462,37.81002775404941,95.4438265123711,31.44615765826803,53.06648601105914,6.9760885633164165,2.730953459532016,95.15
Wheat,South,Black,1071.1755061359368,34.13232717736917,90.5487141183362,80.05567431132046,22.397293567190538,25.829090147190808,5.516697389277457,2.512812405990157,3.6
Wheat,East,Sandy,916.5494034706168,29.223651329237644,78.93765752478973,132.5707186344427,48.5073042168465,36.20434402193896,6.539880694472933,0.1,3.54
Wheat,South,Sandy,1105.5488929958806,19.874145104331447,77.73164952003015,78.51241402472608,37.90700037857734,50.071427305300695,6.936371105266396,0.2343058091954334,3.8
Sugarcane,East,Laterite,1379.871231286725,26.09815378370724,49.39968277008938,168.5523753357533,7.626314752111753,32.711874714282004,6.475047421562111,0.1,103.64
Soybean,East,Sandy,794.8571382582545,27.25118844263052,66.4557647873417,121.59727896283592,45.06226013732295,70.09555748255701,5.929823180307617,0.3700228588714251,3.06
Rice,West,Sandy,1168.0817979966673,24.978155908911578,67.38900533848705,79.47089750260106,54.24317592865122,27.216918541389887,5.125948856273715,0.15005389735469865,5.31
Sugarcane,South,Laterite,1060.7470753027178,25.07419763818063,64.05292630645232,92.81536023872076,32.009564815224394,34.48042116755296,5.849591856715671,0.43082939911750034,82.91
Wheat,East,Laterite,944.6756278912186,24.913596352151615,52.24606522962946,83.17262872680357,39.3188677918407,34.0697272978878,7.240455966056371,1.546598124003097,3.17
Cotton,Central,Black,506.33300815041775,18.07647312461501,36.4862400192189,98.8512750453776,36.97189747510177,30.44890117123613,6.948864284937538,2.215488490283296,2.92
Maize,East,Red,996.4022459332484,17.187332586435218,53.71003762644172,65.51007682597631,50.311725265594816,56.272415891656976,5.232901410261392,5.016362527093003,3.88
Sugarcane,Central,Alluvial,1201.8065573825982,23.733033694733162,21.92801017284028,132.4197170773218,15.15722362037339,34.77368621434334,7.104052036603189,2.6887325866895497,110.85
Sugarcane,South,Laterite,1097.1917257224723,24.997516309869745,58.80682101805811,63.681935151227385,30.14862086794526,82.82348971363501,5.452787050501779,0.1,88.94
Rice,South,Laterite,568.3978007826965,20.303522291922985,55.775025247020025,86.3674546259126,35.408376423355364,41.52180795725676,6.34806009086508,1.2648927227842814,4.44
Rice,South,Sandy,1374.116544236099,21.878861371819116,47.48411537691227,89.1835635919416,51.56036294402657,43.29031307165572,7.151396037838335,2.251781109438165,5.81
Sugarcane,East,Black,1494.3760495884237,25.73435314897491,71.01298903097377,72.11456932972631,40.03358959831278,16.508340392683255,6.240463348759275,0.757049152267094,105.93
Wheat,North,Sandy,967.1508103055368,32.1552927320494,59.84943073891968,47.77155639319489,20.362644347423863,31.322186883980127,5.3873660692571175,0.9205694519751708,2.97
Maize,East,Laterite,1693.322902247543,31.826496823569506,60.93267563064592,86.02558470438628,31.362981365547515,50.26174727855465,4.5,3.247092514314072,3.16
Rice,East,Laterite,751.1349415293646,31.994096036240258,85.86487063100644,86.19385397523263,58.89653779014652,48.17779354395926,5.743404153011113,0.1,4.1
Wheat,West,Sandy,618.3703051690683,21.948377423107132,60.18388336760843,71.77881203956504,20.153089994432445,24.076047445357215,6.1532285200638706,1.551607209445915,4.18
Cotton,West,Laterite,695.5534593079354,25.888587760694733,71.80646184124127,72.7645960520105,55.41379324531142,33.08568027031975,6.818119826930219,3.2643169208767553,2.17
Rice,East,Red,1073.5416314933805,33.17821540408243,48.753173389859,83.85465325974113,54.037264529515014,0.0,6.019748628369396,3.193179549452456,5.0
Wheat,Central,Alluvial,466.49550664690526,18.17654282415534,68.83149433371022,111.13753626201488,58.28349250848733,28.137750974722348,6.087774616204951,0.2569762057134578,4.5
Wheat,West,Alluvial,906.7261440372594,24.702756447340818,63.461733177688984,109.36565717431228,56.49838244888879,65.91914649929411,6.086394497915656,3.726918373654464,5.66
Maize,East,Alluvial,1880.3651000575564,28.110836704970026,66.38828807730175,92.0394697774404,60.43869526177433,43.499095015624775,5.930733552342167,0.1608492327767241,3.14
Maize,North,Red,548.8526773000781,18.474351765340604,46.62729016791441,69.28015271552101,13.07131035516965,56.83580961533402,7.981398087446157,5.155750280643258,4.01
Cotton,Central,Laterite,835.8671471250086,29.144302451628167,48.053921067701964,71.49957446415755,59.633968283929775,14.736440017738289,6.70206811737542,0.48745558200499944,2.33
Wheat,South,Sandy,689.1795099778292,34.73496537289814,59.807425701528594,73.90681109557339,47.42631780715219,41.43737539013682,5.741638887393715,0.2448716362937633,4.97
Soybean,East,Black,914.5548597148102,33.12292370794856,84.95958801592565,68.74377549422366,31.419237005887354,38.24433685457351,4.811925396718613,0.15366404733098243,3.2
Wheat,East,Laterite,895.5528638321586,26.111218368202927,43.396084399663465,52.456074074557804,22.29205953534037,30.667382906093945,6.600356260824531,0.8413832111835763,4.52
Maize,Central,Red,799.131631080116,31.07197514739427,90.20770648198112,60.51220393846739,40.454277000801014,36.54046332471074,7.663572882109612,0.8571812902505053,3.16
Soybean,West,Red,953.1085718891561,18.418349347656118,54.40178458985819,95.05897757594877,75.7166722931266,32.09290040435906,6.9092348850583,1.493727407426982,2.98
Rice,West,Alluvial,1189.961676865455,28.391764281234664,66.24635120477983,63.94957569412586,47.8232010551245,22.5112790267979,8.544123188749127,2.640613848703206,4.75
Rice,West,Laterite,1415.6037519403794,25.476628315725996,80.03903313674623,80.9009588948722,32.714807909065705,42.01794021691611,6.038462633063135,1.4256860920363081,4.36
Sugarcane,South,Alluvial,914.6723541659584,26.252824502869313,59.6650399606993,80.02726166832973,75.53086018675452,53.11140639276215,6.922466040698533,7.721441521128246,103.26
Maize,Central,Black,1001.7355483026158,27.51915013764334,61.34574089079651,91.47400680878512,49.68205309530042,28.272684184470723,5.299625021586116,0.472260413851125,4.87
Sugarcane,Central,Alluvial,1138.9767485139132,28.938159310021202,86.6978017313398,63.493499749999216,50.16381464414296,28.962827835618313,5.089943701589068,0.4728551653928663,77.51
Soybean,West,Black,629.2664750108511,19.739552594431302,81.4493791933153,0.0,44.35029650991734,52.091521875561384,6.354634027684638,2.441123684754868,2.38
Maize,West,Red,954.2046996514073,22.09771371088376,75.5094612865325,64.5873890251147,47.71661175988014,40.732055725185134,7.431964513819105,0.7542721662867885,3.39
Cotton,North,Alluvial,848.3408506562171,25.718693465044826,62.81050743858266,56.89800653121989,3.008677703958199,34.76831666556912,7.846325698916617,0.37652426734092853,2.75
Wheat,North,Alluvial,1285.5798921276562,18.10669439819754,63.85387177655785,27.483402572893596,42.298483676510216,41.47853827510672,6.54468112877783,3.144723977218283,3.69
Cotton,East,Sandy,1525.5476355957496,27.686247014413667,48.915444415523126,66.16705242861417,51.93945701543367,70.92389233189458,5.77642166430075,0.5129377407796805,3.05
Soybean,East,Red,766.8812400510915,31.163591224715255,60.737994742337406,62.88534623866609,63.70587233523372,57.24575570715833,4.737359707881764,2.7639412199087547,3.19
Maize,Central,Sandy,1383.9970690362272,33.96071413126913,66.01073174694558,79.31408642393804,74.41569189247518,65.85779293085764,6.017614151473325,0.46308426496608385,4.15
Soybean,Central,Black,562.488267057571,27.482098151721242,64.49613574613483,93.10889412671418,56.569400739045896,51.03660969032596,6.456107065680488,5.607443695249619,3.96
Wheat,South,Black,1060.2021053927417,36.43192504324982,69.44150147487692,126.86399705758498,43.18665077140204,28.562482493855963,6.030151856485122,0.69940214418781,3.72
Rice,South,Red,1077.9990428717929,26.82478132790117,81.67211680015156,82.32941728640638,41.05618540131429,33.37041246221787,5.05512481753133,2.7703858032191633,3.49
Rice,North,Black,554.8256668459163,20.716058557434355,42.329503849486585,80.75283796922074,29.5284723836541,28.657026140774207,6.491232679562556,3.683236585534904,4.06
Soybean,East,Red,751.4719655224656,26.720230694718214,55.50128197920957,129.94704987285192,48.192890746352596,49.34076701928863,6.211056889460435,0.26167020150010367,3.13
Sugarcane,North,Black,722.2837463592066,25.971635640124283,82.16666209320398,48.27416588954183,69.7031533606479,35.442521263285954,6.855297185077564,0.14091308647459636,90.93
Maize,North,Laterite,606.5802311469918,29.580788183368767,100.0,49.924170032466876,34.462170071874716,27.49518442681584,5.834672473839135,1.8243523076223722,3.89
Maize,East,Alluvial,200.1346269028801,28.353130092125586,48.894179905983435,95.05687695755196,42.78719603661324,38.29407906495232,6.186081515147206,1.935665617366378,3.89
Rice,South,Laterite,937.8251655306171,27.996372062587778,55.61941454959857,112.88579215197701,29.37755150538406,19.008278091571935,6.495393312820287,1.949720617852612,5.29
Cotton,East,Red,973.9678495578298,31.834550797026363,45.3704660960715,115.80087042741204,55.57348069762049,55.13129727273078,6.77655507434019,1.218244296158528,2.59
Wheat,West,Red,971.6123582183769,24.85020864153634,34.45184084863125,34.88593847569929,58.72033840918541,25.504095555485534,6.096259488730306,5.457782732608129,4.33
Cotton,West,Laterite,1229.7118313391554,29.693622601935246,69.11723607855298,35.61006860841083,29.61042023400656,53.68725813954364,5.864046090644534,2.3559708430269666,2.43
Cotton,West,Alluvial,418.6506041321296,28.404332596021316,73.91365290191303,77.07224704633371,48.76466133958168,46.98925634652377,5.595687991604683,0.15423011907562797,2.8
Soybean,Central,Alluvial,885.6849646362699,27.56972725322652,60.50556690237504,97.72408959012196,0.49950653706746095,48.64025334997281,6.539345939695765,3.0743065587231824,3.28
Rice,South,Sandy,1767.9933717563308,26.671475938472977,60.641668893162404,70.46646688274431,35.922661570416466,22.817006456694685,6.166998690342573,0.6445253214393248,5.02
Rice,South,Black,1266.0267738888363,20.643597280878744,63.33337572264991,50.571726645012596,59.27354982606581,40.99555479799828,7.831023207852307,2.5677157970130544,6.32
Rice,Central,Sandy,1267.7391007683086,25.73043682200338,56.47077208517182,48.16794342518638,32.97484651140922,32.218510392997466,6.32092787953223,0.12206999432152561,4.44
Soybean,North,Alluvial,695.0216614351777,26.05103067483786,64.34630324349611,105.90365562015566,20.493839192676884,13.718054164302895,6.58401998651657,2.910791921298158,3.44
Sugarcane,West,Laterite,941.2288287041056,23.38637655021906,85.80339541982163,106.663787233832,50.355371273332935,61.5408857047314,7.21445959871936,1.5651215350214147,95.07
Cotton,West,Black,310.0418021207838,20.21057494253258,52.58929334863734,95.7646405033113,38.35529458143501,38.5712097436051,7.31345010163905,2.5513065412399416,2.22
Soybean,North,Laterite,1175.6446921912545,24.217376460512405,60.754364477010505,78.74698081529155,42.94890386760819,33.24157594564012,6.11686772396459,1.3634428213092782,2.98
Maize,East,Sandy,1420.0897206069305,24.63287330141639,63.085333956150784,58.30704291548584,45.07164843969473,60.60967046794042,7.977436595314657,3.230048328208385,4.12
Wheat,East,Red,565.0607173173892,20.298438655395472,56.487448654022025,32.296236224485924,53.64604433373267,54.50560695154122,8.17694690370456,5.875932921727398,3.56
Sugarcane,South,Laterite,652.3347033179282,20.29320907737892,66.01888464979169,42.442397198018625,56.22751390346172,89.55436018242578,6.20307773881932,2.713363991477723,64.88
Maize,Central,Sandy,990.3915899487329,16.540291637115086,27.500610340942757,29.04676039103797,45.8083150271788,25.725705540540954,6.475563049140033,2.7264611504183507,3.27
Cotton,South,Sandy,1045.9882005643076,28.475365860902894,73.59371072437582,72.49528803236548,57.66849026935034,31.45679390314337,6.724722050513312,0.4884725560006417,3.04
Rice,East,Sandy,837.4823562858434,31.89018402542972,50.416921891580536,91.64270988575741,39.7155135979932,69.09785475291359,5.854193788796405,0.8753602804684999,5.35
Cotton,North,Red,755.3891262572324,27.08051122990976,52.390301409081154,81.64486519919943,44.79709280581415,27.15750309239998,6.424721644064945,0.2671589938970202,1.63
Soybean,South,Red,758.6028210357613,24.978426782367915,62.48756189881437,115.40392016406273,40.49716631373565,29.03708149691201,5.678366861430177,1.5204088661404815,2.73
Wheat,West,Red,985.2906418555606,20.049955679218726,44.1545404069538,84.47049172697103,22.405724318264166,38.78189693842063,6.4178901345098085,1.183196313831309,3.4
Soybean,West,Black,1175.8411580396087,15.97560466381906,84.9680939927163,38.90209715490155,62.34291175577255,64.72653678096093,6.3444384225328,0.6982662400080539,2.11
Sugarcane,North,Red,985.2093266886791,26.835132731739314,52.642296032775036,76.58179130710853,40.9015485113367,32.044558489890505,6.769784383748833,0.14340050624044678,88.86
Sugarcane,East,Red,956.5420622251318,30.078342220727766,100.0,77.34305999381537,63.9899167083813,74.1645940262555,6.891736414029638,5.358734042588182,110.0
Wheat,West,Red,472.22371711829373,22.837957630461656,74.45300315779367,92.48813828773004,46.97541657569793,39.80104532468301,6.431461414046815,1.8598249343940765,3.48
Maize,West,Laterite,1260.1176026114745,32.27704857446151,56.475592025291355,101.18785614848669,46.40147176502492,60.120897957865,7.505195345457871,0.786070622904297,3.56
Maize,Central,Red,984.5829466009228,23.55555950749787,60.40404287430601,91.80281897020836,54.25769383667963,34.88559781742643,5.7172066313053795,0.8545682740629672,3.72
Sugarcane,South,Black,869.01213052404,32.42499141426839,67.22886608520561,67.832610510084,44.47867899490543,25.374454217108774,6.164348947337021,1.0064210196143266,62.29
Sugarcane,East,Sandy,1076.54150213131,23.09602023126755,90.48080681028848,114.50671980482343,30.79460513384623,48.60242097788576,5.9126893229961235,3.3387036446202694,123.26
Rice,South,Laterite,746.8570429135275,13.685339786435556,79.25429355338764,100.9174790603617,37.991535912427835,18.200309318684774,7.686164884206604,0.4725552537547912,4.96
Maize,East,Alluvial,875.24221657729,30.131778530433103,78.12881673331007,15.238125903169149,57.64007097112375,15.372314554531005,6.326068872605557,3.882409269259172,3.59
Wheat,West,Red,1032.2762932224769,22.385767100522493,60.41644058104376,99.08080505137313,50.84933167714796,50.60187310590754,6.335698532254826,0.7461546710361097,3.89
Maize,Central,Sandy,796.4335918985703,19.28768004625243,56.496103711969994,57.86483734018756,27.28698870964464,31.411418866580274,7.525021331823949,4.096820991088947,2.81
Rice,South,Sandy,506.29738594787966,29.407965075636707,74.5610751309253,36.13187817961119,44.61213780246902,19.329828999075392,5.261517375624148,4.524555460268212,3.68
Soybean,West,Laterite,457.45834497754413,22.55314979846449,85.00355809888508,86.29559431597362,25.377282108191807,31.000008651392108,5.663040175841355,2.3858341583517384,3.26
Sugarcane,East,Alluvial,1133.7198463311852,19.935500474588167,62.92955494631841,138.0856570227763,41.49270676234748,48.42586262844601,6.381797323511508,4.502449054440564,86.71
Sugarcane,South,Black,990.6673639658222,33.557045978269976,54.729943322775554,78.67287679825088,55.300265398232014,25.89062440880474,6.034392462488127,2.7495478223772647,86.24
Rice,South,Sandy,980.0590805885973,25.976259860717608,49.50056554009961,72.77403780071988,31.02165852433998,0.0,7.19126976898204,0.31223136232704524,4.63
Wheat,West,Sandy,651.4591822908776,19.824537878990316,39.89737980907769,82.41386338365601,38.57596318731027,37.593311980387966,5.350279221985716,6.254716519135778,5.75
Sugarcane,South,Sandy,993.8351994588113,24.684360231462573,58.29790309726068,139.7615114288007,26.001958270339554,45.378916178727835,6.964198595143366,0.4217055711452326,86.96
Cotton,Central,Sandy,879.8636223370593,37.66281544313405,61.18415192518113,73.29951257001188,49.16363072733958,52.172540596477646,5.697191634842445,1.3649235306185308,1.95
Sugarcane,Central,Laterite,819.9814365185892,27.56180270839785,64.69904044922518,104.58470817319075,42.1990686479957,55.33564386136657,6.705914844474839,0.967298588123039,67.45
Cotton,West,Alluvial,977.4847736439564,23.79077259477411,73.12458893142494,70.04735069981656,30.400395043810406,37.618281530300756,7.203951806524124,0.8558685918092861,2.17
Rice,East,Sandy,1088.929279957861,29.506882978685752,57.968483574229005,65.48253485226454,46.313616118800965,68.50507178364943,7.996149337608616,3.061420325757114,6.42
Rice,West,Black,1524.9708952612746,24.728305754054013,91.92926746641108,115.30526554232316,39.64588444554462,38.153404962363865,5.297838133345176,0.6876823049677031,5.21
Sugarcane,Central,Black,1169.5879950154635,24.45296249843223,47.91958237219682,52.437795900102515,47.53248061955832,36.60176594203959,6.581980562213335,1.5429846870253658,108.29
Maize,North,Red,1257.2688046005449,23.71815733677012,75.24154819433689,98.66531785235055,26.14446468339768,35.65659765853817,7.26147008828341,0.8208018136660735,4.09
Cotton,North,Sandy,1331.3965211123943,31.269744782665178,46.70662848236502,71.45575492906652,35.13819065576101,42.13833073731131,6.555913380648071,4.478768028809506,2.29
Wheat,South,Sandy,770.793213169305,27.973772036069473,52.24316815501335,61.07054770194529,42.05522208033886,47.62923945555886,6.804649263980851,0.3371174240278489,4.44
Sugarcane,South,Sandy,903.7346287098533,34.11121919565886,69.21501199441987,69.54993429555921,50.334582011617684,60.937949777585445,5.939626843762962,0.38593855677596306,75.16
Wheat,North,Sandy,728.5268415453875,28.53442659479083,80.6551154847724,23.7172676899215,25.363546255626126,31.88345866648886,6.239758493533117,0.23582181157426418,4.07
Sugarcane,Central,Sandy,795.4534292993787,34.63800190099897,60.80684830628759,53.74768459050348,41.71967851647049,27.96180185493723,5.878865509788371,2.8359717744575828,93.65
Maize,South,Black,871.5272727616449,30.250433185550964,66.26920960351647,83.35028760749177,54.88269563845415,42.11561472936132,6.9854579504304075,0.3522636132741003,4.42
Maize,West,Alluvial,788.3034152741133,25.700258489647393,83.94098436543987,73.80979161806344,40.926878707802224,33.43037805646237,7.981662804962566,1.523301279596096,3.55
Maize,West,Alluvial,1067.2307372186976,26.323121942333216,46.66784309950317,56.35401462619765,35.24121183518034,23.189944737417203,6.625765403788836,2.9115514162115215,4.46
Soybean,Central,Red,1129.8529393119259,36.139360585868786,76.54824103440856,117.04145444513182,31.929022441067755,58.061611886896934,6.5483846161915835,0.2455175353726527,2.61
Maize,South,Black,608.1572003991887,33.51908625752577,54.66401216401519,55.16525276542095,32.179618818029454,57.587449853728316,4.7885031942309935,5.33206768140046,3.79
Rice,West,Sandy,906.3754446447258,34.73378917599646,68.64643669146476,115.92955518421334,43.36655378343532,17.96637634090125,6.444336110064823,0.6682407567411228,5.01
Rice,South,Alluvial,909.6605122666165,21.96274895966578,73.09604756873192,83.67294573617535,10.218406025917776,37.95514331738204,6.954040027446076,3.143374635306102,4.15
Soybean,South,Laterite,558.2781013072026,17.62415566636098,47.36385553145904,73.41549128322957,31.79096886421855,48.65529113687424,5.177831970494897,3.1554929770249,2.28
Cotton,West,Laterite,770.1563751331194,22.784166720915856,53.80159924161339,82.34026814867147,46.26633124257488,68.82906310319318,6.629656079147795,0.8564766625016291,2.5
Wheat,North,Laterite,1262.035699346239,27.82741216403936,74.98786785927092,87.34164064972892,51.18270197308098,39.06805055079152,6.487829209062555,1.5995968123346664,4.29
Sugarcane,West,Sandy,1258.1732528440177,23.772187892414372,61.0983413687892,56.10915593109809,25.96260727918702,52.94684590308945,4.893573807480585,1.9930355570581575,75.74
Sugarcane,Central,Sandy,511.2430463122912,27.137042636516334,54.29507616359544,56.78835014360154,30.58034475473336,34.46550022961545,6.834173782478489,1.0741778507936122,66.85
Soybean,East,Red,1141.6387021486235,24.743948456317675,67.92098379202416,74.99030979477979,41.11578342047842,46.80810064124978,6.160695445040514,0.8859668828174875,3.47
Rice,West,Red,558.9137868993563,18.17650408088584,48.80873447133524,90.92495664524851,49.31771628797449,53.52305774927686,6.601102245553912,3.8228661901258136,5.4
Sugarcane,South,Red,879.5552817807869,29.14447926979056,47.26038944042523,96.59237117770681,34.448592402165374,45.233155523917915,6.755014844355776,0.45111763359889606,119.01
Rice,South,Laterite,970.8042106922927,27.154336872724084,29.174364910437646,111.13700895123671,38.108357621115395,40.399624768440084,5.893538980919188,3.1688509136506475,4.49
Cotton,West,Sandy,1225.8326111449376,33.64676212036907,70.39684943426582,49.284901958042745,45.08281362106848,54.51453115370183,6.775477371146911,0.45562231607273485,2.4
Wheat,East,Laterite,947.6236030008372,27.799278762192614,65.4798811402182,88.91831199775636,22.69489020187726,60.50916706638452,6.093748573151914,2.408737478464256,4.79
Cotton,West,Red,695.8412697820412,30.913250231748176,73.10885148232593,79.67606862200137,64.37503270849425,42.260653490641644,6.611064647271961,0.6783219638019372,2.85
Soybean,East,Sandy,644.8175378118501,22.90364513883886,83.32788875723092,66.68015360342739,41.24042819586651,55.49089560111051,5.981768899035687,5.244969880656223,3.08
Maize,East,Black,1050.3966002369968,28.735040863394715,61.38032818229613,130.09144357475444,34.74607883719746,31.582713785651976,7.363926938612492,1.8596621816604602,4.43
Maize,Central,Alluvial,809.8601593017827,31.042895321952876,63.95684293362513,90.8023280728951,57.10874626513453,34.02617221189325,7.051496723210306,1.5250684023956158,3.44
Maize,South,Alluvial,877.3919151668879,29.781826944873373,70.14817556851297,115.72328906901976,41.90938167040944,63.52382520621681,6.2258768355548355,0.6996684540906968,4.13
Cotton,South,Red,1291.1393780427907,25.867258668775154,56.448838321222865,0.0,37.386280207746225,0.0,7.063095952030709,1.421256772415935,1.87
Sugarcane,East,Laterite,1130.469379344817,28.75224905625151,43.13436465753291,106.17670781878104,45.579351100922004,36.42471221389453,6.166529598274942,0.1362721516701045,102.54
Wheat,South,Black,1476.0687530764956,30.113734412390077,47.72593068460144,93.40213274096801,40.62492696346615,43.24970419140481,6.674314391810363,0.3094446661301436,4.78
Maize,North,Sandy,694.540773796921,33.00694285776097,64.40274789387949,97.54547736755897,30.766672829000846,22.550944029675495,5.821718873476149,0.6992129542465148,5.52
Soybean,East,Laterite,787.2425581710731,24.194422549308747,79.99686927590355,72.67410504607423,56.00853742762551,56.14462059346544,7.2712965844863415,5.962059271535606,3.68
Soybean,South,Red,1055.1061988136885,21.41589934334801,88.50985539047716,132.7671117371089,17.535014134487405,39.2791492612883,6.403346676730244,1.2617556062930442,2.35
Maize,North,Laterite,1545.639252974935,22.84344137267173,60.729458142045644,75.07814572953997,33.924651580084145,50.69944969097165,5.960408150883025,1.0230524824605214,3.14
Maize,Central,Red,761.5403841862155,27.72700757284284,67.51769142515903,79.53251989409996,67.81517547615758,62.64229582280085,6.683311956584662,2.9617121690966757,4.88
Wheat,South,Alluvial,1011.5231938614519,27.021955487017628,93.06210468377921,55.541277430539964,41.583772043386844,58.46252824324783,5.107374120668563,2.3663147841994694,4.34
Maize,North,Alluvial,1396.3690278273762,30.136587145588088,72.75231373626654,79.01705459162979,16.21743973643266,34.78779050195186,5.69211796070398,2.181010400084896,3.68
Wheat,West,Laterite,1014.9763045423358,31.15388372305514,67.05826586033275,75.63533097487687,56.94104211214225,22.93960590054305,6.264436630040188,1.8612637790774011,4.06
Soybean,West,Black,1306.0011563908492,17.573975744051236,68.15238585166883,106.80112612322877,35.73807659532188,33.94174417945793,6.600978028127517,0.2784447580476407,2.58
Maize,North,Sandy,1587.246826805718,24.59463421571829,73.72941924318482,95.86758139330826,24.104782621346104,42.35045354188238,6.593229421118508,0.9904826085675098,2.69
Cotton,East,Red,1088.5371508908522,28.06116889790581,46.69551267320668,109.33274692116197,55.80308439199347,13.324678181321001,6.06698238824439,4.628828740581709,2.21
Cotton,East,Sandy,1137.544187140415,32.575894281943015,76.408142945479,77.30589486989223,56.458825312446294,63.814830722465764,6.968153600080117,6.421314819358678,2.44
Soybean,South,Alluvial,1222.883518864036,26.733097257888794,71.58674134421386,71.51634323787437,61.40717109196467,41.82010341101474,5.5151540321336565,1.1336605832278381,3.13
Wheat,West,Black,728.6885506300887,33.82725972562356,81.32355620583088,102.10301311327922,25.466731327296003,36.49353139224822,6.285642026045557,0.1,3.83
Cotton,East,Black,555.5299834378441,29.756898475264922,72.41182260006124,83.94873283378848,37.90113112074885,11.013490073555634,7.350785200770623,1.383594156519411,1.84
Wheat,East,Sandy,1047.5357174788853,28.903880492847314,80.3187282054497,20.992081507237074,35.60776547523392,40.19663427188888,6.96086168934009,0.5154097634393708,3.53
Cotton,West,Alluvial,812.4611866526302,26.448878936431992,51.15686502733777,68.68337342578945,26.007616515541898,41.437162025784,7.519279210686277,0.4166810186782909,2.41
Cotton,Central,Sandy,1315.8274659890872,26.87694593014229,56.05354722588023,25.34381052840571,48.5813474212327,27.416570740691448,8.302390859010007,0.6675702649325291,2.29
Wheat,East,Laterite,1094.2891481107424,28.653912830485268,67.29060462522649,59.61163772981368,56.399337721740686,44.464593892360156,6.010002187825526,0.2616484674493224,3.88
Sugarcane,North,Black,1310.7434210030583,26.02310098036035,53.73184769865186,105.65148601828066,33.15974378358889,38.06060347015977,6.772586993037952,0.1,87.11
Cotton,South,Black,639.5053300456586,32.562807962985204,77.83229487527838,71.58809423069023,42.33079411052015,15.921714229485172,5.851052595193972,1.1764962043853138,2.54
Maize,East,Laterite,1300.460930048111,31.39788898644454,43.76693766694138,73.26305418163659,42.16353456513843,50.252187227102084,5.621102174330474,0.6091170475988552,3.87
Soybean,East,Alluvial,310.3725145731445,32.98997490648599,62.606077594860075,75.14594100103996,56.25883518141363,77.06111780997628,6.845356933550218,0.5919504835542665,2.75
Sugarcane,Central,Black,664.1169567417193,21.80051027157281,56.502587505437035,80.2750196163848,40.115214259616316,66.85419585538865,6.52358286906805,0.5009154308155428,94.07
Wheat,North,Red,1189.671531802524,21.63629366231476,53.863684126609776,71.63061166462118,40.49145230877833,47.37500658866532,6.180136088374246,1.3729042779608671,2.86
Sugarcane,South,Red,849.231574867453,29.43952183426586,44.435190160968375,125.41666252996157,53.73232364258208,44.15802750234841,6.95903273594528,2.6427091532725977,89.86
Rice,East,Alluvial,878.1094765986078,26.59691847369593,65.62700707866833,37.41591580928298,41.853122076181215,17.389781600180577,6.209848493940036,2.139506119980087,4.4
Rice,South,Laterite,1032.1702832591711,28.294203540634573,63.753387118001896,85.72285680543666,31.465194560107907,43.774007628808896,5.29607403600484,7.454080469046208,4.73
Cotton,West,Sandy,1426.5865021391335,21.41289961299607,93.56577620495227,93.90466219331876,23.594309469158148,35.59637336065278,7.042114182145751,4.906867738340934,2.08
Cotton,East,Alluvial,423.4691570513738,19.710164539063218,100.0,57.62993181491967,30.717932820783336,1.9104542827924362,5.951735063641349,1.0802994531623098,2.34
Maize,East,Sandy,1374.6119088093585,28.1629003564689,48.9804908207461,96.14131513903934,43.63898161283529,34.35065178952256,7.1005584924383776,3.3530796728290984,3.13
Soybean,West,Alluvial,1392.2380357424115,23.20057584864093,36.45478393947356,63.303103717585955,20.504716036365895,31.381389294560666,6.788568251453405,0.4078371788529023,2.13
Sugarcane,Central,Red,848.6879134115917,30.570529661729083,46.990132581347524,91.99577814923681,44.099094478411885,16.822748733197667,4.5,0.4772969616949104,80.89
Rice,East,Laterite,791.5345579034871,23.92314328719399,64.07210539912359,48.45419926240088,17.321342350586345,38.4777929317287,6.264720696808556,2.414111331454306,4.1
Cotton,South,Red,964.6087970509893,22.56263611105634,81.87756274818348,82.18745218662029,25.054085453764007,17.83233202834156,5.7449695931219615,0.48850097519737656,1.9
Soybean,North,Laterite,785.1484892196634,15.666738814067536,57.77806562084767,135.74496273854533,49.78240408690426,46.07240824382464,7.24212583855608,1.200010574299467,3.26
Sugarcane,South,Sandy,1103.4329711358487,33.237732701572355,73.67416705756237,57.37414332434622,33.32534734897802,48.37375159758946,6.045352873371605,0.7773506227976952,85.47
Cotton,Central,Alluvial,1142.5036751055497,30.48775224438966,53.014388288818864,69.61392559671106,43.45239768717886,9.06304552280002,7.179897857531147,0.5295937941665224,2.7
Cotton,North,Black,533.8271426267904,19.521512738327985,57.69316333756123,121.24251930427462,39.17141582840173,33.82099481101487,6.55195683873295,0.3355344523959065,2.58
Rice,South,Black,723.8931473586888,17.012718229186163,67.50194931611483,110.91146954120222,63.365715764308185,32.97307836987984,6.038969542701192,1.8927223683518124,4.71
Rice,South,Laterite,644.4582912823375,24.014616691377228,64.83298036464214,123.71327568433884,42.03904233470367,36.45968107554325,6.900984907773715,0.11565857982540814,4.08
Cotton,West,Laterite,1064.406246909256,31.736605198515498,64.45912440023652,70.76815292069786,24.657521215808174,3.184127008026074,7.207307400721726,2.4250336480754235,1.89
Wheat,Central,Red,1261.6996328210103,24.364579781693056,48.77301505882282,88.67265620008118,49.12409418124629,45.78740263178785,5.554542084215259,4.502410070385627,3.95
Cotton,West,Black,677.9693518501804,25.964416917512445,83.38840712716268,91.52925691702326,24.202803441275837,62.78223271430594,5.275948414842901,0.8415792868896556,2.26
Soybean,North,Red,1259.582831852899,31.952931226570367,83.27497121090363,60.57527503165751,54.881171207312775,62.746054378736474,6.437447095634594,1.0662050646838095,3.38
Cotton,West,Sandy,722.5601483227252,22.058659445887006,83.52626400542569,52.05948301495861,51.90194568670274,53.644711130647934,6.17697125926072,1.786040610695368,2.67
Maize,Central,Black,1215.5865879887895,23.58941832031323,54.841634734554106,48.97835199642007,44.44374435536507,9.795861173742924,6.884955179906165,2.194660265322772,2.77
Maize,East,Sandy,914.8805711422262,28.0979287867067,66.79085323606773,67.46254024844787,51.32508642132129,30.561932013967418,7.133062658911127,1.5740826918453694,3.09
Maize,East,Alluvial,867.4897882807168,25.59904016280852,57.126877753117014,48.05394629433064,57.60103492443854,47.553668921763425,5.170104811543983,2.344621331997876,2.75
Wheat,North,Red,1342.7351612430145,22.614035263755532,50.379249401062914,63.07737552960167,39.59101728782588,46.91178097972738,6.19998229482205,3.306351953068032,3.6
Wheat,East,Laterite,1536.3072193174266,30.536247386645044,69.27444620368986,54.854218142745836,42.560454724607226,57.41910092212191,5.252806082113502,9.219337763410422,4.47
Cotton,West,Black,417.4751675304475,29.58918721492529,33.164923653196944,92.8048731231688,43.63361268083408,36.062811770720685,5.4138934660852565,0.9975937418528861,2.46
Maize,North,Red,1179.830703932325,31.16088695359206,77.70260228886141,89.87509177186281,29.007462749028473,21.699341489609864,5.155768607605103,1.7574172920133353,3.75
Wheat,Central,Laterite,1053.2002726504882,26.23348899614374,47.55953295446558,65.71447473371452,31.3573529371488,47.95490193447294,6.195336366431321,0.943807827068325,4.07
Rice,North,Alluvial,1197.3647522501071,18.19556334462465,60.304782569064805,71.45842148604412,40.86635188602913,32.85302844082199,5.234502072674697,0.5434304920502789,4.04
Cotton,North,Black,568.4457206908648,27.05377329311637,30.96314596688275,94.88793957867793,39.910374905384515,60.92094159413734,5.966836405917426,12.046982989144665,2.81
Soybean,South,Sandy,674.7038033909578,21.141012321453186,92.11636415179998,71.1270335440785,43.813560415403174,50.08262908141232,5.806216123667591,0.1,3.13
Sugarcane,South,Alluvial,798.5710824806057,16.86537827128729,74.87336572014506,65.11510317848814,32.59704660939584,34.46055865532215,6.225718354859767,0.13377416047015264,94.98
Cotton,North,Laterite,1063.9197306103983,25.62643229838725,66.28807651236244,46.76990744879756,17.915035670700274,42.525518310187366,6.4989415582229455,1.7495488412700588,2.07
Sugarcane,East,Black,780.2038748597724,27.508813739579935,54.678035852103164,112.63486534279937,62.04940112762728,56.74347220251534,6.436921128999466,2.474685642960447,91.36
Maize,South,Black,903.0931332418797,34.991388338745566,49.014098970382776,39.474056269202,19.098133665648113,47.953787249186504,5.519043610461075,2.6100675841334686,2.76
Sugarcane,Central,Alluvial,1249.1583767648824,20.971977212221468,61.99536041213136,72.11208292287908,52.2042658109347,42.071799431653474,6.468950694425779,2.4301568466680052,78.08
Maize,West,Black,1614.6440857295001,30.38526502292235,69.53316446367859,57.86685655797514,35.43803433458697,43.779662343300984,6.160266424950374,3.1080116081549956,3.18
Rice,South,Laterite,1227.760077805956,19.00541319694013,61.55235227347341,83.63640803492008,42.996961912544506,35.42558930615228,6.866724511319943,2.730284315795404,5.08
Sugarcane,North,Alluvial,1257.8185613016635,33.35055836993063,72.96379641564448,68.81597201582258,49.936935716340976,46.185524039359734,5.966244370934285,1.5792154201174828,92.23
Cotton,East,Sandy,945.44468664399,23.496770849110263,92.83594221033997,82.09441373504716,33.15468903868467,40.33962619549624,6.965616652898852,1.2701859327050855,2.89
Maize,West,Alluvial,732.8189793185734,25.32584381412121,48.902700795530016,58.98384239802468,19.484524667310172,24.445545889936902,5.718469008635317,2.547871372754494,2.36
Cotton,South,Alluvial,902.2126021814468,25.389904250684705,68.54729088440024,68.65977850012239,55.00009735978294,46.41728279607893,5.757107162172394,2.6359918965833384,2.37
Wheat,East,Sandy,982.6293245836457,30.79479447296268,91.11823710797171,46.319928501435996,50.02988840631603,48.267350697126886,6.4123072039816345,0.8085814896198329,5.91
Maize,East,Laterite,651.958655569187,19.74763295272394,60.33869077821547,54.79344585636104,41.08176339548818,55.10540876725092,5.120398659147452,0.1,3.81
Sugarcane,East,Red,1244.5362056358433,26.112974078163244,62.914380281468084,68.4219832248643,52.37375973008795,16.231340436442334,5.795300980698901,0.7546528194664734,84.71
Maize,North,Red,1455.8351603706615,23.793428123814017,71.91890080184888,84.10726687747255,44.922388755817664,44.013129796433844,7.416294198731544,1.5303100718850073,4.22
Cotton,Central,Sandy,1036.7265774151733,37.99023925126389,75.14145934644102,76.32593922884021,39.17744659796884,34.18194832587895,7.032944546545042,1.4935610412537959,2.05
Rice,East,Laterite,1325.2221931750357,21.575108223866398,80.74654924668131,114.09074080921383,36.991537452229366,48.5784295934025,6.191574640031585,0.9556414118604067,4.16
Maize,West,Black,1362.5296429136363,14.089679559518876,66.63916752817362,42.16690213328835,7.751557049723068,21.51283114466612,8.380614582646366,5.386295200517741,3.1
Sugarcane,South,Sandy,689.6049329967673,35.47297693516979,53.07715868158907,73.4601252878927,44.013753873552716,59.440507005461086,6.366272078802254,1.293881322795847,89.82
Wheat,West,Red,478.6581899499579,29.456695525568232,73.41143901317497,23.17579222312682,24.761348837006025,23.893832061180042,6.621673093595499,0.2994367532696915,3.96
Soybean,North,Laterite,850.2952494647245,23.063125572087984,50.49628760042387,75.84454543159148,46.595929345070964,32.42327138929635,7.65865095597044,0.4302405190589343,3.23
Rice,North,Alluvial,1028.7648097384515,26.83894815982768,69.97936784192777,63.22829552649548,35.63131004398916,80.682588713541,6.759826537416507,0.19872439751292045,4.33
Wheat,West,Laterite,641.1604732680502,22.995030213174644,66.15876790633807,67.09909493523968,14.081886120611,41.3968009574197,6.2480477962288665,0.6247119946247148,4.06
Maize,Central,Laterite,1426.6670748035153,17.215011322983123,65.79109337452249,62.954893827274944,39.05455237746296,56.36176573243475,7.056264012066687,0.7269002696798738,4.17
Cotton,North,Red,1584.640469575176,26.178627080562045,63.76553853902587,90.8728246900603,33.25798110444821,43.71701934038218,6.98807512910205,0.8134221285045828,2.75
Cotton,North,Red,1053.7590844682024,26.1428236926096,80.02857738247447,86.9984984099643,60.67431961471367,59.02630467889945,5.9172371974882285,3.617900858700634,2.88
Sugarcane,West,Black,705.4608026781955,28.696735056932614,74.27061668783546,49.850955580813775,9.964063432601382,52.065567980417725,6.327569896665604,2.900418178653856,89.97
Cotton,North,Black,1145.8886045517147,22.135022531150234,75.4185209088347,74.3617083978487,27.551796692641908,28.023437495673686,6.610888844115065,1.3707967194437518,2.59
Rice,Central,Sandy,704.5179131944333,23.126364331462163,58.04527554154303,41.981285478481816,22.329489648894626,13.340471110491336,6.616417048978138,1.1752269905905535,4.32
Cotton,Central,Alluvial,1342.9280647062596,25.117167571999563,40.36881858911872,37.30730966205361,51.84707165287264,20.854965432277414,5.809314258742125,0.9499420966852219,2.92
Sugarcane,Central,Black,930.5705226259016,22.09576476689802,59.04314584979959,90.01543522160192,43.18735387207407,32.42285852247245,6.738140648345594,0.1,100.97
Soybean,South,Red,1218.1758568537266,32.68381543952365,71.53632500272397,51.568963325093556,51.205360787567884,48.4713296702611,6.209929416961778,5.0446427704314125,2.8
Maize,Central,Laterite,1270.569178296877,31.24561301200364,65.4859646448131,64.65141609127602,23.27944180661404,55.02201207635689,6.879102114244267,0.6891946208692017,2.77
Maize,Central,Sandy,1161.387404152058,24.420575511319505,58.50838347670994,85.48172995624603,25.548044220388064,39.297869364428664,7.209413016901645,3.689018140615048,5.08
Cotton,South,Black,1535.584218931498,29.672918144493693,68.32146376844103,79.55941855557056,40.87296426957894,42.48937293079098,5.847022031901,2.700574949301462,2.1
Wheat,East,Laterite,1053.4819348289263,20.808565325073136,60.992121789084145,115.09538327234203,66.02345437923127,5.274392066522147,6.206784037716242,0.24300360061556386,3.34
Maize,North,Laterite,849.0414049152118,24.693240087067533,65.73198901896289,48.57649161549375,48.154859387979464,35.74056772404279,6.648794473137894,0.7515154829538541,4.28
Soybean,Central,Black,369.34313465453795,34.31789009757827,35.16791759459963,110.48759336211305,26.83968550233208,38.589192096610915,7.085508944157775,1.3258326984801765,2.84
Cotton,North,Alluvial,314.81163272074286,30.229371054176255,76.50715736955851,94.46198078824317,43.26870220005265,46.73283375127714,6.042849379031513,0.6080569653950288,2.57
Sugarcane,West,Alluvial,1195.6114315666205,28.44541093090748,74.19235545520806,98.99904507156114,48.937985305190395,35.10934290637066,6.5279093902340595,1.0286963774923799,75.49
Soybean,North,Sandy,944.8467823987559,25.207261829429854,96.68373775275131,70.20971015592112,19.60770212216613,32.487533228360796,7.790845162715289,0.6637692005172195,3.21
Cotton,South,Alluvial,755.3812579315022,26.790310845927234,54.3209882101291,56.20244552767505,36.173722163466344,68.32449896271325,7.157905987361538,2.0196602073763423,2.96
Soybean,North,Sandy,665.8284493331679,19.658059505682594,57.45210333963166,82.37810955173521,37.29041048945437,19.324704135011096,6.301796002532548,0.8946404496184823,2.84
Maize,North,Red,1222.2863010014398,25.383063364784476,67.61395677381897,56.08303108031918,66.93514339615862,60.497606965270066,7.994597638332038,0.8502034939886565,3.48
Sugarcane,North,Black,704.9394862161632,28.880155308500985,64.4883700164786,55.282622778347175,41.44304583689544,49.353336280291224,6.8757016219659715,0.6337328904192324,74.43
Cotton,East,Laterite,1489.198296142647,26.86789307859084,88.69799678620072,83.76401775039257,64.9559361325913,38.108516929933806,7.894358087143663,3.2341914365129694,2.71
Rice,East,Sandy,1705.2959847203813,26.867926076714014,58.8750313904887,106.30360959228658,28.77770049170801,73.03658820482268,7.397766505012402,2.0765467118891854,5.64
Sugarcane,West,Alluvial,729.9889564019287,23.728016336246377,62.694146312712945,39.90289658405047,48.21710957905351,39.03294082507173,8.785971250533155,2.5528347790208916,74.77
Rice,South,Sandy,1200.9475436278706,22.461262066210605,56.56675877273287,112.67351200394808,19.197337921964184,27.146386817047983,7.681361892938006,1.0013084691663048,4.36
Soybean,North,Sandy,1132.0064780526966,22.003873855968678,87.8543456288075,48.95904113859305,49.234130385412755,43.210482730908865,6.138214737378074,3.6585859404074927,2.98
Wheat,North,Alluvial,703.7053569153234,25.740599320672164,72.30794559915354,72.33688266816455,34.19625619433495,53.13622783554918,7.1456304623224085,1.0769914919223393,3.88
Sugarcane,North,Alluvial,705.4035769931586,30.67121791643041,88.56328808267641,72.72758179611314,35.12805650271309,48.289554095118646,5.780594139574516,0.38837652940928197,67.32
Soybean,North,Black,963.2226334436531,22.707331521289092,100.0,67.89531008124203,50.69202810610659,31.89679684693133,7.234804171223045,1.4294068562598585,2.12
Rice,East,Laterite,658.483170493209,27.2038058086746,53.55778113964459,74.0773682202284,52.201890993671924,49.976947538215306,7.862339023261983,1.1772479056108607,4.44
Maize,West,Black,1327.377088294348,27.07739680287191,81.17290844146038,83.35740731332181,44.57460698798609,14.229505923549606,5.8355964966817435,0.19244853674727014,3.33
Maize,Central,Black,926.1668458426562,31.650649579725517,61.148934654086666,111.81158106709637,67.11556694269606,60.41857566626734,7.091766243692942,2.1734065619377168,4.45
Wheat,South,Alluvial,663.8114900983516,27.066909548934188,54.68537458670727,74.94915504291095,41.02863879698746,52.001655834333434,7.013816453469621,3.3425815616742334,3.48
Sugarcane,North,Alluvial,973.3031923349903,19.56075310884267,43.00575778513742,57.186439621722855,44.90688438859442,7.463128158740396,7.037995813386944,0.8806050352743843,51.58
Sugarcane,West,Laterite,1139.9269902227056,37.62438622740092,96.9254966292062,53.27727308059056,43.96955813872122,29.024728066130685,5.554191669047901,2.8476879132396493,77.71
Sugarcane,Central,Sandy,782.6656965865182,31.85845363119072,80.03052372360895,87.9781450461671,50.5196080565292,58.69423664955015,6.122477829986637,1.7630661282304012,98.84
Soybean,West,Black,402.0726424141211,29.415954604741554,61.61857079442424,100.43458823520112,40.36208470823506,36.54678115249008,6.758401957119973,0.6376537016647508,3.73
Wheat,East,Laterite,1037.9103312287002,24.122515978422705,74.32901772568248,63.775921396740785,24.65801972334898,39.46833134607006,6.207873459914687,0.8431183495842316,5.26
Sugarcane,Central,Black,634.9001101615713,25.405350135249876,37.86536187213625,102.91366721572214,45.680604515713014,61.09032192129321,5.730088370815691,5.842192426518039,83.87
Soybean,West,Sandy,761.8755000866172,19.88806081062769,63.58428723942281,134.21691394088305,16.96516420634515,31.103538524219232,7.271423113947275,0.4861562282603597,2.56
Maize,East,Black,1140.7315509697237,25.331333693891196,53.57121652409512,112.98574250593893,52.85402829608229,7.8291237592544505,5.985266919436183,0.32955798804990344,3.99
Rice,West,Red,823.6303313039165,27.87848249812871,86.68355779685254,61.888237649474405,57.58598706995829,60.733357111908646,6.474561110719383,0.15737513133771097,5.19
Soybean,West,Laterite,957.6664639602302,26.873949547757768,87.69183062375026,105.78230055104778,32.716735806345056,33.44276106250244,8.29137021843344,4.168277315845263,2.71
Maize,Central,Alluvial,1435.915329591178,35.762784138133,78.35677492043843,103.1246519310435,32.20975462417341,39.60247564720376,7.324247279685858,2.2302193058533732,3.38
Maize,East,Black,894.3887993934275,30.354933677542153,79.21044687419857,81.57869623007028,10.716492387951707,37.0818346067744,6.536630379681882,0.24810183119572793,4.39
Rice,North,Laterite,1606.3948427710325,31.86801344274161,55.25198712747545,102.43193383647326,39.19190094251271,32.72411065157552,6.820719331242707,2.9019372672380217,3.9
Maize,South,Laterite,1221.974393420507,29.7008284805824,75.75432239884157,99.01808390233154,45.74549110511525,27.05293454845566,6.731206881884925,1.9853344814942755,3.91
Wheat,Central,Black,720.5877094570817,27.813194798800822,44.30925093318072,111.18390004215911,44.98702600706363,37.30010215406499,5.336060364428345,8.568260326031995,4.75
Rice,East,Alluvial,857.093915656372,29.274067444409738,42.287544101310246,94.47082018981062,44.03784256745287,25.658527181544986,6.772149327564991,1.4324918051615179,5.56
Maize,West,Alluvial,621.2071344878342,17.079374623344286,63.41778260146362,98.87025930401815,36.03583720667572,60.565165879145994,7.415368121092186,1.453074853908763,4.26
Cotton,East,Black,1191.236919979044,25.69815388928051,72.95294091657172,54.49181303004288,53.66373123685179,58.23645801001416,6.436839449879265,0.5734118724991801,3.38
Soybean,South,Laterite,1397.3543791265533,20.011153736502457,73.97202780746868,79.94685139171673,25.50670890007168,48.298143040444856,7.098738652696632,0.42372438981035937,3.12
Maize,South,Alluvial,892.481848116732,21.10025964676216,46.14467496890074,61.252792493522804,25.884845652783092,47.81692943156281,6.919953751870426,2.645010989648592,3.6
Wheat,North,Black,441.5815738173985,32.968113927125884,41.72641902930607,109.88648815272518,19.759015665543767,14.508099725374283,7.022739931760957,0.9325380099768678,3.22
Sugarcane,North,Black,1108.1409309891837,21.617290057125473,58.22679347567451,46.048139345573134,30.15015721893814,56.96568873125099,5.657095255603113,2.5774421381194057,77.49
Maize,South,Black,741.4051310284856,20.381716339650065,51.85383220582153,25.289128071437737,22.82970270917063,33.26280896723213,6.825270011622847,2.9783506474774675,2.29
Sugarcane,Central,Laterite,786.7992942663824,28.947897945640886,74.18026349820461,44.60296315106534,5.669796187547647,60.253655069401475,7.876660978500073,4.672090368297825,83.55
Cotton,Central,Alluvial,1093.4581498181324,26.65660406403064,49.80706485023141,74.30581426134901,29.170748935631703,65.4611968661247,6.480847630682059,1.1152694558888894,2.69
Maize,West,Laterite,1369.5952360958304,29.231322259822985,94.16453132066067,29.411043334605075,52.17492758749245,36.37478384439179,6.291703176161459,0.20150061791651902,3.45
Rice,North,Red,1221.850518436116,35.77952677054684,70.43540309516622,32.67578917707552,44.345769381271616,6.361617823225217,7.160876105629077,0.1,3.59
Sugarcane,West,Alluvial,1128.8502964881452,29.863793478085256,62.79610216288984,96.62312307270348,49.43434914887888,43.4704201180171,7.24358992866599,0.6902864447400957,91.74
Cotton,North,Laterite,952.8243692240368,19.246950454243247,47.79006532168267,45.174295915539375,47.91999174431686,22.64303254229429,7.475429999562943,5.39057366806185,2.2
Rice,South,Alluvial,603.8692115033185,31.664485766228488,45.183072436023934,105.12401256500675,35.15307492873102,31.007075008911933,6.4083361244496855,2.755062622504574,4.23
Rice,Central,Red,1104.3826350995867,25.900379751658697,60.18624137403107,46.952062834508716,36.57223117065412,36.835770952773885,6.928776697871041,1.6380962574790103,4.72
Rice,Central,Sandy,1215.3189894077464,27.83972613189983,56.317395198768814,26.580945302295518,29.23209464412996,54.21337032375567,8.052060243253647,0.5478635347812425,4.98
Rice,South,Black,821.4752960321239,18.732947194704067,39.0225704047572,54.28104350408748,43.71614564388712,46.7475994983634,5.853211172054195,2.495389615923639,4.23
Maize,West,Laterite,890.0909613912662,29.516257372637543,85.57449472292602,47.79699099927775,82.87951828012058,63.08562402637966,5.392670749648259,2.7006773274941924,3.47
Soybean,West,Red,1333.015577254971,20.492626282570992,48.42170528911165,47.669768805305715,20.44421254139483,28.085312235695014,7.130545702414352,0.5238882794202814,2.58
Maize,East,Red,882.2573440149544,29.67124672067643,70.28920356562462,77.26179254605016,54.9667237537692,56.90460446673456,6.84372320812581,2.4628610148676913,3.68
Maize,North,Alluvial,918.8318053770923,23.38567597674834,71.63307790439977,84.25588579361786,32.004844816708804,51.623659784580994,6.170513479081308,0.2561969143211739,4.14
Cotton,West,Alluvial,973.4800564019228,30.610821793285783,40.71733528285961,114.55462164181174,61.80221338004823,50.10201488314681,5.983959866300975,0.21446231249063394,2.77
Cotton,South,Black,1199.6672748818264,20.52472437297412,59.22926425123525,70.93393922714725,45.519969985155754,56.67372570668492,6.438680173381027,0.11363355467661972,2.66
Soybean,West,Alluvial,1087.999361271468,19.196158866516548,43.855503633671674,87.16419625669276,31.396273766346894,52.43672886314781,7.310550022650633,3.323553669496932,2.96
Cotton,Central,Laterite,1065.7789001343995,24.293058926464795,71.1139814717097,46.76981096515844,36.46214115842923,15.745870484828806,7.258729438340197,0.6310971064676772,2.39
Wheat,North,Laterite,1455.3607939006843,28.331598508977653,65.93775346304061,57.30601017216421,50.74969944227284,31.336574753394196,6.679843744445469,1.8535717111103314,2.96
Soybean,East,Laterite,877.1443229866959,21.2742109872676,63.840764334097436,112.50510262710418,65.34663287046433,54.620078803111674,6.119361258381185,0.31209860160126174,2.72
Cotton,North,Sandy,714.8398290637954,28.019153670263826,52.69741559448876,115.11610641286822,52.0985114912864,47.25598724064906,4.5,1.168318904228119,2.44
Soybean,Central,Laterite,1306.629416423785,31.372030947451954,82.71555090793771,119.68637070882855,33.33639599659193,55.59038127917807,6.860543127684732,0.1,3.18
Maize,Central,Alluvial,1069.2794800423599,20.381969837836348,59.33256231674821,76.85652956537943,47.31488071687899,43.062087250059825,7.036062770091037,3.9315360792722465,4.35
Maize,Central,Alluvial,823.2261410319848,28.026869982587847,42.83979319494925,46.89182443200976,63.95727517323603,32.03513595226692,6.385303047657235,1.5519642180689364,3.48
Soybean,Central,Laterite,892.0403758660699,29.698919834518392,50.835620438187064,60.46771162484666,46.97481734590902,27.691239999096403,8.366121588865864,4.423849853942116,2.0
Wheat,South,Red,617.8209918608397,26.03560558659381,34.89341668960117,71.80452688777167,38.06062662148533,15.303851149833271,5.908124159869698,1.2614096276024767,4.19
Wheat,East,Red,1069.504054836446,26.58758119357068,55.184812838973066,65.87106366611671,18.795861345255968,47.91096006277095,7.68324584150918,0.7605523662985346,2.87
Soybean,Central,Red,561.5736892083207,19.955522324562025,51.36419242499269,82.83305325049028,58.44298322258933,18.300976328869442,7.110066041358795,1.0243279914773362,2.68
Cotton,Central,Black,1204.608417289239,29.187279755211712,75.41867396557373,98.78203633976457,38.063124815709834,40.00887115337643,6.353676023820656,0.559030632712021,1.89
Sugarcane,West,Sandy,843.2797853937121,27.306065360333736,73.58341316805684,54.27479540137645,29.37707434574925,38.27601741783259,5.219518594068116,4.335448116874454,106.91
Wheat,East,Laterite,581.7907594875998,27.753332488475856,68.189908255395,127.93738683764478,50.988796819120076,56.716420615010676,7.613329460016442,0.7008647083368145,3.47
Rice,North,Black,1329.1746360073655,37.32337325292379,79.20681346953745,81.8617614679866,51.58025551657654,74.40293843437769,6.544744914296125,0.6912082811155216,4.85
Maize,East,Red,1676.9183163339926,25.96667211903652,47.32395294448161,113.94711194943143,26.154380517735966,34.18607150744767,7.943338458628716,1.9972733275831847,3.62
Soybean,East,Laterite,1131.196152651575,28.613270265107158,69.77480282504328,90.58561232848085,28.683626084441673,47.87463233110935,6.554337380902376,0.261878552453957,2.32
Rice,East,Black,914.3737491167592,33.44056071928377,43.42995242815974,133.9048826898783,48.44454486705523,39.972753229097684,7.661679458187772,0.4948201837933634,5.99
Soybean,Central,Alluvial,711.979496554879,26.75853022479928,57.84731959074241,50.921528869329904,58.13451859931999,26.56591826946558,5.358077975318646,1.1238929452374922,3.11
Maize,Central,Red,1078.5503836315356,23.41711311031912,70.11777827736952,67.15703323675817,35.055724594715194,57.72503328163492,5.42427745262998,0.4032764559029698,3.52
Maize,South,Black,1191.0198290199473,28.991892096936983,57.02354828512176,67.23938325342263,36.89422923668891,45.998355986482785,6.177911811977497,0.5949932372391765,3.07
Wheat,North,Alluvial,1002.0679454486918,23.574963426451234,89.49880731808406,84.57069039574337,29.641818261270963,48.839938087612516,4.7661877942397535,2.4074651331524133,3.35
Wheat,West,Red,1268.6313768980215,32.996701111451856,59.77946210415087,83.14367405664682,58.47492710926497,53.46299243609569,6.752303330617869,0.6565667564865622,3.07
Rice,East,Sandy,1454.1669063112195,29.57359624527747,77.01182685622585,89.72123917610048,49.85066445995099,53.571403236709365,5.891693269439933,2.0277857030522144,4.61
Soybean,North,Red,622.093539802994,22.694693321124433,61.03207515295364,83.49896904889974,23.275797289611592,37.52967953983477,7.100857789884573,1.3640471733477648,2.97
Maize,North,Sandy,1088.2147905157224,20.76411019880644,66.97500524915476,93.93394008144426,64.91316098546031,55.75730903513733,4.951285579917737,2.918801088335763,4.63
Rice,South,Sandy,429.00040017303263,27.781743499502408,59.524529782497,67.90323273582867,91.75832180620968,37.56324862835981,7.421819987535683,2.7783778547592686,5.24
Sugarcane,West,Sandy,755.7853585525497,28.277491719025228,67.65718223514224,91.68939079271817,13.005737178455547,21.936602673307302,6.568447464497953,0.44016493119014505,97.4
Rice,East,Laterite,1215.9591873850425,20.776250927859735,90.89971932062574,150.37524081405763,45.23352145009289,47.476223312929825,7.227208977832782,5.737848909780594,5.47
Cotton,West,Laterite,985.9584773839093,30.928720239797823,88.14736615365617,80.1126359728652,16.803466335075594,60.330826155437606,6.362318968069631,3.2410689598895113,2.58
Rice,South,Sandy,516.7304741300438,30.326252816512707,57.6924691201349,43.892861461153075,35.55191066548458,29.972566711696395,5.166652764947213,1.5212064489116348,4.06
Cotton,Central,Alluvial,1314.9733492031196,28.707814069876438,61.56492003503732,64.32239328721722,17.995138153477082,16.283121163646946,7.556887118217313,1.640861464527142,2.51
Cotton,North,Sandy,837.0298631855082,30.789039614547473,65.7625869945209,68.51170050619655,62.0544013457083,41.89603165505387,7.099195194524252,3.5302733624271454,2.2
Cotton,East,Black,1255.266168627442,22.051432110402907,74.63130573612617,57.8532969343314,34.47952490311993,24.297299869134847,7.267876756679142,1.3238878684244062,2.29
Sugarcane,Central,Sandy,1153.8045924204948,22.34282354944937,92.81728028053757,83.05550691681427,55.16278661295506,31.481840712012108,6.600396519295786,1.3020426939523704,93.18
Rice,South,Laterite,750.0616656778229,25.701354413044584,84.2891407806182,99.97512453259682,42.583889196501424,41.41742057904408,7.970264739468834,1.9895027955960467,5.28
Rice,West,Laterite,1260.6718353491835,23.827787052840954,60.99863992417881,47.49600672494096,65.56233889414038,0.0,8.516498262713485,0.18490622468564796,4.0
Sugarcane,North,Black,1095.5849920598378,29.51080126013163,71.04511703572716,37.641945459207896,21.846368213837245,33.14420700736989,7.6010646397633455,1.74521833003758,102.97
Maize,East,Black,1052.5143049806554,31.02758208756103,68.38584706477555,141.84973604642514,7.098530159717242,34.24388635499186,5.368359243738541,0.5069684268721455,5.41
Wheat,Central,Red,859.5546327892844,23.48256392168157,55.91350163289029,56.55782430859412,31.32092722907182,67.73960363927792,6.702779426813409,0.2481904968862412,3.11
Rice,Central,Alluvial,669.1827881561701,22.66097994361027,80.20316471229688,115.335751596467,34.394007417261044,37.654694524186056,5.96522260735381,3.379282894082146,5.16
Wheat,North,Alluvial,874.3959808584907,31.273989575203803,27.289740861782505,99.02852681507764,16.107561071152247,71.98100959138694,5.420833723325782,0.9619408120613048,4.85
Soybean,West,Alluvial,867.8654960046956,22.09005210078504,80.0919403873257,64.91081850509283,46.4389678303113,58.5329743000876,6.4024805946931185,1.3975834888595973,2.77
Soybean,South,Laterite,1255.4856906198127,25.572215592468634,71.17802896686595,60.304954591343304,45.726783179848496,46.723534285067934,7.42176144705624,0.6947423634546672,3.24
Sugarcane,West,Alluvial,505.3046325851699,21.950597468106263,37.90311754750753,64.88653245034314,59.99970117852239,45.366660738280274,6.153737844956098,0.1,77.86
Soybean,West,Red,1441.2144669900574,24.04070697493741,49.373473145391955,68.95042734554951,55.52235263421307,44.876499636481455,6.03825334926505,1.1681975068131187,2.71
Soybean,West,Red,1457.6786252665208,19.468097924695876,34.01175314163548,95.48135288583879,32.51397889759845,42.03090830079087,6.256475167640158,2.774676628906959,2.91
Maize,North,Alluvial,807.6988592428913,33.4108757980853,90.45164294399848,45.18248835533011,22.641782857509966,17.79004935435788,8.170065809624809,2.8403720192501742,2.77
Maize,North,Black,1420.472143201454,32.06154423695239,50.1253627970907,112.04646676042864,14.284633570479656,45.21668161987136,6.921344255425092,5.103266964783821,3.66
Maize,South,Red,698.3254338743693,22.964815710743935,78.65295184637611,64.02076263947322,37.03921191197421,41.431145270140775,5.933962175612413,3.670212959270618,3.1
Soybean,West,Black,1338.1376640520662,29.315298780646273,79.18824963432834,43.4183283199216,36.777971007896376,43.1502917056791,7.899404023756494,8.07215402440306,2.77
Sugarcane,North,Laterite,754.1022837100825,19.821409829446992,63.18993733228124,84.62653391855918,45.77802061515483,66.12814956688806,6.605868684974317,1.6955290203065834,90.72
Cotton,South,Red,1310.0310672661933,30.108790618391474,55.03142008170809,140.08783907067362,15.535536400003675,36.88820948643564,5.829320396379491,0.1045587470266234,2.61
Cotton,South,Black,568.7820309667719,22.579874509102908,72.69148116021584,59.00856554421097,42.105791711612575,24.023444995761487,6.1093704756372835,3.9813331376734795,2.44
Wheat,West,Alluvial,1324.8556835546851,33.08788155678862,68.23138787875575,83.22169038041939,47.91395864623217,31.58976469925431,5.846291862534973,6.074556690759921,4.14
Cotton,East,Laterite,1386.5741716328846,29.554807287256637,79.04356552144826,83.53522504230182,30.276591327087353,52.530285646752276,6.396043629453523,1.2478878286175628,2.77
Cotton,West,Sandy,559.1280928696161,25.172252066665944,47.40040956216743,127.1335187898178,48.456958505979486,44.26634483352723,6.449834441833251,0.24193311081377555,2.36
Maize,East,Sandy,1527.1778328928458,24.959016632348895,80.33648453654467,56.53465492659153,36.391186149544964,40.69074857514269,6.659691049962683,0.1,4.21
Maize,South,Alluvial,1305.548950517437,27.72242835620524,85.21520332519276,103.40624529399143,57.77478904218811,19.397813653112973,6.07361592082176,1.9012994782864878,4.18
Soybean,North,Laterite,400.60237653094464,22.380394614036756,61.14847935670138,44.41719424880456,61.5069830710806,57.96831371473643,6.994140117579882,2.2029748093770283,2.78
Wheat,Central,Laterite,853.0119193060391,32.62454721461418,50.66023920836921,85.55803180527488,40.41222276343178,30.824867423801365,7.783612261589909,0.1,3.58
Rice,South,Laterite,1311.2805417042255,28.52991276078932,57.75071884350035,98.4218926931427,52.89417084168326,45.40760644032903,6.0311787020423395,5.9621185687657805,3.76
Wheat,North,Laterite,1216.9334835545635,31.821813651808903,55.39804729394907,105.09811406154469,19.724827352546047,38.49433014991937,7.5371089695580205,1.562807283443398,3.33
Wheat,South,Sandy,1033.5362709631834,14.751900628722023,62.28746261342329,45.79497353715135,32.87569167601315,16.174827227132408,6.663237280878124,1.8949121420843853,4.64
Sugarcane,West,Black,1278.3893949697826,27.08039459423142,53.92802465290157,29.676726928260173,45.505192701975226,45.55584677956827,6.379008052503599,1.6609170755000968,71.16
Soybean,East,Laterite,737.7912453450158,28.240323036843954,71.84761766473036,75.06379864166533,33.29298865831651,22.026783616107338,7.093436704113462,0.7623322526916105,2.57
Sugarcane,South,Black,1014.2088820642105,26.982702097198644,74.55037064764363,65.75387929579377,35.83728301632189,45.04681477261472,6.900898375646674,4.616838055608917,85.53
Wheat,North,Laterite,746.3256405391942,27.112510887799907,59.614984215331226,44.5144086022722,25.386377792345396,32.14127977515391,7.01755269644428,0.1,3.81
Wheat,West,Red,1040.4427780366664,25.394337625052746,35.68284942696896,47.359266584733675,65.98528915515814,37.12060746923903,5.948976798590674,2.7502613641460547,3.85
Wheat,Central,Red,1300.309287407672,38.286841274631136,71.64539109664989,68.04780687199674,25.659356549666768,50.643377928285204,5.700997419421686,0.8951726267616005,4.14
Cotton,West,Red,1234.4681438894827,28.216289461894426,42.87310224072296,122.72978939982812,51.568438579036005,21.072109873946243,4.813529044153172,0.4219947338200921,2.58
Sugarcane,East,Laterite,1066.8669212653706,27.612368001721105,68.74382947580209,49.206446502720524,32.424535483984,86.47847176491531,6.828911439640323,1.1457786615361076,97.94
Wheat,West,Black,1296.9081251787434,31.682858630028022,66.07802089537323,102.28742586302047,49.31958526420782,27.31635122326769,5.775038622891883,0.4413804190678353,4.93
Maize,Central,Sandy,1326.453404127014,24.204741437839875,60.065448228219395,43.21838874743039,30.57188633403362,50.4717153427423,6.042427437009672,4.06253345376427,3.78
Soybean,North,Alluvial,1539.1968614387717,20.561085761536877,74.67248846376253,61.159063026376955,34.69130117595063,53.52673815703385,6.421912887573204,3.175412031118553,2.78
Soybean,South,Sandy,1350.2404613642761,31.535896534187785,70.45347566179368,41.69469497509116,46.05165892858718,62.91148368144046,5.51656486860853,3.889776912442646,1.9
Maize,East,Laterite,1196.9269054233334,25.332459928231216,70.81522971902982,134.31796129209346,49.10033781318409,29.972062475491185,7.659389686037828,3.6142039480599366,5.44
Soybean,Central,Red,1280.2274063931397,33.80361787852632,77.31531687434912,103.91076857204648,53.17388725544726,28.778102732445547,6.280020799987017,3.4838108530845666,3.82
Cotton,East,Red,1073.0678242829156,33.49005420042736,58.80767988798921,97.53435029206263,40.42925851021598,56.45519214121044,6.9394436536483495,1.741791900071347,3.0
Cotton,West,Black,916.0151701019972,15.386769055535137,58.59825929535073,96.25837356782668,56.12156784254208,48.16758897128365,7.209342415436184,4.644890936027126,2.51
Rice,East,Laterite,1260.282648131058,27.361669680191877,81.15834862434521,59.817042870533335,43.486716119247895,48.50124313872113,5.068692108362459,0.12194237278321636,4.54
Rice,Central,Sandy,1227.1373007175166,32.38303240490228,74.62845214641442,80.88972042543271,37.747870602469085,60.963453740225724,6.216882263337433,0.6733937405133605,4.81
Rice,South,Laterite,1087.586581801858,18.223706001680185,57.95457643520721,53.867064604541454,52.67988537131095,41.43256896392466,7.17876776404493,0.47794706787488306,4.86
Soybean,South,Laterite,941.6217417521093,28.830297962352045,34.94392430327244,147.35384230199554,41.6103607075566,42.712926254269604,5.70791781183279,0.25812374403272453,3.63
Cotton,East,Red,924.9838431858775,30.289486968329584,70.88062521023747,51.88257028357999,43.56989976173,59.93917731341014,6.761451252139968,0.1,2.15
Cotton,North,Sandy,877.3868416780603,26.726166516755583,72.28861745368138,58.48518695268078,25.187104466680424,42.64312611101563,5.794998146633032,1.0304855881960722,2.24
Cotton,East,Alluvial,1376.7123476754493,26.76228280865822,46.81412005003485,120.09091014588799,30.363049618130713,24.786551787699395,6.827089795885562,2.5747155301889277,2.42
Maize,West,Red,1353.528087546297,32.991570540881575,52.27193989124395,77.38096028057947,46.11411732678709,26.52277653432916,6.066494767626297,2.0706337829862056,3.98
Cotton,South,Sandy,1340.6505690576105,19.527360865691858,58.882573654846,95.09879310110134,26.7586425716484,35.987873960375694,6.571640107038036,2.105632437600557,2.8
Maize,South,Black,684.4424223265378,31.155549799910556,71.7848812193655,77.96172137099768,40.427431391680756,45.34493579175935,7.530806604044274,4.380677605712922,4.35
Rice,South,Red,892.2127481304947,29.296380806524027,100.0,62.76610869423308,11.539784660100636,54.375034158224445,7.0735291974783925,6.309594343083787,4.76
Rice,North,Black,922.7826175606741,33.508590164863435,81.76568994820306,62.78842099030038,68.57909318707401,75.96373546103158,5.925104465691184,2.2825684844909326,6.14
Soybean,North,Red,818.1566589519264,22.259295030934993,42.373373034823146,101.56509256343605,50.11471602329997,36.30377211921379,6.928773650641578,0.17749626746594416,3.1
Rice,Central,Laterite,1558.778529580352,34.38356378515913,58.456806802769854,85.68427231374278,33.25929239962207,18.982182545549616,6.821334024389271,2.2583693315709197,5.64
Soybean,East,Sandy,1120.139336664803,20.05785623471539,63.5820057188429,110.07526921728265,62.61517676225231,16.077114103966586,7.447049052767564,1.6183509119962745,3.52
Wheat,East,Black,1098.5827575711128,25.347999451096335,72.5368240327213,109.75999131311313,26.62100408450162,36.78533346578123,6.579644024352285,0.1331339666079303,4.11
Wheat,West,Red,860.223899376528,21.184077457861118,52.81282201174422,94.42467787880544,31.58342539126164,39.85236608133798,6.550361472920265,0.594432329299472,5.55
Sugarcane,South,Black,1258.6275961444421,30.62367409683542,73.76795878471131,106.19213005024046,47.61283373730551,49.21836115122153,7.142374580260723,0.542830578629335,72.35
Soybean,North,Red,1657.4610278987284,23.190334334241705,57.30433852232313,93.42751000250296,53.970426903854026,76.71016861439333,7.154398881481745,2.963901725666602,3.77
Sugarcane,West,Red,1024.2853067189171,32.673612551350246,73.74401258894879,89.5114249294956,31.4135214518656,49.269575784106685,9.0,0.8468721891723215,81.2
Sugarcane,West,Alluvial,929.9455595365403,18.55944389078306,66.13690547374719,71.90153107430595,46.88119765934813,41.293184559476394,7.73854767419888,1.388953797802908,61.71
Wheat,North,Alluvial,972.8244571634564,24.77368488457244,95.68149857529784,37.696326015471946,45.048212990799634,55.02268576293152,6.52091655098673,3.080994385936563,5.56
Soybean,East,Alluvial,903.3844209115866,35.92983993285639,79.68232560166497,64.13581554587229,39.62384355015887,16.248650782901834,6.434974382945138,5.513876220327876,2.97
Wheat,South,Black,999.1401806679859,23.196441729835705,84.70831723871738,116.18007940908996,31.860677693171105,43.745062428981335,5.907808910235705,1.5453076690001044,4.13
Sugarcane,East,Laterite,816.5577965052498,32.29670151103106,49.13509871059368,87.20842972734476,52.63545415332413,15.591435285151658,5.3103977229426045,1.620696653931857,81.78
Soybean,West,Red,734.0353509731194,30.481546743433448,57.018565109488186,69.95098856698823,9.774650288863654,61.11577768452072,6.599930387304107,0.20155595598333959,3.37
Sugarcane,South,Sandy,993.6282827268983,20.462722333702956,69.9076247661098,110.04256692064178,42.08678102402743,19.744257123454354,4.798593509376498,1.3636942776599856,88.02
Cotton,Central,Alluvial,1024.3295811735732,28.056832140430913,46.49907453313007,68.8054959167346,29.747158153641998,54.92152508273384,8.083832333100117,2.3196994207916233,3.15
Soybean,West,Black,918.0656310885994,34.643384347732535,80.68075478031207,97.69416141554876,38.173710881023396,52.18440631164183,5.8583665646946015,0.4191025155565663,2.8
Soybean,East,Black,1437.0934858588985,24.950030209920236,66.95715023912636,113.24329476248428,29.590209429565412,62.10648070080215,7.5390932749701225,0.2359046759423745,2.56
Sugarcane,East,Black,1124.6471950942137,23.550323182700417,81.49893271614783,95.1830609219116,21.898157034734826,26.186527913546016,6.410692782324324,3.980463525324826,95.08
Cotton,East,Sandy,1222.7374443457568,28.642303201084466,72.23483374465754,106.5441205225606,30.31849634784344,39.12610750480681,6.96560972867867,0.24405632477506786,2.69
Maize,North,Sandy,1230.7067037351212,25.92614613531289,65.67294556628543,91.81542143696747,31.679108701491806,54.74294997066113,5.490708479629359,4.885448289161849,3.34
Wheat,West,Alluvial,1031.3937838242625,19.520173773601506,63.15980603934449,32.380940640775265,36.52816065890583,45.210116553226904,6.974663796098101,0.6394638315483744,3.08
Sugarcane,South,Sandy,1065.595439500699,25.89096854630276,53.46718781971498,112.77027931230762,39.82205151002077,47.36353195110494,6.615519179440136,0.8008466852933411,84.01
Soybean,East,Alluvial,741.9496924475123,24.573443897739406,52.57454549553003,100.05951108073484,49.40432196816107,51.06622123467678,8.073196251981171,1.4913228952552007,2.84
Wheat,East,Sandy,1196.794853913786,26.329783940368056,78.32998971573419,72.39164651107136,62.22875323851286,35.0159008321195,5.491420290381594,0.4167653369122197,3.69
Wheat,North,Sandy,900.0055915854219,14.983272270473478,75.02028836865391,65.3117945258093,41.016302187120054,25.556722368442948,5.453792192627624,2.333055083968768,4.5
Wheat,South,Sandy,808.0745854558729,28.82162877449937,83.51105483722807,83.09000049270499,24.341188877417586,28.139560135715218,5.688412095279199,1.4842223814029156,3.78
Maize,West,Alluvial,1390.5897962184695,18.830297834104925,56.814886556552416,50.0180144935987,51.63545706861971,38.66066757504657,4.883929600746646,5.841728890689381,4.23
Rice,Central,Red,600.3276838641763,30.73346662044345,81.83883170356278,103.57224334579772,43.97519358490419,28.81602164845973,5.833938072165383,4.843122433409281,3.14
Sugarcane,North,Alluvial,1515.7227327001342,32.360542370485774,62.351359528406434,76.22428166879735,25.037556242124175,35.715241107525515,5.74491314076933,2.936859375332615,88.68
Rice,West,Red,1491.9791969069086,17.071957705936583,73.699014974781,57.52042834046719,41.13267362133976,39.645560918436715,6.481841956350882,0.4086749795709389,4.65
Rice,Central,Black,933.3276788462957,33.47508568401187,84.37300120696894,96.61222815378473,50.14000701405277,62.77892606440858,6.54187905786624,0.48106717830713636,5.89
Rice,East,Black,1535.559723561977,26.41564540919434,96.0655800136249,91.86877415844087,27.32000079496394,23.53299822784036,5.316218191480244,0.625244235971574,4.54
Wheat,East,Alluvial,733.4972098642728,32.38480559610031,81.08630985488587,100.4212905642429,31.535028405666196,28.620269368495727,7.471368451293121,3.593274958072055,3.37
Cotton,South,Red,1298.226683353089,31.65574265686232,68.04224320518901,47.88789804395604,41.13629889966613,39.36365909422499,6.973546653929406,2.0879388205842266,2.42
Wheat,Central,Red,1005.0398907429815,19.773599982951033,73.41435959726523,98.41969249662566,35.63855289760988,24.54638992264443,7.251211810458958,0.3861508695669271,4.18
Wheat,East,Red,458.08183781555,22.734571013188248,83.73510911186571,124.6634955638427,16.787729663366083,0.0,7.4650392173113795,1.2259309078431144,3.48
Soybean,East,Black,810.6967131745864,35.07106127756633,75.64852109856992,78.92858872415304,75.17497762870323,30.76475306361769,5.7347685925358975,7.369799287580168,2.85
Soybean,South,Alluvial,947.6491929923375,20.797139544251902,59.01124421230077,77.34108563206492,30.962803108496907,36.072981311650935,6.048477007198592,2.635408976856546,2.76
Rice,West,Laterite,1233.701893509756,28.804622481946648,74.22182673222562,45.24239575739988,29.49209285889187,42.73033295016805,6.82049572020838,5.444878804232439,5.76
Wheat,East,Red,856.8752768249446,23.220538812234754,84.55463342715922,82.05191118239662,34.33552069567113,25.471183687525365,7.544969160777306,3.3092653587840126,3.9
Rice,North,Red,918.0564341768893,22.480079150481593,92.18644996993248,54.41894740041846,38.32265288548029,65.09374409744015,6.76533903576775,2.582401024180655,4.71
Soybean,North,Laterite,1162.2951466605903,26.906603828399916,65.93204707142074,109.18934803972874,44.65889618705661,51.650540292052206,6.5091111577695235,3.542970423099331,3.15
Cotton,West,Alluvial,1146.4288005111514,37.95683147905802,48.24861404592383,140.6603807989503,23.80070795825638,23.380112089056563,5.979198826834593,2.3590151215689037,2.36
Sugarcane,Central,Red,972.4823243008676,30.840452162361146,38.30486837813674,141.293797129025,58.69650922916536,30.82953446572148,5.461893423812956,1.675729717416518,97.55
Rice,South,Alluvial,909.1463718519365,21.7315358803119,76.93456445668936,58.598687669715865,18.49204641737397,29.69673170502673,7.4403852837567594,2.6627499831432506,3.94
Cotton,North,Red,1281.7919390884063,27.97725006719223,41.99852129168861,61.55778925063006,33.14868393860137,23.912378458100246,6.219427342092103,0.5213394881012932,2.34
Sugarcane,North,Sandy,907.4600049008145,17.702943361280834,69.80060553466184,95.12901389423011,51.30278212363483,57.21421516826319,6.562238842119859,1.3480585756599415,70.5
Maize,West,Red,643.1841929603879,15.72641607382445,81.16516189871778,74.25093211796728,50.376329981504696,24.00019806593848,7.877999423785647,6.047864588560257,3.56
Rice,Central,Sandy,881.6798651803979,27.845634115426705,62.55231885013935,80.35047407678309,0.0,41.57340965567215,6.232445108483359,3.3069094460386808,4.83
Rice,Central,Alluvial,1164.045001251911,30.574733433911717,42.56084843287469,141.35856556572259,38.92087227873756,32.21816209202639,6.578499536227579,5.21551360571502,4.29
Maize,West,Red,955.2128164770328,34.80508997805238,46.10087961120702,52.905440754210545,40.65033648635863,37.00908740934823,6.147328252770401,6.849859473658992,3.95
Maize,North,Black,849.1708232907399,28.864592780704214,51.20275387963054,86.66665224319777,43.363430165037066,55.437316682993135,5.481499689315817,1.7694168345837067,3.64
Rice,South,Black,623.5590696737179,27.031963515433304,63.13915192495501,89.51841621926395,30.78953860644295,44.763746303804574,6.789874407053354,0.4367494104264054,5.78
Maize,North,Laterite,956.8190016552688,25.305521625437905,83.06221072089375,106.25152711493212,36.04811023511656,45.45294263195701,4.954351912579512,2.7022418374224744,3.76
Wheat,Central,Black,1068.373854955928,29.639000582254337,65.17635155837154,58.43428530414621,47.61200414862575,44.74039393042064,7.681604431414556,0.1,4.79
Sugarcane,North,Sandy,697.784676288379,20.920313747453967,97.29946773893532,117.08501803388214,51.058903049597305,47.25191744414594,4.876406874091466,0.186735421378231,96.77
Sugarcane,South,Black,943.2138599056681,23.60861004389447,80.6131887552429,86.56085951500084,18.326556165208896,24.27702910785709,6.303125217089,0.6740651685797656,72.41
Sugarcane,East,Black,671.8313074561344,21.091058675873732,69.43220929990261,59.28069163131212,46.84912649605809,29.79356867040543,6.1025177229569225,0.1,77.1
Wheat,North,Black,961.3665096339726,24.37910087517896,63.926639053436034,75.48404632599588,45.12870466633542,45.55720308291519,7.418190941528813,2.299936697637904,5.12
Maize,West,Red,1517.648608653312,23.37617659640116,57.53499213844328,105.06322552848258,52.55919039754757,29.156484482865658,5.951320188012311,3.392001165823312,4.36
Cotton,East,Laterite,1051.5139823520317,23.037538388372667,67.23938556941127,132.06543986292314,26.91299384527087,34.72184079694221,5.25177887390934,2.8029670742867214,2.16
Maize,West,Alluvial,525.5279904261874,23.800619570002354,73.13536747088742,71.21546071621037,46.53852876093003,44.11359147517476,5.474605393142717,0.31209310291337955,3.92
Rice,West,Laterite,1099.3390834434024,28.054036943483126,69.81819345512046,132.90162204445306,11.87022375074049,56.56018316744448,4.833310392132991,3.2583171260453496,4.48
Soybean,West,Sandy,1393.5442549582378,33.34497987571354,57.5208680681403,111.05867626230139,34.377863959318596,52.81557072604519,7.227491343823027,3.526228003998653,2.88
Sugarcane,North,Red,584.7830466280493,28.441341768711467,49.52116527085757,67.23380065940326,35.09017118382339,63.98114371303854,7.997030272863562,0.2030207691063032,101.77
Maize,Central,Red,686.3520348047733,24.133664425819248,92.93848622396742,95.06090901706645,41.17813479956298,42.199188396147605,7.498022273130719,1.3560720361426013,4.06
Cotton,East,Black,1077.5045432811894,29.190036125178246,74.51371937833363,101.80178298937876,50.86555943982582,41.77107688546995,6.562208320514245,2.330306639470283,2.15
Rice,South,Black,973.8653642042997,27.551173851930468,70.3325402918148,74.00770003408854,23.57131366762901,30.075270583333918,6.797576526583784,1.044060494810172,4.78
Wheat,Central,Sandy,1363.3508111100123,27.846343681648037,72.59581519080582,63.89052737473374,58.00939603783761,48.31932558690522,6.24901761072353,4.401249294501983,4.85
Wheat,North,Red,945.808884167447,26.884285545175242,81.5204353854109,76.66023520510477,4.770923279521774,58.82094123604281,6.084158257419947,1.5063956197524484,4.31
Cotton,West,Alluvial,1247.634249696771,35.628710760538915,57.98200196252006,70.31627888668365,14.670943253029925,31.56400146942198,6.9255777322466825,0.26049004123940256,2.27
Rice,South,Laterite,1458.4309788138971,27.493983937398333,63.05524197426245,86.90078964994703,54.109722769835905,46.68903876597035,5.467618841191194,1.5118935960332922,4.41
Sugarcane,East,Red,739.723194767395,24.19323246043665,53.712483140963236,134.56577340185507,41.558616649190796,56.783396518491884,6.9628488456403606,1.7228446595490607,95.46
Maize,Central,Alluvial,1224.3016825833556,23.11399047975879,64.89216022466513,91.4672236054703,65.60019185801256,27.483338199201615,6.491128245596617,6.142202003720275,2.21
Rice,Central,Alluvial,879.7415702286736,31.507103902673983,54.860857968958555,125.22038421195856,51.489527609258026,48.234628185185265,7.057217782545944,1.0963222711240865,5.1
Wheat,South,Laterite,335.42927487235124,21.06766546861019,49.90439563514872,94.2107636432243,40.18544596483036,49.088165701414646,6.936749607642272,4.470463096109694,3.35
Cotton,North,Alluvial,1142.9127513451651,33.784957511950736,40.7047277237328,152.3338396181124,32.61800644311241,6.588958360612992,5.549303191362735,0.7712373476021385,2.08
Cotton,East,Sandy,1179.832310620826,17.416669150690872,89.87054951267875,59.66077532336888,30.588825724393708,31.965839759310914,7.13310149570884,1.2040686835083763,2.41
Maize,South,Alluvial,535.2271904713289,33.13141502662839,59.98185051147022,28.3576135154779,45.507196009623634,23.26794404282804,7.749735669451856,2.2495265844732084,3.36
Cotton,West,Sandy,863.8212353586913,30.986153176717675,72.30132933015129,86.82975534205221,31.27573264403325,32.32244011172879,7.145004223091862,4.334457502782311,2.33
Cotton,East,Alluvial,813.0984529004728,24.802177462217312,66.44537646945986,89.98314547677546,43.742243723387986,33.74956974216522,5.791654895238668,2.975476838473026,2.43
Rice,Central,Black,1242.9963238292055,23.248995501525158,72.45839217296708,119.40525720418432,29.863231111734194,39.43961591252961,7.224637924337117,0.3379284969669546,4.47
Sugarcane,South,Alluvial,535.2425699209693,33.16074485097967,34.94736109168303,127.61150780152448,43.03762641010875,53.59958200996286,6.882247153298658,0.4305927582394147,66.09
Maize,Central,Sandy,1032.027641282601,35.997416211293384,57.95170534427153,41.02221782216722,63.09267884633073,58.29523758246182,5.018168486939839,0.1413104454490745,3.53
Rice,Central,Alluvial,298.0919850768213,23.931998740787222,82.39311866307366,75.69437911045114,48.31746214389619,42.62278778469888,6.33654164684576,1.9429669688542521,5.01
Sugarcane,Central,Alluvial,1113.8529348326142,29.902185955168974,94.14601735081392,83.47551005517728,32.97159235938414,59.46882923289979,7.177384683917122,1.160823711619279,75.57
Rice,North,Alluvial,1037.5386892601452,31.897484448933906,59.53227437828902,51.15929769767875,45.26133156969596,52.45480336415913,6.4590356113311245,4.172308452096129,4.37
Soybean,Central,Sandy,846.7118176020596,30.014680767825684,61.2611214541735,76.50307265035039,44.14776624914665,38.718174739452095,6.94500455255457,9.095436677220782,2.9
Rice,West,Alluvial,1428.4891676472937,27.27156579366964,80.99623269345717,107.27148797327544,43.10072671534247,61.98972757297105,6.05496861026309,4.216627424880499,4.88
Cotton,West,Laterite,213.0550283277571,25.050850763345167,71.6109216491615,109.05948057658739,45.7597554507372,41.00440456441089,6.752386250348618,0.1,2.44
Sugarcane,East,Laterite,994.5535220224765,28.3900507614042,65.44456358826974,89.36254902987989,53.61043627273835,43.71506449041364,7.509989562971553,5.777661188181226,91.3
Maize,Central,Sandy,1359.2795675848552,16.571437156514516,64.03172759983342,122.40056242003635,56.12151781644957,25.48006942226374,6.914569988403235,0.2173741551801369,3.3
Maize,Central,Black,1038.6425737382224,33.70372324482687,56.44285298476232,88.71229808710625,40.032951244495266,45.39955516438912,6.719775941361108,1.1855360056632125,4.13
Sugarcane,South,Laterite,1409.8198442987655,18.46621590634761,55.918230709335596,111.97893025362843,19.330320702357266,46.3282074260732,6.592296175162912,0.7057361464634719,82.67
Cotton,North,Red,864.8279615244062,22.807559262114097,66.98060520027495,59.040432380683754,41.2720586921092,52.99261736815275,6.448425756766042,0.3402603085215531,2.7
Wheat,East,Laterite,949.85184788502,25.313391783907786,69.74989717925762,60.69341232055433,37.63576493310336,36.621963684576656,5.925644448455703,0.3756431383468488,4.1
Rice,Central,Red,1369.9770795159961,22.006607129832545,70.53058456406634,131.92863879726653,48.262700936363245,29.082688292421008,6.250631941491607,0.8487881486908474,5.3
Cotton,South,Sandy,1268.3661221575087,21.358754943941086,54.7179863909499,67.80402808587455,21.837929413823254,46.13876136986234,6.656124739270986,0.1,2.75
Soybean,North,Black,1719.7759924470256,34.04738150673175,84.98895978316862,105.34106160282569,47.506745416039806,51.091941030350725,4.923760134712352,0.13368273437435108,3.04
Sugarcane,East,Red,1030.8450361762586,35.98179879526222,40.68078879415124,66.82546692341263,41.914984616496,34.93935368810437,7.528883248669156,2.5054852068012208,92.88
Rice,East,Red,1060.0739277817622,34.74258223149603,72.94424277160056,89.75469736694583,25.387279538973274,27.39449986486708,6.093487553741152,1.9682435958013824,5.72
Maize,Central,Laterite,861.5799774928918,31.17758829245105,56.90099974036192,76.60532300578629,8.891244944230706,33.816438200652804,5.557341533820128,0.2092943386653834,2.91
Wheat,East,Red,938.7838638630467,39.32276360110985,52.01163339057658,97.90334532402315,53.0385304913949,63.81342287341331,8.107926665427662,1.1324808815878864,3.6
Soybean,South,Sandy,1323.4196690177819,25.66849030355004,60.12758509794539,97.77090204004024,25.163187251033065,25.394027549338112,6.661373150248328,1.871504422342538,2.8
Maize,East,Sandy,999.9203885268083,25.188617954561423,41.12585061601675,63.4615851634792,17.801179701169165,24.989968915920315,7.369228906194039,0.20549118859511742,4.36
Sugarcane,West,Sandy,757.8125519158036,27.056327067976813,70.31411776694382,98.7473338563974,31.53113838237266,68.02608886134041,5.967899142275688,7.150869832704897,91.07
Rice,South,Laterite,887.1844553806676,34.14520302307257,89.21726456727136,51.437636878459884,57.569631226866875,37.6500145103129,7.407588751633961,3.7743789474755705,4.0
Sugarcane,North,Black,972.9014244253522,29.930128933533357,55.33583137117528,123.14430245957503,42.929569354486546,21.655944011686497,7.081428089956178,0.5155906551778955,78.12
Rice,North,Laterite,777.2466194115673,35.637364040697506,100.0,88.98097717436521,46.670250545751244,18.794130331524784,6.247662574275933,1.46320787727576,5.08
Cotton,Central,Sandy,862.6122570531306,27.32659774679234,52.08708116730873,4.304994848284508,39.281867996691375,48.60856419093447,5.139679685930847,1.4172702214282191,2.31
Wheat,Central,Laterite,700.0617114906845,19.507159347720304,58.65145496111966,47.28765353940245,44.52322078040375,45.02853401102328,7.342156290973438,0.8135644624561856,2.95
Cotton,West,Sandy,873.2185595228364,23.63376911242673,85.39716673304011,97.10978017748207,36.93741515722904,48.73032392219279,6.3432369512581985,2.851200933492633,2.31
Cotton,North,Alluvial,1349.8627452924543,32.12365705899128,47.04311484453048,104.01577757740073,32.93748475099276,27.079025273751355,7.442344015095568,2.147562085818215,1.68
Sugarcane,North,Alluvial,1014.5168185696873,24.526897538851337,61.60070740004267,70.23198068911147,30.39295994108464,22.186797941943713,6.2201181897615525,3.9933994035303355,98.22
Wheat,North,Red,1738.3958180923173,27.476807694496898,90.78577789280723,83.9256808375204,35.40305079972918,48.08374292312082,6.440917648673218,0.1,4.05
Rice,North,Black,770.8403821027517,28.233818369279586,47.31615929277488,98.1409702887742,76.20135938187912,24.312836775052276,6.788591615737586,1.852696079027804,4.81
Rice,East,Alluvial,1145.648348601649,36.0409184519802,73.8582819399713,112.7782888066701,48.55600926856576,37.52584771713148,8.082559592442543,9.85553329815602,3.7
Soybean,South,Sandy,1066.6617470744152,31.397259778635274,72.65879185254902,102.69633922019692,27.133770963477897,26.721363155280653,5.855824454103169,3.1137335953363268,2.71
Maize,South,Laterite,1195.131853670207,30.41650038277465,36.15895151703597,65.99026193140473,20.04240818977934,64.72214924741729,6.163943553676641,0.8441523887737266,4.14
Soybean,West,Laterite,818.1792424027838,27.78987709282746,55.76649606133991,114.10712369150792,38.64672014605883,53.835467430803384,6.063111407562876,0.3394440409706548,3.0
Soybean,East,Red,889.4604487197415,22.845321558369683,100.0,25.666842315544734,14.360508935383358,79.52338941901282,5.9957112490039,1.118210276186334,2.61
Rice,North,Laterite,1122.1767344642462,28.2129715757096,68.35693055824684,73.00468695253701,53.592001370005974,49.58060632732632,6.4526230336723875,1.1042309775701589,6.22
Sugarcane,North,Alluvial,848.5992230786817,37.8786726357733,70.75752226751123,95.50108497635696,1.7070612248723478,44.69816428825865,7.393529038105365,1.7602723682872943,62.26
Cotton,Central,Laterite,467.95918009705554,29.56616237825053,68.56903972583049,49.84853528380076,35.3193197432072,50.19631323902534,6.202144296516159,0.1366987677645608,2.07
Cotton,Central,Alluvial,1393.1354665130316,24.242907503511415,95.64201527609755,81.37418254370576,12.999655213389296,16.402018240996817,8.005365899471252,0.9794056486844103,1.98
Cotton,West,Alluvial,1266.4285192969853,24.90697735000341,50.3933505657222,93.83269062917579,46.718481192393085,13.257579808913214,7.553332145642048,3.859206141794523,2.64
Wheat,North,Black,874.8588097090686,34.09316782125984,54.823106719541734,60.605545667414326,28.630078135497037,50.67157989722659,6.414106807103932,2.063528684621929,4.08
Rice,West,Red,1065.4951579210974,24.33752371223503,63.33866901421663,84.76120180345261,50.569304395737,31.286211923986105,5.914200082429406,1.14078778875884,4.82
Sugarcane,East,Sandy,1302.049162873921,25.995991774725255,73.33600977007276,49.42821787542171,7.542198059285894,39.99215279095693,7.093005706980034,0.7428517288940696,69.71
Wheat,South,Alluvial,1403.266369839957,21.29018202756827,67.30562623082898,105.1407363768223,56.944040583038564,15.567228206832596,7.689887618994523,0.6563976577651375,4.17
Maize,North,Red,1031.2777927046163,25.610297954230845,67.72985488427362,93.33346611734558,45.266662529097175,32.22031918018467,7.33020104573931,2.7599783742186204,2.82
Sugarcane,East,Sandy,824.3921816567791,29.365022752444,56.71720165620694,98.46851403584937,39.47855712861478,34.57971005903289,5.951565585197605,1.119608144758522,84.26
Soybean,North,Laterite,1439.2805366665086,25.51741872446157,74.10666572755078,78.26569678319446,27.364398359490096,53.872983436493755,6.379052796694655,0.5653260896188012,2.76
Sugarcane,Central,Red,1028.4157762340913,27.123177761049746,36.615849750558624,38.35107549659571,35.354007109698465,41.99557925455227,5.338815522823208,3.3503178223282086,94.92
Sugarcane,West,Red,955.8405980477237,21.23532949793758,56.786641402003944,76.68178947247415,50.756928867191014,19.299139988279126,5.446166674936412,0.6174233762500061,92.81
Cotton,Central,Red,1078.963969108579,24.214762237539823,52.682275260967494,123.15370545292461,27.466933732032896,32.19036584033007,7.269207340088993,0.1332189383101609,2.77
Sugarcane,South,Laterite,1346.4180159205607,37.66089262047023,48.481459309653864,105.40932021833208,38.32438117303287,56.63890376638312,6.97374873406588,1.5885569431670252,90.16
Soybean,Central,Laterite,988.3603856675154,26.330164521170246,38.28999377413081,123.63258808552453,35.490226671926585,33.22849136332318,7.819949452177869,0.6543776370418967,3.69
Soybean,North,Red,1295.799780080882,28.814627293614578,68.48774206293987,81.38301636022355,42.724189759762666,53.50755821382725,5.558073883703243,0.1,3.36
Rice,Central,Black,937.4373536498073,22.98958350439515,71.44391239976494,62.70235273526943,19.08869285384726,31.796853682250365,7.585278262080456,1.392539818970018,3.77
Sugarcane,North,Alluvial,1182.7166038732457,27.258616923833554,71.55087023273538,94.66550413786385,61.77984712993304,45.02313463847648,7.546303563388217,4.498923996058026,85.96
Cotton,South,Laterite,715.573484086661,25.646814658682278,79.11952451384693,75.19734182069958,54.048383034584084,40.881237955051574,8.163426728441234,2.066402209387391,2.6
Sugarcane,Central,Black,1320.8828237369662,32.50142914541258,81.73222167531542,66.05111065937835,13.409369981535953,38.376074840514974,7.199131112659885,0.1,85.45
Maize,West,Laterite,797.1875187690737,32.26398233110399,34.41059672165579,36.63097479097935,10.535908543475543,20.321565738176094,4.5,0.9520964977834289,3.17
Maize,West,Red,1137.7861293062085,32.79216910285733,74.46396919118294,88.3565208219137,61.08805242512062,15.798105414752825,6.94536286324283,0.5674891947747067,4.03
Cotton,West,Black,554.0295321220206,27.401475256843437,67.73739145896259,103.42561146995453,40.99608770719286,43.649828315170225,5.014946989956085,2.2200089900104025,1.71
Rice,Central,Sandy,1007.4442993949525,37.1992428737032,67.57037277231866,50.87965571877256,12.971632083085204,40.555886257126076,4.752408236894006,1.2209597489235529,4.42
Rice,Central,Alluvial,1056.4369575584433,31.01892700498446,63.1420509794855,117.23026355455514,32.583160840941886,32.006379695149285,6.72105950165694,0.37925720522600265,5.81
Soybean,Central,Alluvial,795.6022537172913,19.852321067745592,56.74409545780209,86.24147875445931,35.65288822510482,26.880442531027967,7.139406196665973,1.218670745033988,3.2
Soybean,North,Laterite,967.0676082699471,34.71239579382217,72.91822810236864,82.75844841561256,49.585962899782075,60.07782044964888,5.131764122905013,5.35875675629058,4.11
Wheat,South,Alluvial,1078.6302509553343,26.971238365690652,50.294203107006524,49.51519055684932,54.17461084445848,54.85666852712447,4.755260823481882,1.0579738297098926,4.27
Cotton,West,Sandy,1168.9805957634783,32.69232128866203,81.5428352183804,93.18755659879331,41.88118279994918,51.192121730856975,6.1560274960561365,4.085543124537541,2.45
Sugarcane,North,Black,1030.0429325695259,21.735959433741,57.53506410804984,51.181948766804936,37.4126828017409,64.18318064065355,6.918809119744113,1.2903912055716515,107.99
Cotton,West,Black,1399.73314842349,26.643918975885917,34.38058078333934,56.12667027788068,32.882572137605266,23.520012469049767,6.487769095550652,2.834739789883295,2.06
Wheat,North,Red,1347.4786886740103,30.749777330771742,66.68912591355914,38.18979099922644,61.11814996349279,44.13454310179624,6.228154927507148,3.0821507673935513,3.67
Soybean,Central,Black,990.8136605809532,28.21984923568337,47.338901289344996,147.5100830096827,33.665345396093734,19.155132870738306,5.534797078672445,2.8604524341935402,3.11
Cotton,West,Laterite,600.900744115989,26.25294847534408,47.026995033478954,78.79516931922083,47.75312365535228,33.96294131038745,6.227864112145689,2.034977674649641,2.13
Cotton,Central,Sandy,853.8771355423439,14.708220053819801,75.25695631529422,64.75798207944624,23.896898968349472,35.3490094460425,7.299862017605537,6.093557866375647,2.45
Soybean,West,Red,331.262231182694,23.30075210215898,79.0204913227337,78.9538274047336,20.99777526409419,29.8054427282418,6.647742512902672,5.2782945348644414,3.16
Wheat,East,Laterite,945.0610416161979,22.113982798740885,63.364695625144016,67.44923409912965,42.862332663035104,39.40125057193058,6.763052619309663,0.721319256174411,3.76
Soybean,North,Laterite,1420.5260326912103,17.69304338403613,34.80773625641552,75.5207220879362,34.307572785576156,72.26359551587854,7.921742874904507,2.372666465204313,2.99
Rice,East,Laterite,1237.3026129319655,23.452900552648366,72.9712877634776,89.29616519503601,19.37720857118633,43.9232402697825,8.088199364426293,2.1859966025558135,4.84
Sugarcane,North,Alluvial,1025.0531649702916,36.293575952635805,60.20678043877491,69.8427874522241,35.17142619175921,54.70055695989572,8.012030796822675,0.4469398374238356,87.79
Soybean,South,Laterite,781.7607082978219,32.788093405249064,85.67393307637813,83.10011314169216,77.31618532652706,41.54889699844652,8.636274885433625,0.615954853602918,2.76
Wheat,West,Alluvial,1036.691287026557,22.824091693321044,94.50698270212321,138.32386188377063,39.438806365195106,14.878698837280453,5.813809494770045,0.7443140571269086,3.82
Maize,South,Black,1639.3682428296015,24.058394825199514,42.43594013076318,34.164796066237095,35.50191207259858,30.539452415692892,5.545386712939613,0.8056961429477517,4.13
Rice,South,Alluvial,1446.3095811563728,24.068635872085988,100.0,51.54060042398053,35.52712033083982,31.974073302665406,6.93631577199275,3.8532720586634404,4.02
Maize,North,Laterite,954.91142181966,30.780260103759513,41.626189441563824,92.33840824693543,57.98015093097575,39.36297623859781,6.2897642645402785,2.832296682190424,3.74
Soybean,East,Sandy,555.4158960781967,29.02499099591418,56.92453864336979,114.2108557717084,37.82218123242655,49.06739345102178,6.529395505928742,3.2977552942268806,3.54
Rice,Central,Sandy,1662.4288886586492,23.439407322837432,80.39440592196549,154.80576838097707,43.72481189117616,52.922275859172565,4.857685335210254,4.88426636149264,4.92
Sugarcane,North,Black,781.3480123737672,24.016777935525045,54.17524858993479,90.36278297409307,50.751243589693246,45.2324150320783,6.762546304403612,1.4445014493688086,121.71
Soybean,Central,Laterite,1159.0226012798153,32.40643396330226,52.80000170246786,49.52391905240975,59.562454516880535,55.90730051748303,6.170720778102552,3.608863040606171,2.55
Sugarcane,South,Alluvial,532.3849402921588,34.62192284768243,39.40328665375833,117.63341891312868,29.087408828879674,30.213057078804738,6.19292062654765,2.3771096340256808,75.66
Cotton,Central,Sandy,903.0745809417529,22.516933655018995,44.96519265521538,83.11504741582421,25.56460952633482,48.421969710903554,6.384090089880629,1.2502048228541331,2.38
Maize,East,Red,531.1649810041828,26.414877011717195,52.78490118482219,82.14886747772913,29.29058798626805,47.50741462235221,5.223345666738319,0.430980815898358,4.11
Rice,North,Laterite,651.4343692013084,27.64206891340084,76.61601410228072,31.42659862391921,49.795884620034926,53.51432956215775,6.006727601608455,1.1251906490904724,4.57
Sugarcane,East,Laterite,722.5853501478555,26.054949902548064,90.17772343515351,109.2133245929808,51.51518815282826,29.004633792584954,7.6831189883569015,0.4628015194884907,96.97
Wheat,East,Red,1143.1013581045133,32.65131675938873,53.62122930241498,56.969481687996165,42.939764082198394,67.6192486959065,6.765903694576881,0.6770135554692553,5.08
Sugarcane,North,Sandy,971.1729472007792,26.238566891061108,58.98841305572003,94.17253544712835,54.68674491384107,28.183706619569588,7.6569377374708845,0.6667946154769119,61.14
Wheat,East,Red,1813.6777321147267,36.540671218413564,50.091933961848525,81.68162371533789,51.530060495987485,33.046275806312465,5.552197701833675,2.8628623278319596,2.78
Soybean,West,Black,1340.1391975786228,33.00488765422824,42.076651334218404,84.98750598979743,30.672922120095375,51.1901950955085,6.702099898319959,1.4176952877891362,2.69
Rice,West,Alluvial,1346.647313463231,23.568134203972065,42.11709708224859,81.29692770796981,17.50648737527473,16.452215244937683,5.641489503719464,3.1514531485100354,4.41
Sugarcane,West,Alluvial,1151.1002616346586,27.33416220768203,45.867403991197634,61.14854599679967,33.41088536123804,25.99278224356933,8.199339591006868,4.197775686320388,67.05
Sugarcane,Central,Sandy,1082.8155946590653,22.117166486115696,64.24870493850217,58.97441950294143,48.06030219429279,41.29757499967785,5.605601001519813,1.8917980615144252,104.12
Rice,East,Red,1356.7171966188075,25.042504781077454,55.57348209260557,103.69328393858927,47.40679338594532,12.650277558157008,7.3151465665819675,1.0458132397787803,4.88
Sugarcane,North,Laterite,285.63362051916715,31.353423947462005,59.34130640785969,79.60485247756597,12.952745401212276,28.044514519793246,6.175882053759485,3.8866376858330747,95.35
Wheat,North,Laterite,813.3367050135804,28.22870834000921,70.95212130963856,63.62866398730908,4.58350979653256,41.320626523297626,7.438161649124418,1.676508777074742,3.75
Sugarcane,Central,Laterite,591.8517092954428,37.56262016742471,63.612294538465406,67.19046300630487,50.35780721381728,27.66061494315867,5.430176301514389,3.8889366976784774,78.07
Maize,North,Black,434.71324411044714,20.890266364350094,47.53137927347137,97.19986257938872,50.72447940736672,66.72953002460282,6.091220743910666,0.6169188649314246,3.23
Soybean,West,Black,769.391579359507,26.835171768904605,79.35915712074046,63.047649863684256,45.39202292227982,50.87739494586877,7.01339136811554,1.6683100307707819,2.96
Cotton,East,Laterite,655.6637176691686,24.471158067409526,34.67995670649593,119.89707763235278,53.58129407905845,46.76695843858131,6.435287837169317,0.4758755397546006,3.06
Wheat,North,Sandy,1358.258826923086,25.419419167613864,53.390959588856006,76.10986772294414,43.15461780783993,42.105049809893224,6.639640618385846,2.397023343393026,4.51
Maize,North,Black,1027.4896086060774,27.2095241735793,90.83258060098822,71.26139463628537,20.067662207106025,51.50169651671063,6.1688906033708335,1.768087624168289,4.21
Soybean,South,Black,397.01076705222283,23.615316525802537,70.10751116025618,95.44666247096977,35.34248592520326,40.86724392930658,6.343850050420679,1.6238603356935928,2.74
Rice,South,Alluvial,1094.2124587925418,31.789537227773497,38.0265442441727,72.89636672051057,38.841775064776215,25.131779871204206,6.302542704406969,2.0383529704176344,4.05
Wheat,South,Alluvial,696.3419743104477,35.757060991117655,41.25026042704829,89.54292028529504,31.448043099342698,45.126986796258024,5.899466928228602,0.9412970010936791,3.54
Cotton,East,Sandy,1018.6885693728177,15.322474016827528,59.90106557272064,78.60896671531837,31.184436575911498,29.26529109252398,8.123193020896606,0.4263282938586514,2.41
Soybean,West,Black,1118.1165050496484,33.96451759101326,57.70073057630901,36.60145810455809,38.611120369192875,46.425224118869075,7.813889579193864,3.284053464985977,2.31
Cotton,West,Black,774.8552833660808,39.583959233555056,75.63606796775528,53.3179345054483,27.57327840932286,44.43086562571612,7.653849772449995,0.9702175509330063,2.08
Rice,West,Red,1065.2079511415245,27.94859598103145,81.96123463315637,87.32066273716734,8.03367017384656,30.530179161770075,7.07670260711533,9.008141257181371,4.16
Rice,East,Sandy,1120.6220280242044,23.946875192314543,57.26577032606793,68.72443493144429,41.605445941344755,70.87696486843566,7.314399355030298,1.3117111917573623,4.18
Wheat,East,Sandy,950.7187012729202,24.13910574495653,63.41983181165695,131.46901965897953,58.676973166485375,59.118790973937536,5.959282082444395,1.3467444232050114,5.09
Sugarcane,South,Red,784.1126216405837,25.461035773259738,49.51150166540061,60.329483098146824,6.92681593104448,39.17598554739612,5.643468894935944,2.265280082234308,83.74
Rice,North,Red,1000.9427253999391,29.15204229215599,62.632499178191466,47.26972663968668,42.48873257425772,47.611406655854964,7.534067372369472,2.1976476967741934,5.31
Soybean,Central,Alluvial,958.1541796914688,24.86288860986516,49.624503887768626,80.99124939088054,24.83469356721251,45.01132717102838,6.897327273468913,0.39816751960536717,2.86
Sugarcane,Central,Sandy,1094.9562334099787,26.600705421295242,65.3656864612547,86.2737212332147,50.19975272630448,31.88569960953826,7.544263913977009,0.6357611005985637,104.09
Maize,North,Sandy,920.8680925297097,22.220491282912874,55.602816674490015,102.08845768807208,45.71344751484605,48.56767893826631,6.868952414839763,0.5266721055344596,4.38
Cotton,South,Red,642.3940650469084,24.716032276416467,74.384560379929,17.375297301249475,55.7902284940219,37.05019483087863,5.934539655650961,0.10976813786196675,1.99
Sugarcane,North,Laterite,949.2972909816667,24.93891829104196,80.74111205923091,117.6871469203291,27.33598760331818,18.94608010914172,5.591362947980425,0.1,103.8
Cotton,North,Laterite,1098.003299012025,26.821560189052267,84.40908804662672,47.27949909255055,40.985915726202684,32.32888888900021,6.987067186638415,2.0712269955421703,2.13
Sugarcane,Central,Alluvial,1055.540656244276,19.72381023055424,65.54131527960052,107.23055583474039,77.34420405270663,32.419252360034726,7.197439056991824,1.380668090507268,111.7
Maize,South,Laterite,966.7221234556249,25.35072098813341,74.10695007315773,128.93763289835866,43.04352888644183,10.978870633616616,6.99149690828461,4.499902270143958,4.9
Rice,East,Laterite,854.0161030889461,25.9276087542804,57.50589733352777,98.66800868575308,50.64048189994605,60.02495559707384,5.745038219519248,0.7155545571724328,5.23
Maize,Central,Laterite,838.4972418467935,27.923883060931345,52.38737010901485,51.33106015626339,61.04771421253762,32.113202572028364,6.725150753632833,3.097754009691336,3.7
Rice,East,Black,869.6372783747233,33.992700795772954,44.48825820873507,75.17500978019656,26.761406250788284,34.33777652036361,6.762921860286943,0.21774230571049577,3.85
Rice,South,Alluvial,1322.848058773693,26.49325938531516,70.37871746877337,98.88979731471302,9.717886601432234,73.76326875270063,6.004285724161947,3.3904454763453757,6.54
Cotton,North,Red,715.6448126012226,20.913711240557006,34.24183100203001,80.83063007143711,14.556138985133774,25.379925287743497,7.618821230944479,5.080803298850713,1.78
Soybean,West,Laterite,1027.2968790112423,27.6603656626009,78.09429819413879,53.77004328969102,22.602856784611863,38.58338199606935,6.426976601760297,1.9741630282788494,2.34
Maize,West,Black,622.6006368545226,23.456060336917652,59.61795731354047,82.49598242669752,33.71294045719882,16.159410966512965,7.7636389385753795,2.663310246817849,3.15
Sugarcane,South,Laterite,1229.4196858507398,23.32662437274694,60.609795743009855,67.08230993815035,47.449231255335455,30.398268726059484,6.85867574647375,8.811782939356915,93.73
Maize,West,Black,839.160186096371,25.52039698359293,75.10990336490497,95.04891478709546,54.29769717707694,32.180620562916715,6.426321708893267,0.9502318959564566,2.53
Cotton,East,Alluvial,752.3161127554768,24.40271728204088,37.49313887688701,53.45679342589507,23.868437344453948,56.80029011067276,6.649116243654396,0.1,2.07
Rice,West,Laterite,1064.6345616724834,21.674784411081355,61.6699421151296,31.646285142619476,72.17104109481217,27.490519666440836,4.8837113115451,2.295204141178892,4.36
Cotton,South,Black,261.77554061901674,24.5739967895893,88.67647309762108,54.585484794156386,59.50020847584801,52.75636189131582,6.542446194026016,0.1,2.98
Wheat,South,Sandy,610.156886294338,29.27849332299883,60.741791983620395,37.36221881693474,32.411411034816176,80.50088880593103,4.6805078785487595,1.6801009487425083,3.53
Wheat,East,Sandy,1108.272726178079,27.202677390825357,45.15306329768843,64.29219565659379,75.71741605114809,66.25390307996383,6.130845863935073,1.8200107183877494,4.19
Sugarcane,West,Black,1304.381828852508,22.03656408547493,59.80174667269086,96.77752773984024,48.90351035332448,0.0,6.870802906094787,1.7565487539424114,104.51
Cotton,West,Laterite,1135.2811947101072,22.697841703314836,84.63364709670482,70.1515221417622,38.99797396262905,47.412302696014876,6.231591885248108,0.36284928396967675,2.4
Sugarcane,North,Laterite,1041.8298890888698,27.616274020456178,53.52333837851157,79.39304716869289,25.94471503762218,63.5707570441238,7.763855570133194,0.15955033139531558,69.23
Sugarcane,Central,Alluvial,1723.1152473807854,22.064120225700115,41.901301140771885,54.87494387678754,23.2752186237499,27.577937002930877,6.562806489601056,4.7663691367960315,86.33
Wheat,South,Alluvial,1147.4200838634288,22.516030998100103,57.99668138280638,80.49601086863802,54.05910683503484,38.722095337112435,7.081384131671998,1.5600320714821758,3.04
Sugarcane,North,Red,686.6461250806381,24.144905116707356,43.92885730917233,56.09942075705834,41.44442666912603,35.30535629086595,6.459365837869348,0.7804164273727706,86.26
Wheat,South,Alluvial,1307.3985391694666,22.140713946367832,31.156060940708493,50.28043169952815,46.36723438559723,54.320211960307404,6.854355304527151,2.954586273216211,4.56
Rice,North,Laterite,807.689581477326,27.503663956167383,76.30507449147755,74.35437710830865,22.949223476685,32.85115372529027,6.315677532195055,5.093247872925597,4.37
Cotton,Central,Red,787.5287088372763,25.461616019427765,80.7207258033565,63.08961701801907,48.16395868304135,68.66635014938353,7.061990547692739,1.035755146649371,2.28
Sugarcane,North,Alluvial,585.7201418863872,34.021209452951155,71.28514484556426,9.645282023172385,41.11439139793402,58.438426516424485,7.495932113311422,0.20695838474618233,88.53
Wheat,South,Black,876.5756673689054,21.190878510584998,78.40224238359812,78.01651879323792,23.72317336925518,16.475148185270054,6.662147522249968,2.359319177476831,3.85
Maize,West,Sandy,631.1515058642278,32.75387649550475,58.904544445946726,55.64283156698306,18.664169431777122,16.66176213058043,7.6671256736349775,4.7616909622266865,3.08
Sugarcane,South,Alluvial,1167.2273815102533,28.18668887063357,85.27631685237445,53.92957873030737,40.57868060459829,43.14933553158526,6.344361169459552,7.865172517544282,90.38
Soybean,East,Alluvial,962.3753430204033,34.455274261084774,55.57467097284648,114.89773578894193,50.27059011644984,36.78290045012144,7.595690314734283,3.359097387332152,3.73
Rice,East,Black,591.7138261615798,33.776797296859954,65.00773515616356,101.34539097220159,55.91735562439064,38.86855633004958,7.185485377152121,0.624541655549739,4.22
Rice,East,Laterite,975.6870011015438,24.864629297323475,52.344976240857584,89.37243263841091,43.49354536836221,31.458299056292663,6.376177489119728,0.8870201687441441,4.86
Maize,East,Black,1298.1493780994217,19.95566332586663,43.96828700144926,81.50629230116543,27.904322218360754,24.056983685640752,7.123478279520932,0.2940780437417426,2.54
Wheat,Central,Alluvial,1486.6784116165366,26.262255436248903,55.46218187345204,95.14689836932112,40.310073622569206,40.40568188961369,7.102997509898227,2.494773917665018,4.87
Sugarcane,West,Laterite,463.1153616255964,17.11677747509166,98.43825514425515,70.1886661315661,45.328937661113734,47.0704539202277,7.268264370658709,0.37086334154723893,71.68
Wheat,West,Red,766.4963726247843,30.298296785392353,88.00035066521137,81.97832369552805,28.535048539515692,55.613297244014475,4.864729721920991,1.131148326304277,4.06
Rice,South,Alluvial,613.1949102896931,27.757832395608464,76.62681686580382,69.90773958865078,32.928808659138554,58.059242482822235,5.66037383166874,1.5175297771773955,5.74
Wheat,North,Black,1106.0653182544693,24.005308475013003,58.57171787943408,82.80640803645841,40.43367422628773,40.62015244895951,6.314024904002796,0.9642583960446142,4.32
Rice,South,Red,577.3268770357638,24.75218935456468,58.23129930505746,87.13701743470317,43.3274684418672,45.35744777270094,6.74020304334428,0.3243227765064928,5.74
Wheat,South,Sandy,1317.7705143632973,21.889406241593864,90.69948451601834,85.57894484055574,21.130070221708188,14.829497560562487,7.016978932591369,0.6844748927138571,4.55
Maize,South,Red,1361.1078740228668,26.84001145627053,65.33470066737682,70.81348402647183,31.72363252311584,50.76346517686869,6.1909946875094395,2.003506806764227,4.04
Cotton,South,Black,1245.4356151465217,22.040248599015875,76.85976724040407,97.2686413914729,42.10267578672355,60.081595497814504,7.170927205455639,2.5952755068012876,1.68
Maize,West,Red,784.8137823383024,26.814443310891875,56.694196895626376,74.94004278596007,47.452039796174645,49.82695915172846,4.815303102344473,1.9071344664242589,2.36
Maize,North,Black,803.7041703493313,28.76550387995011,60.540258399363616,74.2960865014948,42.093944109029174,39.280062865853644,5.413974325029814,6.748254442633694,4.41
Cotton,South,Alluvial,863.0058329731912,30.25013348988792,76.71004213392263,34.466714161163004,44.37966534643765,25.628742858221727,6.103862147125389,1.901920978505516,2.41
Cotton,West,Laterite,1331.5225419609815,29.227349824213846,53.96895174265209,58.716372677034656,43.84699872776718,25.66426503321907,8.180099761685252,0.5106609073931305,2.38
Sugarcane,South,Sandy,490.5903176562166,25.508941569931327,70.2240476439656,101.64767274723997,27.672763764668133,37.10255417324015,7.241480573999778,1.3508224586364153,80.74
Sugarcane,East,Laterite,1115.8372347609566,29.22052983324382,54.49514141348632,99.59131735869812,60.67039505913466,46.881274836718,6.196601297340327,3.618576933166173,88.71
Maize,South,Laterite,719.9653719441911,27.675578363838625,72.6527323664795,79.44975718819369,34.231496326647985,8.954389712695658,7.853595651727778,0.7884617719573845,3.45
Maize,South,Laterite,874.1737694247666,27.6340933530532,54.04505370588965,66.04398867758802,28.675936520264734,20.154011316600176,5.726626662576426,2.6714364582520083,3.38
Rice,Central,Black,1220.843034409844,21.86769643581726,91.28847830911704,83.78690041836063,18.12699778523383,54.089184463575,5.921750239833081,3.076020696306919,5.01
Rice,East,Black,545.3661023303799,20.75853790429064,64.03636732332981,20.138343972246062,32.248914930588974,65.914829251745,6.72601917056887,5.435147508204958,4.79
Sugarcane,North,Sandy,916.6778473342819,28.28977925676769,76.61736835674776,83.49267140675038,29.58393839567963,37.376138782209765,6.5974809940344015,1.0255730477344749,76.42
Soybean,South,Black,961.3488664359285,29.431694968858842,64.69008643641426,48.82513632168367,34.35162652449124,49.83223016122329,6.834088116020143,0.6006546873439068,3.27
Soybean,North,Black,988.7822985100503,23.894692136558355,57.47944482458659,77.72895820594651,44.77624572783032,38.2655974083493,6.2230054933735595,1.4183427979091334,3.1
Sugarcane,East,Black,969.0456804504455,32.87118609703541,73.61456045481833,85.31074374062683,57.84397800737071,41.85130154324218,7.056636928090839,10.129119087639095,87.83
Rice,South,Black,1166.9974854129196,38.067050878139554,82.30702229092695,71.25938742300893,52.19616846045664,23.562791977273754,6.607260675377193,4.648229827730079,4.76
Rice,Central,Alluvial,864.4031331170287,35.767576679783566,43.27469611331257,98.66439246514017,9.797822171679641,48.34653781110428,7.483151983817002,0.668024707550001,3.81
Soybean,West,Sandy,1109.6100811405795,25.66675924242114,66.96553106467704,64.19908562810623,55.123393845647996,28.86532638561581,7.15375670158291,0.4380932491021465,2.73
Wheat,Central,Black,1098.95165021894,24.83498259582273,63.378647421611134,61.78478088726301,47.81767233318096,43.6570212082563,5.975583491828933,1.2961868443071753,2.68
Wheat,Central,Sandy,1085.8205687705056,30.934155401505226,68.14656575144724,95.60790479964753,67.02063491813686,51.29018821495262,5.560327706598574,0.36250308793245145,4.48
Rice,West,Red,1158.351606763029,30.394321639880456,85.30771755123624,70.99605776932216,30.43349644192072,49.419406773086344,7.361326400425698,2.8378938045660047,4.66
Wheat,West,Alluvial,1084.6241196775445,21.434197988795532,77.24416550273851,113.66815683857298,24.885447159084578,27.901302171739705,5.622931133562652,0.1,4.03
Cotton,West,Black,973.0982023008969,25.788956961028365,82.34974003803843,80.33834769782555,52.973675969064516,44.051467803191656,7.349433684972152,0.5090768661010009,2.44
Sugarcane,South,Alluvial,619.3158296085201,30.30776045704305,68.94654379099974,93.78205570593678,51.30617539408393,31.373523606528423,6.2903975061780235,0.1,93.44
Sugarcane,North,Alluvial,1407.1560402401205,22.518631157228146,58.49569835847073,103.28148361900354,29.847439509407373,51.09362811193626,7.003681777845713,0.514275353542897,80.65
Rice,North,Red,1508.3876825530867,23.276750884602375,28.628083498692256,78.2096101672508,36.189191029346276,52.54058306904872,6.010370838713277,0.10746042000745121,4.88
Maize,West,Sandy,892.1778562019194,24.031576224448234,86.22983996030163,41.82259346648375,47.18118448435295,51.70515365321087,6.877925940548386,2.238971194788964,4.32
Soybean,Central,Alluvial,1136.9223554062733,25.003720655791827,27.498005659320505,95.68741420219145,45.23100247792437,62.46786679327151,7.425741384600337,1.6892141585389953,2.26
Rice,East,Laterite,835.7161362922792,19.153694557810283,88.81354288659747,109.82070899562008,39.456486375058404,48.04832180589332,6.151269679159253,0.4813778443279022,4.68
Wheat,West,Red,783.9340653450106,30.46460698738521,76.11391538234707,73.36088290269859,41.38527582940398,63.32473485046856,5.792219409317573,0.4590205109208717,3.54
Soybean,Central,Laterite,1016.5947434011905,23.329324321471397,94.52829855934678,104.81701413423119,27.725259239404473,51.253797558381336,5.865858761572954,0.6883454417081649,3.61
Maize,Central,Red,1842.236749614803,28.01188538781951,68.98567300426062,50.79937732420045,36.97305543417024,29.943297046435923,4.623172558647673,3.2010843947392926,3.51
Wheat,South,Laterite,1478.6041033008596,27.47544069166069,72.50450130618783,83.74042972409833,19.221581975427664,44.087004277690106,5.827195741985897,0.32622237009966565,4.42
Cotton,South,Laterite,1433.6600773052842,21.941401860020527,62.22108952226238,72.8535089070431,39.91815255420456,56.582578649285445,7.485582584280169,0.25953597521467914,2.65
Wheat,North,Alluvial,1155.6315743029697,18.169046437741436,66.13687172739571,40.577895714508344,19.452650387051488,57.706156003525294,5.144180749006205,1.418757748837846,4.69
Cotton,North,Alluvial,724.7424755296095,27.44566152806056,54.128990863542384,89.95654346989082,23.44756983339721,34.254704490798375,6.077398013540501,4.004222380305393,2.53
Soybean,East,Red,1311.0446961580112,24.82125082047583,63.238690497424486,57.79787217852089,87.80478185734049,34.073972173684616,6.617865186408276,0.5074916319069445,2.69
Cotton,East,Sandy,147.33793688822607,29.27745524102266,52.302369375088155,89.41060613358908,11.505262846526456,50.09602163639306,6.599304097350016,0.22467244905877196,2.45
Soybean,East,Alluvial,1117.2623971394314,31.061106555439483,65.69335932114097,55.05144663347842,54.623791150707696,29.281114805685924,5.836404514740174,1.3533219052970682,2.73
Soybean,East,Alluvial,1329.363381315756,16.806293806405726,64.6152867822605,38.15477780376325,44.08357553628919,37.94854697694282,7.552389352777831,2.634692766371058,2.86
Soybean,Central,Black,1045.4452764234572,25.844676365848663,64.69736882814676,62.14455604223592,44.50424185870878,42.64799244377393,7.109689766144111,1.9263576874210417,3.03
Soybean,Central,Alluvial,1497.8117140841416,32.20875070422842,63.64555620772786,105.87866616237939,23.995456106997956,38.78782379189925,5.729531339267647,1.0831390405830525,2.53
Soybean,North,Sandy,572.2336974080145,34.18636648376376,55.72903017569843,76.0017908213784,50.947926716310114,53.352578247056556,6.383576978067278,0.1,2.82
Wheat,South,Black,1480.2086971615645,17.83839252365737,73.39321332214584,80.8915508759232,12.735737938096744,52.262738814851275,6.027091023356852,0.7150457182463991,2.87
Soybean,South,Laterite,952.6864885492826,32.759852585349286,69.72365586257797,83.49079072228047,32.59432696860082,43.40381190157327,6.889341819653066,5.032829887101799,2.8
Wheat,West,Laterite,1435.2348334609662,21.952474232702777,69.14408147662513,82.54318285179578,40.279342972916275,24.1885326707076,7.684450537913874,0.5042758624205543,3.79
Soybean,Central,Black,1306.059061737782,30.52969068221649,50.873273326232365,126.85539826755875,64.94862245392368,61.96575876019287,6.90230873798673,1.903600826029679,2.64
Cotton,East,Black,1454.2211536164805,24.255456116323916,75.10000091370144,78.96139060472035,49.83385520982016,29.57292427470582,7.790260640615174,4.7598555091282675,2.2
Soybean,East,Black,1292.6396530129591,30.733444799676562,53.54311402346076,32.36006698612742,33.52458899790922,32.66998259193346,6.416953529443983,1.339288975438349,3.6
Maize,West,Red,1207.5804877056573,25.191182838651347,57.15851262915091,70.7022284486592,35.81626704643876,28.474036444845275,5.212068014920963,1.1821881753370356,3.99
Soybean,South,Sandy,1409.8491256105215,19.807568142088705,66.37618302540774,81.70828820263084,48.60056372460484,18.350771546371757,5.921682347884798,0.30412161302827323,2.31
Soybean,East,Sandy,1016.6438072449048,24.09283566728836,82.25233284213576,48.47837545986409,21.81974777961776,55.507963320922805,7.085724430380682,7.886164686908388,2.73
Cotton,South,Laterite,1180.7025147751801,29.700922360119243,46.88263560836232,74.05048133824904,56.64912956439054,67.81315896444018,6.444862209745601,0.38879542584660143,2.18
Sugarcane,West,Laterite,998.9146148293378,24.887977690515264,50.17011521764463,74.36746338288536,38.577699258617514,21.557785326988892,6.5932327026049125,1.3134675656306976,100.24
Cotton,South,Laterite,794.2500372575519,21.633944769250938,35.55657481268862,124.39715867793029,26.87195072966803,13.028623839285803,6.148350340571476,0.37586512201663946,2.16
Maize,South,Alluvial,1158.0838766095494,20.64307999332668,72.59317258993583,63.05867511345437,19.076063013540427,42.509518619748924,6.060623341783579,0.8565981171477929,3.41
Sugarcane,South,Laterite,1059.0237402698358,22.953177072532878,59.94086494685515,103.74035229957698,2.5441130286067093,45.4905123964856,7.4221488048917585,4.30848215811398,101.33
Rice,East,Black,1377.0922722711368,22.909918928223966,71.36618470732397,76.35103444267273,66.27712359380638,8.2275283390242,7.992145647434415,2.061836539752659,4.77
Rice,North,Laterite,942.32368233567,29.87102090535644,70.07361767863551,101.50238345535466,11.700444516632203,24.6213223058667,6.123256275398173,0.1,4.59
Maize,Central,Black,771.7925656044049,25.02349447435051,76.82048955929584,114.89224790969466,47.19286540452774,60.01021275309964,5.996701317007229,6.808151211517531,4.07
Cotton,South,Red,1372.902859048501,25.506560498874464,65.02158758185921,89.53035914925144,46.50693503083535,49.30393904676013,7.19054295353704,3.064097394502083,2.24
Wheat,South,Alluvial,1019.002326125063,26.100862394432063,54.36046827708679,78.56264317589773,32.849199647400894,59.89041445996919,7.751490055461141,12.011924734274034,5.09
Maize,South,Alluvial,762.6312583482845,29.700515650856264,68.48020251354932,108.71364291298038,38.299615444050275,24.48520004054501,7.388171456036812,2.8782657329705748,3.19
Sugarcane,North,Sandy,1416.713796020687,30.185839977088115,71.21834156811964,43.418252904575226,33.98766259741383,40.08105560145486,8.0561975165168,2.8950944515757855,84.85
Sugarcane,West,Red,1278.0282122665649,24.365504476234563,59.77471788177748,84.33132585890941,43.34304398334589,39.16121583672838,7.432406313411549,2.4038085576107586,96.7
Soybean,East,Black,1554.6497496294587,25.680165887581392,66.36250563895146,48.83938121013141,34.16348815505257,56.239426410155176,7.160650115115578,1.1006792394696,3.57
Rice,North,Red,897.7256191331899,30.21241375004815,44.8248686657675,99.99652775006382,35.66173914780513,30.556400653870654,7.51620925820422,0.7565130206884171,4.59
Sugarcane,South,Alluvial,855.755263754698,23.520874735368423,45.91261796948076,82.45949398219757,38.75850900927307,32.44170664296498,6.869374453854716,1.4896688865437195,74.3
Maize,North,Black,674.0285169848479,24.262731021280512,40.093393730720564,78.19073578187576,49.37500901135248,47.70339289706581,6.61305755699384,0.39260787810939707,4.05
Sugarcane,North,Red,829.9284951139509,30.202001147040868,69.32837224184513,70.74938336325873,48.99044098495049,51.82501175516242,6.976509470238789,2.563372514530884,76.24
Maize,North,Alluvial,884.0919619024376,24.130176954856314,76.09947291325255,96.91794698313188,38.12776240609153,33.224274113516,6.93747645924199,11.843227869505274,3.46
Wheat,West,Black,1204.9004393603639,28.2378434580428,43.61631868439794,35.31937880770567,36.205240858039566,43.561321515769855,5.983650167763969,1.8372594424266278,3.13
Soybean,Central,Black,721.1890602221918,19.101805946810813,67.4167034042083,127.56571120222264,48.44771601095443,54.17800756951064,6.941517479643082,3.882248611143148,2.74
Rice,East,Alluvial,800.9989487831683,29.91876955960567,71.70741607946992,76.44239175447939,27.103649145216938,44.778071807680426,6.653585684048817,0.3782785324199919,4.53
Sugarcane,West,Black,1508.9971909729659,25.995728332364145,59.010426671580106,47.502818717655316,22.516239955925332,33.39780001248056,6.91626050084207,3.486743915046758,69.79
Maize,West,Alluvial,120.72062792920565,29.034087176906517,89.02323391708708,14.27597265501268,19.87600065511801,44.59751176646737,6.546494090063283,4.75965389295731,2.98
Cotton,Central,Laterite,1144.0781778362596,32.596951215326804,43.14292705649312,75.79336142078374,43.58765765338667,49.79732198638527,6.849208733738185,3.651057319357978,2.72
Rice,West,Laterite,612.8750161673806,25.33150182178255,59.336613583152364,85.75553127104192,56.414341331856804,41.25279651986147,6.771038012576771,1.973745815978831,5.03
Wheat,North,Black,758.4243583003384,19.331842627449397,21.316425556135414,87.63362106276062,41.06297331495721,48.07290503786812,5.630619895990199,5.217678598631786,4.47
Maize,North,Black,1427.008521289149,25.190587219144202,70.18440761282645,43.740628684811895,43.96206075465262,54.386785549341354,5.954143721186253,6.512480689391174,4.11
Soybean,South,Alluvial,1021.4729632890185,33.0728356957655,54.02112117431767,49.25255382280194,32.208329979603896,46.32708420782765,5.33853803015818,3.3787340824913503,2.87
Soybean,West,Black,1797.122825885619,27.849224488021925,35.36432873170354,113.90287914184404,43.904669277614985,53.01130690514012,7.64681074024325,1.5842324868332627,2.85
Wheat,South,Sandy,1188.0437881734356,21.677782595447745,73.91014865460986,41.18578628246733,42.05350857649989,37.60355322464631,6.49749371600082,3.6072481457104026,3.95
Wheat,East,Laterite,751.0978375702892,26.031239103256965,62.6470606261641,82.78276110087452,47.24312746653432,32.84814999728513,6.770443942268421,0.9302413981515791,3.68
Soybean,North,Black,1167.3217058994053,29.43902717896234,60.39534874794711,70.36839203111549,4.136714390795731,61.34221330232928,6.4975425865095415,0.8511053085429745,2.51
Sugarcane,East,Black,1338.9917246172013,26.37256369881302,81.91157573594259,66.60196509044462,46.42778951208525,6.462733912438516,5.700525510679587,0.8551375326332957,95.75
Sugarcane,Central,Red,1156.5798036310769,26.2366344682594,53.281559339718896,73.15034489469049,49.45983162826551,46.361984511536726,6.366470302027715,0.4443336463610107,102.46
Maize,North,Black,935.3917284125969,23.43160331269831,74.65928896656757,66.5102364226875,49.10483753416244,35.487545136570446,6.509458697599775,1.9507277029651728,4.04
Cotton,East,Sandy,492.68278221138087,23.83296056138553,76.83950110639272,65.67663454535192,38.181457073384856,50.28666270482136,5.095926987576869,2.166333295028887,2.21
Maize,Central,Laterite,903.266222939124,28.11229595552255,56.562478007519815,104.96680841116418,66.32629187821257,22.291389785666833,6.9120451882668625,3.9270840155929614,4.12
Cotton,East,Red,1500.2849026613105,29.46236123307144,65.12702225728835,69.90506460648653,54.06161660197191,45.50046340634581,6.783570578083156,2.37168134905836,2.76
Wheat,Central,Alluvial,760.9849703380332,26.133450760502235,90.18114824868658,49.534144707004515,61.77432390164499,48.89776298306287,6.226304722085423,3.0276841119652125,3.33
Rice,Central,Alluvial,876.4536689187771,24.530241569806545,49.85312981434436,77.90296128094404,46.80105074752892,46.033806625588376,7.672240729772557,2.3348453874511685,4.62
Maize,North,Laterite,1297.986764526854,30.78180875510263,73.32396152066389,53.52953025431877,40.01754631898634,26.959167149491872,6.815123846499368,2.388345349260175,4.29
Maize,South,Alluvial,1185.9107588988923,24.881560485375232,65.93166697574648,52.82068290766375,48.87458405613192,31.010102905626894,7.223420960184535,0.8326935164521064,3.81
Cotton,Central,Sandy,607.0301096017732,28.446569370777652,84.06027081780222,116.38118047955143,30.60948993602009,50.54867276320673,6.815410567256313,6.7560230085251085,2.8
Wheat,Central,Black,967.4149691293776,29.665091473290165,64.4939857828066,75.42058276741531,52.4241021930511,38.42520701619614,6.826154440277287,2.0365963200833326,5.18
Wheat,North,Laterite,1422.090904579924,20.679538043853167,75.28629588667674,48.06434338974723,33.189995791928844,10.07780910201187,4.769420142689669,1.7692766091554128,4.21
Cotton,South,Red,1007.943573560693,27.698675046492102,40.99221857887053,77.42648532034713,31.162019903769917,32.89041903883037,6.082087233818677,3.757469570377969,2.0
Wheat,West,Black,1429.3693014829346,13.512605484585077,32.837510432065976,81.59544336761667,20.256182074266494,57.78569543311026,6.419924938618147,1.0927537912033656,4.55
Soybean,West,Alluvial,1446.3327386251608,26.488159651948173,49.26141618231738,74.82317844810188,55.090137236119375,37.83316896092713,5.622115225049019,0.20241053424076041,3.15
Sugarcane,South,Alluvial,721.7019818411572,29.89749864277603,58.376814153379684,67.78827322238574,70.21289722987092,20.2185826256445,6.302672970624494,0.5491436412240875,101.14
Soybean,East,Red,911.4864840749403,28.68460186034875,59.6873915519118,45.318325321602224,60.521098721984345,34.659188826218156,7.235330409041182,3.301475156431805,1.76
Rice,North,Sandy,1197.2810669786627,31.00002068850582,81.38418621227618,69.60910426777487,53.51550847022231,39.740521762561904,6.509218734300841,2.632151883934454,5.34
Maize,South,Red,538.6941953756985,28.7522736425467,59.105172890067216,60.15063530198654,53.939399825965424,28.767551592424965,5.449490838898639,0.2492877999375859,3.73
Rice,West,Laterite,933.0851622146271,24.28831424060788,65.35739320068362,76.94971376125885,53.42376083617358,60.218688608573885,6.886466606108671,0.1443946940113842,5.27
Maize,Central,Red,1163.8559085152363,19.303929886975002,67.09341437369217,90.56667037517153,38.102936782421594,35.51465095614394,4.958852853004481,1.945225901028664,3.08
Sugarcane,West,Alluvial,813.3246846406826,27.56576534905118,55.52747198686327,123.78542835144367,34.278689875965966,36.653063973940725,6.973629699740241,5.582263170795094,96.2
Wheat,Central,Sandy,1176.432123499253,29.394022712605906,64.72541399421867,99.37051869123317,25.395348188387356,37.71107354969867,6.0822686982854295,0.38455151251014075,4.56
Soybean,North,Sandy,819.9481972360844,18.212238055260972,80.76741563797111,12.132450381179979,67.92920262881864,12.93386963736419,8.019263045098848,1.5926741500411417,3.18
Cotton,Central,Red,816.6243646430987,29.019492619362527,69.48786823862575,85.5594982607683,36.992257156543175,45.65925371337702,5.339805462694537,3.3422803154864456,2.58
Soybean,South,Laterite,1223.2557756225322,27.438696667436673,73.89811033943664,117.89424227386726,42.13695071621527,31.13720400034778,6.473245437590577,1.504489699893201,3.48
Sugarcane,Central,Alluvial,1410.4134799669823,25.176580185368895,69.99830450948218,76.43844697332409,23.15169608903732,3.4009336327912365,5.612485611887107,0.8650347002219487,83.06
Rice,East,Black,786.7766143381235,29.198810707156998,89.70686249954215,118.88962390607199,28.390048980729524,17.51285415040477,6.199802284268381,3.1267611524479273,3.86
Cotton,South,Sandy,636.5918945682815,25.623119070295694,49.21399798035827,52.383637996470696,25.232153016404165,39.22374169899052,8.235373348007638,2.9500408734073322,2.47
Wheat,North,Red,988.8230572763852,25.302662749369276,100.0,58.06233511400427,34.611227669686066,58.44810063235953,6.184389246464112,3.5496323490509796,4.15
Sugarcane,South,Laterite,1140.070480743075,20.64355065198709,79.9451280647637,75.77460747061302,49.565218034223875,50.77124414116226,5.5409031594163505,5.804552388442092,106.97
Cotton,East,Laterite,783.7818612550302,29.023624042666306,82.67208868078512,76.34508713718336,46.99470600190031,48.330055327713836,7.002850858924451,0.3265233844674168,2.19
Sugarcane,North,Alluvial,1498.2066167252674,20.46960391126122,84.64931695675602,100.91779021994226,49.027441639680006,41.52722776769307,6.214282472746952,0.8333983957370099,97.38
Sugarcane,West,Sandy,955.9479003930554,23.579502732301176,80.54515479452704,80.04848085793817,39.76177163299026,45.73628799228286,6.211711119843026,8.53558445354262,87.77
Wheat,East,Alluvial,781.1895590056542,29.27895337686249,45.648355188572495,77.2760702281782,51.23196937183307,41.47592810485648,6.227130042195013,1.8054476354053375,4.91
Maize,North,Black,1579.5106237254338,26.162574928162602,48.004899910911384,141.90707131231827,37.78853765327194,28.95457784167792,6.2306902823705705,2.2181128980743576,3.66
Cotton,Central,Black,1379.9627033831393,35.54539255767645,75.48814471776913,60.560198152836634,46.841364700899774,29.52043172565854,7.427161718298897,4.30997317707318,2.32
Wheat,South,Black,781.7715021655218,29.964286554169476,73.66369507585277,112.21655711796936,34.109675086092686,40.22555373385487,5.2480983724438905,2.349113478216333,3.96
Sugarcane,North,Laterite,1320.1422459074247,30.756683264623067,78.28702963515696,90.39021311663423,56.56382550761148,28.54634377667938,6.552337984973428,2.2991816167404617,106.33
Wheat,South,Sandy,803.2467587857177,31.269693990789875,65.69968075505186,70.8363576813184,26.574954898167423,14.738110991447925,6.711700238958384,0.2207527955946655,4.12
Maize,Central,Alluvial,1230.2729535078809,25.79345902777599,45.24069554521376,86.47044622765623,56.89823578877576,48.999399575701645,6.624263099786748,1.4138469811129268,2.94
Soybean,North,Alluvial,1533.1973282058043,24.340820789541972,63.348084809281275,59.56166473628972,45.42891848376484,46.5768587080318,5.606260490661247,2.2367736509035283,2.46
Cotton,West,Black,637.3486763106447,20.93077902913731,76.1204569219417,82.15596834420478,62.75730612780579,14.41162536685519,5.678660203024887,3.293155672784832,1.53
Maize,East,Sandy,838.6689549473683,19.73206838364885,61.20242977361667,79.90073992716977,30.090073342801652,21.525533010961283,6.244639781199972,1.0662723153153622,4.03
Rice,North,Sandy,845.2506728761996,32.736902844569826,64.92865049658744,91.9081571578006,36.53876820910189,45.05896041930687,5.699263530862273,0.263717135367458,2.76
Cotton,Central,Red,1079.6825182295906,23.88895615087399,65.45079680094541,77.08135612330355,36.12487948953253,22.81066057437517,6.749399594502821,0.910862646482,2.67
Maize,North,Sandy,1142.0003497902553,31.46957054899198,57.16988978017887,121.65425430577548,27.050802307514836,40.41395648081678,7.443979753962255,1.123309460253416,3.74
Sugarcane,South,Sandy,973.2699969429028,19.640625097858273,52.791362939319356,57.941989383977095,69.59060075891753,52.62508176307724,6.548427181792745,2.7806767135462755,106.13
Cotton,North,Alluvial,495.4481693299964,26.086744253822793,96.6256321074805,62.78372977777873,29.31423299346409,33.07636478525553,6.250521357216151,0.1,2.0
Cotton,West,Sandy,630.6967919117936,33.338515403513185,88.37900066050184,85.98071067265067,26.13385181927327,49.92588794496682,4.790877392416453,0.9748622532908491,2.09
Wheat,North,Sandy,734.9353807063508,28.33039159752929,81.05213505031023,59.859839046317454,61.78358208683887,32.41979422755341,6.73682009597148,1.1879928296282556,4.11
Sugarcane,East,Alluvial,1167.9690100758257,28.46252355762398,71.22546642305477,96.82417380536127,51.4942759512864,35.05387275743916,5.8661655021937325,1.5975292175613196,76.67
Rice,North,Sandy,581.4668968574485,24.068511189956574,49.92949091152537,112.85926124017224,37.1433838834242,46.242130816670056,6.236695917923597,7.013082015799616,4.84
Soybean,South,Alluvial,725.8951240693036,22.48650798826217,78.3095325609273,67.01014032911533,12.212263606007898,50.08556648364063,5.90977105655281,2.698783915183577,2.43
Maize,North,Red,659.907174104294,26.775184240875667,81.72964364563393,82.20303710842254,65.71036819462353,21.190644354378676,6.327831398260813,0.503161314706141,4.17
Wheat,West,Laterite,1102.3913780879154,21.371635731499453,59.83287294753871,96.36755345107164,69.18952769073509,20.22134527577419,6.6677923407452075,2.0083994395137155,4.72
Maize,Central,Alluvial,1339.5226268141582,26.4627106386491,48.98449008302178,102.08306783635445,49.15586500305229,17.126359421032163,6.8225335636800555,0.849687488301866,4.5
Rice,North,Alluvial,1046.2462199275842,31.906182594070245,71.4037981449487,166.94556385708677,47.81136659850915,65.14853198405783,7.340274891495681,3.336408373033859,4.5
Rice,North,Sandy,1598.0509827714723,20.6647438549293,81.01872045600696,46.06062825607609,43.06656408082701,33.46901874051477,6.335271189289656,0.3752384723371885,5.01
Cotton,East,Alluvial,1046.1845538022117,30.21089358155943,55.399407853306215,117.35447962157352,33.55520157974679,29.518315081111723,6.321631634003674,0.3121455898824885,1.98
Rice,West,Black,971.7564126466696,31.97954877652272,72.93064450928557,63.93768659364559,58.15233556044412,44.38217530933353,7.488255261159153,0.21382093989804926,3.78
Maize,Central,Black,764.7483873906361,25.698830651862252,51.38840064980808,64.99594920515857,34.248575179030155,15.170516984383944,7.203825363921611,1.5709841315404909,3.77
Sugarcane,South,Red,1060.8969153007981,27.166816719568295,47.94980910626052,83.57486565976555,48.36832620038426,34.3861997261723,7.531785634589906,0.26307834129743146,71.9
Sugarcane,North,Alluvial,751.9672147556649,24.602580319896685,68.07300130159823,81.5527518108012,43.272258945210005,40.10656533552018,7.250675627234166,0.1,102.94
Cotton,Central,Sandy,706.3068724694713,25.449789878710238,52.784184173983704,111.27091600308447,39.823073239048234,25.420745852598223,8.448144026334568,0.8083000690739623,2.69
Soybean,South,Sandy,697.7315548843251,31.090601248041963,71.45128899420402,43.237050819771156,27.2147981487268,22.658896841105143,7.095677874721218,3.200625181101208,3.6
Maize,West,Laterite,932.7317613615458,30.624985584683085,40.76849667142471,5.598894226217709,22.075777913830514,34.3424448533261,5.647446189941732,0.339380482257438,3.12
Maize,West,Red,849.9692491789061,28.967173581282733,52.14449627772006,128.34564221302963,47.417151798245044,32.6396617966824,7.095434945665809,0.8859921268237835,4.31
Rice,Central,Sandy,1796.4201692251663,30.039599665733203,80.43657990308566,43.9996388732298,33.52421599793725,32.21132415701164,6.797061819026361,1.144473314582876,4.36
Maize,South,Laterite,1062.8139858368927,28.000140580839904,75.38772962615457,105.12637834952463,42.16757574329244,17.600420596399836,6.203421309366012,4.17446590995417,3.89
Wheat,West,Sandy,1057.8760224925684,20.86564941100987,71.2856094809168,114.86870714014731,43.0066004693665,17.489796789737984,6.12077216907897,1.2939145433622907,5.13
Soybean,Central,Laterite,834.4129860292512,32.31998723288925,58.31777498779607,108.36558891167986,44.64381336583739,58.87739415949835,6.36220022760291,1.4346970197791393,2.99
Rice,West,Black,1919.6423581168656,22.532538745459604,65.20564650951938,92.78576984251214,38.20113084092284,20.34350696963037,4.788997170145766,0.5877350081448126,4.34
Wheat,West,Black,722.8156654597778,26.499298447390007,61.62858926048169,98.64561467807492,49.72549627659825,36.90187788726666,4.5,2.208514231920288,4.34
Cotton,West,Sandy,857.8870784758768,31.266253422901823,100.0,66.93499846877498,38.773936755099434,37.53720843041576,6.564163997559454,0.1,2.75
Sugarcane,East,Red,1299.7632123712979,19.99383186853492,69.74653117750717,32.141291517716596,36.396098441916024,32.800985754843424,6.1038168399036286,6.673062140149189,73.53
Cotton,South,Alluvial,1060.7054194933962,30.122681697853583,53.500863162950225,71.31106463716819,51.08089057270993,37.553533634164694,6.059013952936697,1.3787895923870677,2.85
Sugarcane,Central,Red,618.089231545764,21.039427771131272,63.78629268304075,66.40942678727588,40.40044152694629,34.655728703963625,6.223070345381246,0.12761251615230124,92.94
Cotton,Central,Red,1008.1877129976434,29.973707200729812,39.791974619463055,56.385432230626876,43.48397319493956,33.77154236049165,5.270798286200812,1.6381939545112245,2.36
Maize,South,Alluvial,1203.905393926185,33.01333980312549,36.44332731987728,81.23887762954892,54.186966665597105,55.80170644669578,7.092373496954596,1.4430199291778392,3.65
Wheat,South,Black,1153.6058812893675,23.31235817431918,86.94071003776415,31.265612161582915,46.33225730069787,25.69969256549276,6.25985371581611,0.5507232033021208,4.73
Sugarcane,South,Black,1198.3552678797348,22.66201170649932,69.10532781295483,111.3609916122127,53.97836939501609,30.46671801443666,6.5305012163888945,0.4684332956375637,113.18
Rice,South,Alluvial,1655.709366726454,27.38018305327051,58.22617679676921,78.25960669940848,16.28496643311057,53.69147253014774,7.252236363105222,0.631520762250321,3.92
Wheat,North,Laterite,1081.4590278469057,22.50496570727882,64.60218280634054,67.64815421194385,79.64689473098443,31.146999338420326,6.224607558504382,0.27790815986625717,3.35
Rice,Central,Red,1238.693337562107,16.113844756583823,63.43748437356549,72.2618732164454,50.8081396240627,33.27542133140765,7.211443276241339,1.5161071193435685,4.59
Wheat,North,Sandy,272.74659885163544,26.873472424468243,66.01385160109102,76.08896865539246,48.98224211614291,30.949681423310622,6.790603736380038,4.2228714599120885,3.22
Wheat,West,Black,1559.6694702061689,28.675593404137995,82.2162154511947,54.09236679415644,37.93021152153492,55.7230046558657,7.206489298425794,5.131216489408266,3.49
Cotton,West,Sandy,1019.4998217490768,25.35766208858337,73.03155892181323,54.001111886577426,17.500683922493632,53.32046305211826,7.2732394942632395,6.1146648829107075,1.97
Sugarcane,Central,Alluvial,739.5983093468053,27.565430095011227,58.85623724038578,47.308644241188404,50.780148437659584,22.210584012312484,6.909885865568968,1.834453311885831,96.42
Sugarcane,West,Sandy,941.4315565888323,32.24439953293188,38.766796445074206,44.517228239318996,56.63597894887164,61.202689885184185,6.428778103183548,1.9433376426319715,77.87
Wheat,South,Sandy,1198.7565607504098,25.2106560962337,49.9653309829253,58.59818351308165,14.42224837829913,7.521487472627847,6.898300159144566,0.7436257653232428,3.65
Maize,North,Red,1310.4245577684446,25.866847620618405,76.37684214054275,76.31651193468736,53.28804122530332,14.872839405551538,5.663541642052062,4.331665286381344,4.16
Maize,South,Alluvial,971.4257833637589,26.901315981558188,88.43146437337737,107.52662008922832,63.16013761741496,16.24564519557015,6.80276993198012,1.3394299045872142,4.71
Rice,West,Sandy,1180.432591577041,25.43014552592162,51.830805845288296,40.59121094837638,62.55590362720868,23.460992064753604,7.1374918643153515,0.6550885758264693,4.33
Rice,North,Black,921.0348956801206,25.43143667773598,49.5633196013511,102.88478680326318,47.968434198999574,33.51989788454321,5.73517034618862,6.743346710922051,5.51
Cotton,South,Alluvial,1147.48820926697,35.54304408136152,58.514258331826795,39.78875418875067,38.83032324304546,23.9209181538683,7.52891106991146,2.4441251897254044,2.54
Wheat,Central,Black,1061.8818976586826,27.62866515394051,91.76609289681718,82.41112877096319,54.21823204830095,21.858030437720714,6.451360681257315,1.2496744863890104,3.57
Rice,South,Laterite,1090.2478021136774,25.51595097858041,67.21553020599637,42.073304765035026,46.20796597835388,46.92896390452235,6.80679077748239,0.1422119914447988,5.52
Rice,West,Sandy,906.71072266296,33.92150502726808,53.56606727643667,48.385090601391255,45.46924522926479,34.53453241847346,5.537764932167921,0.3020216604642189,4.82
Soybean,North,Alluvial,1121.097492993872,32.426967486992254,59.583019995550146,87.90739708822633,32.09704043103467,51.0005627365632,4.722785864848475,0.4374981728574989,2.42
Wheat,Central,Black,752.036020034729,30.1213508882786,57.077218059490335,87.62113160219849,15.802836383338228,52.92684611211678,7.47101460820044,4.66280795295973,4.1
Cotton,North,Sandy,1058.3855943610022,23.951494048391545,75.56199938194857,98.72429531476475,52.85684694735973,41.43505724981419,6.390498698097946,7.121942943668861,2.16
Rice,Central,Red,809.6597888364535,40.66181066412646,94.30222603563722,56.710449374905636,35.134064266587245,49.492921532476885,7.290479135450178,0.6211611594646,3.92
Cotton,North,Black,701.9010755347273,19.17117074939408,66.96247779379847,104.91687509429312,25.29790504720397,36.20345604707848,6.356716695372269,1.3795657520468654,2.3
Sugarcane,West,Black,788.3311603135566,18.09401210887767,81.40632593130547,119.08300495657478,23.31695944607774,20.358768345977207,5.802986012029057,3.139331954438718,98.05
Cotton,Central,Laterite,937.5924331092757,28.914511420624258,44.808976068033346,85.82866868614353,37.27754620270601,17.862751513537745,7.885401646642637,0.9710875756762773,2.44
Maize,East,Red,841.458409003079,25.215435028367022,100.0,35.331404635685935,21.655630861805136,9.898768991413839,6.441182235604244,1.35603357543354,3.71
Maize,North,Laterite,1118.8858932226942,14.614596020951511,44.913809801675114,31.77279158298984,56.17950537297281,50.43058708241277,6.590984876426407,4.371801243038887,3.32
Cotton,North,Red,1023.907587995656,26.296074578244077,83.17770251261535,83.82530664360735,48.1234184851519,41.20439206391486,6.361048343067505,0.4651534425339307,2.49
Maize,South,Black,1304.3681348073785,27.39438477630436,70.07932123193173,65.69443484367113,56.75838905502563,0.0,5.358192255309241,10.183407661100967,2.83
Sugarcane,Central,Laterite,974.6612938121209,26.15873869110532,46.1284313466985,55.10897847720911,24.53743935894161,48.52509039953126,6.932884121460909,1.218738035586108,93.45
Wheat,East,Sandy,1054.2061175597137,28.511114952453937,77.51678305502827,75.82178196882273,19.067653870809853,39.833967490178985,6.836842639343404,0.5976288280390188,4.24
Maize,West,Red,1559.7763721838028,24.651100749581047,64.56378978138036,71.04917136335756,66.35518904030027,25.26223482222359,7.215426027299853,4.4604157934593935,4.23
Maize,South,Black,868.3493504237098,26.30683424825014,51.324154457904015,75.99216228733638,27.992682713626316,25.071282753700352,5.850148389911029,0.15917765941769701,4.14
Cotton,East,Alluvial,914.4543188939692,33.540651955131445,65.16100834820462,57.98975372544539,41.43213555206987,34.650247832314975,5.23799352162232,2.0562287396380943,1.56
Sugarcane,Central,Red,1361.0465276285029,31.794172667285714,40.25214786573707,129.4876883527279,28.546324181187142,56.740234331638035,6.957637719348011,0.1273481017031391,82.85
Wheat,East,Red,712.9519354045249,25.95689380637926,57.764630081609596,52.816256915860244,27.6701047069994,39.477868853206566,7.545246650615789,5.844688830608246,5.09
Cotton,North,Sandy,1394.6122728202117,29.741141401429434,50.533500986514674,73.26949651533717,48.923233860391115,28.11230042645878,5.213978419809975,2.0417443066670073,2.38
Cotton,North,Red,928.9307527885588,31.368126786996303,62.26415353329085,28.956738235777095,38.06897433169147,72.21167640403714,5.38332420494606,1.0148980254934183,2.81
Soybean,South,Red,750.0094742373503,22.312218404715175,39.0382880626709,51.088674880222584,59.70499026531991,53.74730176041442,6.059239035914468,1.1046951873458712,2.94
Sugarcane,Central,Sandy,1271.5648987202817,28.652098151667868,38.135366927863366,47.46420487658966,13.244861153249357,53.47263197271257,5.30526321030956,0.3609742521553978,78.4
Wheat,Central,Sandy,924.662108368203,27.781598174297756,52.26359298360255,66.54821294781956,39.73343963534654,54.50554102879401,6.185722168107559,0.8925995598776408,3.44
Sugarcane,East,Laterite,1547.2862516010323,30.288156794986108,64.42537910396369,73.77764192474723,32.331642107597744,57.727149186371506,6.802064869217148,4.682630517032149,89.09
Wheat,South,Black,1024.347295621955,22.280110140514196,50.401193981177016,69.45407535160356,36.314476289364805,46.310435045639124,7.083838773456727,3.27336085673639,3.76
Sugarcane,Central,Black,1022.1658027786852,26.82905107784728,71.92319073134298,66.32414361891345,37.35884886589885,40.30535555084884,6.932097854461173,2.1663568019193415,99.04
Cotton,North,Laterite,824.1692434829883,23.228415213739996,75.53132554176283,85.3563294004452,49.647573673753435,41.60080520134215,6.380235807399497,6.870470991602617,2.94
Cotton,East,Black,955.9707109003626,28.660201963245076,52.337949641660884,87.27415928038675,37.21846653213959,19.291062691437705,7.523407783512242,1.703988902238726,2.07
Rice,West,Red,918.2068576329979,22.873948859679842,85.85704215086734,20.457914199856717,37.37304385996687,6.383151204866927,4.9738518205321505,0.3878446834568721,3.63
Maize,North,Laterite,1399.4147084282274,24.27347310169571,60.45649340488542,106.44094086454959,66.12894456858363,50.64021409489882,5.655288610166458,2.500837504640154,4.0
Soybean,South,Laterite,1086.8807698139465,27.613191599426642,92.47299582594715,86.53092981650532,21.70017854404725,67.29887929076281,6.526524604201242,1.7925594774918483,2.93
Sugarcane,Central,Black,1211.665224215812,22.298768752396843,61.10563933983973,31.019227394092724,23.71218289198901,34.326982860896166,5.88507489249339,1.1473429592241493,80.54
Soybean,North,Alluvial,1029.5490983986508,18.92104721379792,48.1754561179488,102.46625989395395,67.85907470454868,60.818531470505256,6.389071524131365,0.3179485197079289,3.26
Rice,West,Black,876.7143795956425,32.19588562363287,83.4213704058792,105.49262927717706,65.63391771541667,63.03006119575731,6.8851900867536635,2.2642907350282764,6.23
Maize,West,Alluvial,1111.2972771387797,23.78297813797717,49.37895986516164,30.286390508333334,13.098955531028508,32.25899852918247,6.058650803324158,1.1742108110687244,3.91
Sugarcane,South,Laterite,1477.2240351179694,20.001133026934276,82.06556401237103,72.19325684737215,72.14554698888449,58.138037000959926,6.062020437980256,1.7285042286608117,108.03
Wheat,North,Alluvial,685.4821191285682,21.456906964109926,66.80938376407792,86.59405863816899,48.6840806606843,49.49098062403385,6.289730490310899,0.7578477960488436,3.53
Maize,East,Red,1125.844368981344,26.501235458388564,56.66170492499721,106.7446356115847,29.371991469443728,35.12539131252088,7.200415526519723,0.33856011190879426,4.34
Cotton,North,Sandy,1448.974420319637,34.885407957074435,53.47357409540832,92.28499689751202,40.082188925897654,47.97683125590724,7.007155454752848,0.8922852685048747,2.94
Rice,West,Alluvial,755.5681670228205,26.301485265795357,63.70632022791806,65.92237507221769,33.55786499902699,44.29069100920387,7.143599328321689,3.822503106765506,4.62
Maize,South,Sandy,1276.6033975741996,29.91435069042288,75.19772620365487,52.93671490174496,40.00982715726421,10.552798329660082,6.620907515765987,0.3476735469817912,3.64
Maize,South,Red,1276.9512503731546,25.079005171962976,64.39865112691608,43.03523317843666,33.77507350826115,77.3341374730453,6.640589002701722,1.2744159324907982,3.63
Cotton,East,Sandy,611.7158014107645,27.929274858496477,87.19262786963915,56.7941592682401,22.338537873865207,23.888542466847852,7.431988253653894,0.7065285145544732,2.33
Sugarcane,South,Red,1333.1309407209046,25.966533232029406,47.36343941711891,93.44413811236888,20.172627972748042,42.93945682871652,5.814329497452783,6.557901326418827,67.83
Wheat,South,Sandy,821.764599831258,29.850441621103748,63.550800891794154,103.02438027304613,43.22768861907545,67.51649464100105,7.451702878021564,0.17694896730972734,4.57
Cotton,South,Sandy,1107.6549669831297,21.337123084555014,81.50990201127664,70.56880416143265,27.991744738700405,35.91789184334387,6.6375613284430806,0.5629997171930526,2.43
Wheat,South,Black,1307.2423547956187,27.376011183300378,46.94151405534551,107.4103896153955,18.644884097909483,28.869075154205092,6.5393089339805845,1.1940628015720482,3.17
Sugarcane,South,Alluvial,1360.0243566812032,27.76848756370614,80.60395798603632,90.19536543213296,47.97263633263941,41.94796548633127,6.094764811535768,0.5681189111171385,100.23
Maize,West,Sandy,539.245145601784,28.979562255534294,65.29694009827274,143.20236005662468,47.81306565342845,34.81215183601179,7.468560859157123,2.4523873890240018,4.67
Wheat,North,Laterite,1536.580750937364,20.270991977896607,66.6517766354159,34.18779544126868,47.821457896654465,58.356807499219514,7.174975493547823,0.9268828333774342,3.71
Rice,Central,Black,1425.3784683067122,24.620237112455758,59.9067029556396,74.53586563834641,41.1675417512844,27.456563398373067,5.41735800063733,3.0353309933360753,4.63
Rice,South,Alluvial,1315.5802361099863,30.00503437150506,46.865551370218526,85.3050649323656,26.85134163255338,31.41852184668407,6.759599439162463,1.6026831814735603,3.74
Cotton,Central,Black,1108.443389078722,28.129144747439003,63.81786160751013,126.19006367206806,58.05287639484192,38.67258979628056,5.921565478933055,1.1131249545689228,2.16
Sugarcane,Central,Alluvial,869.2906360152042,35.66914481164709,56.66324293617048,43.63106949196331,53.22157824981231,20.672302022532975,6.285824801537617,0.9078704251064659,84.48
Cotton,West,Red,675.0454497538615,24.353209344861053,87.86458625629395,55.84956569464216,73.44016752218369,31.728759723756596,5.2918053595556325,0.5021055077048161,1.76
Cotton,South,Sandy,512.8478985745244,17.063945560165557,72.65633921894512,81.3759633805731,58.90496764927262,31.85510536206719,6.62531249993872,0.5821981892340105,2.11
Soybean,Central,Laterite,1193.3608018703587,24.668354617148683,65.5174819860092,49.419490913336205,44.77724328779688,20.986448145931494,6.665501612777777,0.38809132180925887,2.35
Cotton,South,Black,1315.4292268487459,13.690099200886339,84.76608718784883,73.78748369309689,66.49900026030795,30.6934836317648,6.71635123381632,3.817646399885643,2.22
Soybean,East,Black,974.6136034422385,30.510748870410985,64.15831707599976,39.114032387297534,41.10820189718099,51.09523921753693,6.1755299585830175,1.589401885102932,3.26
Rice,East,Black,861.7076480857186,26.98411222763562,75.54320924241736,109.88051222419544,41.23135428497847,9.983610027260514,6.2789933210008755,1.3189420007099046,4.77
Rice,East,Black,1020.9738512493643,28.991530370067775,82.46317697831839,121.97899472702241,39.28921367270663,55.219160934850265,4.994613030617932,0.7779566485257723,5.63
Cotton,Central,Sandy,807.8835310848259,29.788058115292284,60.91600141927258,122.88266729117916,32.43940500230076,32.13339744669208,7.269919495744817,1.4549345733375367,2.43
Rice,East,Alluvial,1006.4829087619714,32.1996418872058,71.52411825713001,83.83145146981026,73.38225172827691,44.905105754653604,5.0813144509671435,4.283555701727208,5.4
Sugarcane,West,Sandy,790.6703264310551,14.045078577585333,58.449634950325816,84.38143528556017,27.534767517140622,55.035171620226876,6.818788410125133,3.8772543381707436,78.24
Soybean,West,Red,1183.6117943428176,16.790008476345733,82.19274594714278,79.69469386409926,15.135024074323589,25.909116806761244,6.319128366820988,1.8280418552847468,3.45
Soybean,Central,Sandy,1373.1608539654558,23.22296229769764,64.5913471650956,101.525658446169,33.00503000290291,46.74984522383255,6.958735786277291,1.5098623849399444,2.81
Cotton,South,Sandy,1152.5519125721532,25.48051057034986,85.55929843672693,111.53423386045876,45.47898810414599,20.360557900296598,6.62122409576356,0.5118033735180664,2.65
Rice,North,Red,975.8603605947515,27.99784563302256,67.98285718673935,97.83306580584158,31.88602562789916,19.034127746587508,5.712732171036885,2.361346946091156,3.58
Wheat,South,Sandy,1296.73921334558,27.62403558306046,100.0,86.06454510448465,34.666881654121646,36.31333253965143,6.952359896924601,3.83897479271942,4.66
Soybean,South,Alluvial,1005.6718938978428,27.87813856341133,54.3927033317229,97.63555524390844,11.184428333201357,37.59810425657381,6.46522350791904,0.7296772315781657,2.36
Cotton,South,Laterite,1287.2046170962683,19.184806929662432,77.89553048598518,79.73728790677703,21.259600165596055,54.46904703630131,6.317663767328341,1.143774278083946,2.74
Cotton,South,Red,809.1568117752597,23.025964682914353,64.35270655854326,46.46573713334336,20.22672472878337,17.873999810266675,6.683006856833158,0.22568885412548978,2.06
Sugarcane,North,Black,847.9787728165223,25.387896565485246,61.623322629369724,65.21170102227913,52.559860811747996,48.85533033527228,7.424041146991909,3.9066407798893135,72.36
Maize,East,Alluvial,703.3555478809276,26.2465121499136,36.52941236733191,85.32385129373024,18.986884593108154,33.7435440190854,6.214784186431909,0.20563517994594216,3.82
Maize,South,Laterite,860.3572626950063,24.497792987724807,66.09172881915437,58.240407976190106,30.252352430400308,37.87489199434539,6.7993749459730655,2.437072776687015,3.18
Soybean,West,Alluvial,1294.418969469137,28.271710634689665,50.385920468100124,56.50669331806432,37.16374422393688,7.815977318299417,6.669210629644253,0.41399836161465836,3.15
Sugarcane,Central,Alluvial,738.4757094132847,21.293861612185346,60.35468870093045,95.45422857603832,23.820302752486903,36.51810100362255,6.158520477717052,2.6458782465875226,81.59
Sugarcane,Central,Black,308.6319878877065,24.587069962041124,50.97559358472099,97.01234160509925,44.13961915980347,51.02971585884876,6.031353929827552,2.0582402980152863,86.4
Sugarcane,West,Laterite,875.6456179455781,29.514880246090105,52.98260484029538,87.39201458470336,46.74883649530233,35.17461134532037,5.692704162142457,2.3449188232606897,84.61
Soybean,South,Alluvial,647.8812558270708,28.022294448087024,48.90988966279644,67.5566237869619,61.928227082922874,34.243741425883265,6.901928339678994,2.0200928287022086,2.26
Maize,North,Black,848.6766798568353,25.133136803527258,49.06464800500883,71.55889831186417,40.040710933223885,67.47634838448101,6.023886384804484,1.01058400219792,4.06
Sugarcane,East,Red,1632.0608571977882,25.24662200180566,41.132448410540036,97.50107704565801,8.26387662809843,38.95055426553206,5.486696077765796,1.9361852000910438,78.41
Rice,Central,Black,733.3091644792366,24.619597481135358,70.64319715737172,57.45861986902007,31.342902764427528,12.9344592874928,6.453826285905641,0.5348538381036023,4.01
Cotton,East,Sandy,1190.060179593295,25.32480095309048,65.27146043677466,43.62757051584171,35.734926950014135,16.05233160196895,7.283600356618747,0.6402376942460216,2.23
Cotton,North,Black,975.9354234007026,24.48098677764301,75.6168814331984,92.67989564682226,59.331934404785024,61.74735750661027,7.433459620448042,0.13470247068688398,3.3
Wheat,Central,Black,1111.7441989584252,25.177971501370333,59.12161379755449,77.01500318349545,36.57405587646579,32.104793677462276,4.5,1.8977706986052219,3.29
Wheat,East,Black,847.2219000913844,28.478504128142948,55.10370615467351,112.68040194253726,46.1088592212962,51.783140384312844,6.5986193960099015,3.6751250344486937,3.13
Soybean,North,Alluvial,1348.4038998125063,28.37424619249137,63.682008980809385,53.3684412793692,35.46166244566798,33.98771114343103,6.921041445160683,0.951077786200527,3.18
Soybean,East,Laterite,1128.0542024960032,20.43535377749467,75.52549750967421,106.8671536767343,48.12154822666939,45.649570373809816,6.881538399743323,0.4681013167180875,2.9
Cotton,South,Black,1136.3906179185242,35.95881675006329,69.49759811231965,65.40529571730767,30.532642976173335,32.91027441758879,6.432274015405703,3.4737429340148034,2.12
Rice,North,Black,1029.6681877283693,24.284209430730563,65.1941085150559,99.55224662536492,14.913410457690944,37.55417731474473,7.784793242213883,2.0663595046012446,4.24
Maize,East,Sandy,1376.788370691347,29.344398516834403,74.96574589185244,47.79015819176382,0.5675022217124308,46.54618416140238,7.507627395625323,4.47977758295385,3.98
Maize,South,Sandy,1168.0454832024807,21.64171133182112,65.07574482458043,39.87147252292348,47.62459973905288,20.870869378505922,6.428744339407495,0.1,3.65
Soybean,South,Red,1111.2714148797559,34.31337876089691,56.127103302140874,88.77287826952504,44.92122918653209,44.05563124373377,6.167765832689569,1.0255098114035643,2.66
Rice,North,Red,1195.7935428371704,29.690960481489626,78.613103119897,73.12048085937204,46.029787031624124,42.57900488198471,6.770017881526144,4.624423896949232,4.86
Soybean,West,Sandy,472.00663247810223,28.912362230628844,46.27457805549264,83.98349599980614,41.78229425866238,16.59297784117485,6.882505598183004,2.250218091791696,2.99
Maize,Central,Laterite,1056.3281511066082,26.105556539357973,43.69471572419096,55.610764486434086,10.583103974289049,79.97790792636167,6.540092109487876,1.2654824423645823,3.71
Soybean,North,Red,980.7928748801634,17.7997038709413,64.62586694864105,88.20197507446626,30.302328224200686,34.35309509182025,6.609400893041576,1.0707449577198451,3.07
Sugarcane,South,Laterite,1350.5752531122382,35.31410866966371,66.28750072563726,111.84796065423774,38.493343447570915,23.986188216027738,7.724355467936763,4.510648905669755,89.53
Soybean,South,Sandy,789.6913007841158,31.26845299155945,68.4953437607794,107.41662798621424,29.05145895788464,62.0524340752077,7.7457692762643555,3.56514479625574,1.97
Cotton,North,Red,1060.3317279976143,25.392604417123305,60.08579451176726,63.13193876229913,48.53459716042501,21.062074353662535,7.12405044650975,0.1,3.0
Soybean,West,Black,1577.152148609692,29.392936634010013,85.29627951035224,48.593075292079604,37.67587528316971,30.626010526512346,7.237679316245061,0.2581456819504811,2.89
Cotton,Central,Sandy,992.2854878706656,20.446926575260218,42.52183919603844,79.92333332148542,49.87070749510242,42.105739867465516,7.181861139509039,1.4361724458970457,1.83
Rice,East,Red,600.9178608119832,17.467263189309925,67.0247653178051,101.1870579953127,57.32728155606769,30.98471977062279,6.340535463008612,0.24351329886358708,5.34
Maize,North,Laterite,1652.1820153093397,27.082234650908177,76.3796924898322,37.79708416984855,46.655366042755766,47.85458455401944,6.859530900381654,0.6425164420598445,4.49
Wheat,Central,Laterite,785.3359188671568,23.012404854987288,85.76527604062069,95.23511088663128,42.53669820632542,48.124918106313814,6.708135243119555,3.602513361141687,4.35
Wheat,Central,Red,688.0666036295897,24.586964682274044,85.01491590991316,130.2570685193154,20.285303167569158,28.219981554995762,7.484115563322015,0.9759743925236175,4.0
Maize,South,Laterite,699.8919213106093,26.73651730163254,48.55719685581848,95.99112946703816,40.88563926535881,62.0025472225629,6.733751839933177,1.1990024843797529,4.5
Wheat,East,Red,1218.29934818377,21.063612470285616,70.43207331341875,41.112277741094736,15.953128477622744,35.33341075661801,7.187077177518047,0.3827835628149628,3.61
Soybean,North,Red,1389.3339920969452,26.599048648249813,61.789326363827186,51.68144152380751,21.902337423975624,42.98901708153413,6.403141597461579,1.844185218875072,2.7
Rice,South,Laterite,1528.1209041857899,21.47925537875692,64.71577157776855,62.7513828870577,44.345073465760365,34.13730796935885,7.05482127913117,0.25637175453026323,4.45
Rice,South,Alluvial,1004.5960387183452,32.06236170738611,82.0089499878585,76.37445700564221,21.015355298958983,33.309043880752085,6.717562752459933,1.989701616500588,4.87
Maize,West,Black,703.9378909014345,26.498311981079162,93.49894277725247,88.72529034515536,74.0262615369518,38.9171550932249,5.898198548170784,2.7466444479512915,4.04
Wheat,Central,Sandy,829.01652039545,29.63779265273427,68.91366193746497,98.0113481805615,53.705539355770824,67.6937495238401,7.079643603565588,4.136748602795687,4.45
Soybean,North,Black,1010.0752248187707,18.137134146838488,35.214084305776694,72.5381226932735,40.7445469547443,46.28325562175358,7.331429226677791,1.7466918384383665,2.19
Rice,North,Sandy,993.6445085917916,29.94878816267057,39.974066109262594,86.40070941934236,0.0,24.19106559440973,5.180428474527135,0.8067978474584094,4.07
Rice,North,Sandy,1392.4894500136377,34.48611845585688,64.30250460026785,52.96504666297649,11.532181440503734,41.18380631485943,5.106656563321464,3.816722386166798,4.84
Sugarcane,South,Black,604.7158929601715,27.58805394019138,79.96346828561367,62.35021966417045,74.18409805716193,31.568577513313393,6.689240462556742,1.8157736540080252,78.83
Sugarcane,West,Red,665.3571544164288,29.610705543879504,53.218467751412504,102.12401991050288,31.780231973457806,54.561740675438685,6.815728984141703,0.8867626648676613,67.81
Rice,East,Laterite,907.0570638514009,25.80957717961154,62.13236972596136,91.30357015752433,57.75493239103315,38.317104331607545,5.773684641610038,0.7788076097193246,6.41
Maize,South,Alluvial,1110.7612427473305,28.87643811312445,89.26862752830803,94.42373127748913,32.19464973325983,18.664399361767767,6.7297406268221,0.7731321256184799,4.99
Cotton,East,Alluvial,867.2031199362633,35.00591256311857,59.0527990921393,54.01736203829325,25.01383441537675,46.10175805250338,6.42405028272895,0.11598599823051824,2.77
Cotton,West,Alluvial,842.7751272548911,38.231289234524574,91.29274593623751,79.05237949675335,24.004850788616167,27.551362522638215,4.870234888118814,0.21368851095492275,2.16
Soybean,Central,Black,1352.123925792096,28.585902810249255,58.545854622564356,82.13360726275252,16.975945438422183,46.04940226265579,6.643973538140684,0.18797789522910066,3.21
Rice,North,Black,1141.585916916367,21.901594109194434,78.56405347434652,88.073913233653,48.51020284723297,54.34818292107362,5.722467640110991,0.7484793789939233,4.28
Rice,East,Red,704.5831667583766,30.116534774127228,66.15280298290719,105.431559843975,45.70781796819879,35.71271685420194,6.958027770550295,1.284819494849318,4.5
Rice,South,Alluvial,847.0875097440723,20.81178610389666,76.64951610888622,81.12813479675985,31.892192482781653,37.57623818408667,6.096782373156836,0.31935185150101864,4.06
Maize,East,Red,1155.0451104170468,23.877907619921746,95.1296156135007,119.75832192841466,8.866763472004116,42.55912581911888,6.782394037438332,3.5199550368066745,4.4
Sugarcane,Central,Alluvial,621.6932962635633,24.449067510419965,71.29505952254307,30.869284164062407,36.254167744783786,30.062780968710946,7.438799913291017,0.13573641215494434,118.95
Rice,North,Black,1153.2199362755782,37.2058743301897,83.91610396682734,72.29285299824457,48.40864549174975,41.3471695681512,6.165447094232128,5.812209549688741,4.52
Rice,East,Laterite,896.8605741246549,34.143545786913315,51.5805286705992,105.8095667632706,73.13944200924041,43.12738732912917,6.396795111017525,0.15469974900163816,5.76
Wheat,Central,Laterite,1108.842482965806,33.108132732744146,51.02858305056375,61.33977364671415,55.370737006117444,26.699155180453495,7.499233968060928,4.501241871074524,4.63
Maize,South,Laterite,1035.9593433265234,31.103860084351,40.51349683258803,100.84327942459515,42.88325085906791,57.97029227862619,6.952902401826653,0.6041252186019801,4.19
Soybean,West,Laterite,664.7937056171952,22.457952432625213,49.165297903720436,82.44702372626955,27.31480164889058,14.18420748112112,6.437098667733136,8.647026743065453,3.17
Rice,South,Sandy,809.0140879338785,28.181085524781174,87.75899978060549,127.45555129481508,58.699417179968464,52.11097793355365,7.676166983557439,1.4734786268991362,5.28
Wheat,North,Alluvial,1434.2202995049636,36.18958807319025,69.97193222653408,76.2208287964384,41.718736353310135,60.692455975005274,6.331078285996578,0.1,4.59
Cotton,South,Laterite,1711.3965424263538,29.23768385364886,60.9889688706442,76.52087763182412,42.37407629697204,51.834404257164486,6.317109590785621,0.6644358826686554,1.86
Soybean,South,Sandy,475.82734369438447,32.150737308990216,68.0629251931484,125.02977067080062,57.71303589264394,24.13494541738196,5.778529580271867,5.6322756095911135,3.11
Rice,South,Sandy,1312.9369348000428,18.950860766202368,75.20294831630721,70.96364023193264,36.34748052215117,52.975989598043284,6.9479584065179285,0.7123953117294504,4.68
Rice,South,Sandy,1088.6850216355406,30.609379124528225,76.6775897657658,106.40629722376075,53.45538949515068,71.5641429110061,5.669615671050837,0.8913504177939978,5.03
Wheat,North,Red,1624.6849769422925,21.7283345798482,68.27866092834698,87.68951822639508,21.99092048000213,37.30085760831467,7.576295663662721,0.1,3.44
Maize,Central,Red,832.4464467730979,25.89548995571851,85.74076149033131,107.17921870039015,29.288506337786075,39.99087454724357,6.046287942143673,0.5840668030354232,4.78
Rice,East,Sandy,1269.485140165112,34.11015811014223,50.438578356029026,71.27315940980759,47.07351471464721,51.565829036440824,6.865660373685821,0.6003736077469132,4.86
Cotton,West,Laterite,909.207026093083,28.73581515466065,59.740011892600144,77.3367617758278,39.10218550972216,26.910776490733188,6.533555990142415,2.517377774851259,2.88
Rice,East,Alluvial,1384.4209631417323,31.075079582436604,82.55394162306676,70.81187830497748,36.09784404999696,16.989724090579045,6.912174199229659,1.4095015986932677,4.69
Cotton,East,Black,1693.3863594458087,26.0750963040383,79.34535955276426,30.65371874266188,22.169714980902338,46.31820561787653,6.822155185189151,0.3511074543796689,2.63
Soybean,West,Red,1063.9195662936165,17.369934665796944,70.56243311875376,73.37342954653116,54.411449717364576,40.54803671592602,6.57383317480461,3.17534689705476,3.3
Soybean,North,Laterite,658.3112852206324,22.323585062857326,56.85624855346697,160.05003392734616,15.241206002543183,24.454886865688792,6.2086837105411785,1.8910207451766052,3.05
Sugarcane,West,Laterite,1424.1618318790024,30.401214660810616,76.81351172735391,61.691589292891436,53.15008454189934,45.777985176582916,6.707578470403574,0.625204855563123,104.41
Sugarcane,North,Black,1169.6446509041334,28.673568552085396,51.36257658404041,83.64917028685926,40.76420626116179,34.76895225173877,7.499272839723581,0.5066479765037147,96.64
Cotton,East,Black,1113.4098260075757,35.312174691668204,82.73023354563301,109.779134122561,40.997893051644795,45.634868362770945,6.256775938679702,5.178084309208027,2.49
Maize,North,Laterite,1474.9715824176046,27.633015912224515,87.8258434926285,93.03812851871338,39.258037867257094,42.829732163750464,5.603682753864797,2.027014952938937,2.83
Rice,Central,Black,658.7090590400722,22.535978619104895,56.35822378412995,78.06080155766112,27.031482469101803,42.01457248451089,7.020258467223083,3.2944534504114134,5.03
Rice,West,Laterite,785.1454165496023,26.87087695497462,100.0,57.64404775633034,39.47465979180497,39.78551529084957,6.708135325735812,0.5111202571532868,6.1
Sugarcane,Central,Black,1178.2796035028648,31.98913803796138,50.03998135637457,116.0586721022873,45.484403640694374,13.697974295067887,7.581477573783555,1.7770400640944868,99.88
Cotton,East,Black,778.4564718922542,18.214522820152045,62.16457863332681,107.715504442092,46.18178734454521,17.452889260202415,6.937113671630048,0.10994661209519507,2.53
Rice,West,Laterite,905.1971873537818,28.728239686100405,61.79535140542851,115.46349931367057,38.5011118950647,66.95989819309361,7.4965403160708375,1.806355925536243,4.45
Rice,East,Sandy,1382.4303085834308,20.69753111640364,63.442788542639,112.96342193162602,38.30250281417078,60.76480301717331,7.885819457944689,0.45526365718442463,3.61
Maize,Central,Laterite,1129.8860696585757,27.813566273958987,86.37244680757213,44.31198155909061,38.19173262410469,35.84166424123323,6.274846265518569,2.211834580054383,4.28
Wheat,East,Alluvial,646.3517232504826,30.632219665895988,71.56595261022154,71.2049344953085,36.15671358623072,46.434737657306385,6.416673605881391,5.375507246986845,4.19
Sugarcane,West,Black,1122.4107452727762,29.759368525931237,52.52891103507334,87.77427848102857,13.529385369222595,14.943631043409916,7.384805784356191,1.2275992460297616,70.79
Sugarcane,West,Red,1371.7219622895898,33.701942618569234,66.63553486432932,56.220400613733446,32.19266084333455,17.69658127383041,6.563880274000587,0.7288277013531913,78.22
Wheat,East,Black,1051.4614187549287,28.25365331573276,74.94819215090425,64.24593367347099,24.418020408464383,0.0,6.177797490673411,0.26310602653288434,3.72
Rice,West,Alluvial,1261.5395594450792,29.56791038519483,72.81234778978984,96.01440160326666,37.56992840735095,23.810994112349814,6.286320783314879,2.2209146787508613,5.19
Maize,West,Red,844.8969279448633,29.74276981296331,83.3327317475773,94.98369688393383,26.239100431956878,30.248228611889246,6.001147888583115,1.7549948653974807,3.8
Maize,East,Red,1077.9635039446064,22.15137698995758,66.340839709572,124.02196337692365,45.17362238101465,50.605796986469116,4.885439393504367,1.5730295607785554,4.64
Sugarcane,Central,Laterite,526.970712226166,26.362606313981782,76.99394565458084,61.96908850184214,57.82416570610103,36.50242592556109,7.019467980782955,5.496684204191926,110.37
Maize,West,Sandy,1188.9196838990933,14.705058229952634,62.86479983589071,56.7494558285308,35.20425763681975,43.98645973931744,5.91843900317763,7.647595454919327,3.81
Soybean,West,Laterite,1108.0391768425393,28.884404091854762,55.29858947820399,132.45361665455096,44.08315983528509,34.450907665919985,5.335229364871524,2.5245022126424916,2.17
Wheat,West,Red,612.9202836288002,13.242101380059655,47.87948119200279,73.85682093954148,32.902737860054636,37.97665975635637,7.20373871103032,0.4362856261692163,4.13
Rice,West,Red,1456.2637785521392,31.24547930553683,88.4972922867849,32.49583260259413,38.45069130206784,34.523280645923435,5.350583424832125,5.866019024877931,4.73
Soybean,East,Sandy,1171.3403065062737,35.266557845694685,42.36736113410717,89.99124737299078,60.41154076296122,43.88656502107789,7.402450297325624,0.8460161648760406,3.38
Wheat,Central,Black,792.1976145740605,29.493633881408932,68.81068897032809,53.12491501726502,16.821131263168617,0.0,7.034598563938202,0.16492696015699776,4.5
Cotton,Central,Sandy,1196.8382788488275,30.265381301685636,71.14465532732812,70.34307992859291,29.88598781752856,39.93778570332288,6.857394823289028,0.5517304390458712,2.85
Sugarcane,North,Laterite,704.6693998677479,33.024359960991916,50.28968092170811,44.55892414263189,41.58421638491902,37.66461097092061,5.556094279204977,3.5483472857759817,84.83
Maize,West,Black,746.1587066109321,24.825838322913533,78.51425805767167,107.78684627966595,37.49551386575306,65.0044977468873,5.037839879693559,0.4557213370003367,2.75
Cotton,West,Laterite,706.23060395307,20.637528891732984,44.74281566321601,90.20526635837263,34.373355348256396,43.41003312469175,5.922618101328217,1.005276448964085,2.62
Maize,North,Sandy,697.5694589860134,26.57006319923071,56.30472975223533,47.75782407371233,22.29910369936923,63.84646047927553,4.5,0.6390503003569232,3.97
Soybean,Central,Black,1131.2838532603523,23.18537573891775,79.47035631209275,84.95870453904834,46.4875989087066,28.196611251998025,4.629390109398597,0.1,3.7
Rice,South,Sandy,1028.3573649436241,27.383810126740908,45.48857706862012,96.7774012009349,38.48532706886181,28.68776260655246,7.183842769443746,1.649790615217346,5.87
Rice,South,Alluvial,1224.4663657507729,28.273690315087507,77.25469877858072,74.70860126577574,49.643869573597804,65.17684723037783,8.109424013858774,1.9817969804143258,5.73
Rice,Central,Red,154.09423699113165,24.608909988898453,81.73674928791688,121.38451149628972,55.586260721577425,36.44051643932035,6.595129062122154,3.1322514107000203,4.31
Maize,West,Black,882.5381806501061,23.431405173129768,81.0968566866031,106.03726734437943,39.37078725273131,27.8790548617245,6.525989929567818,1.0711265549067217,4.05
Cotton,South,Red,886.7785762230847,16.22934203040015,70.61564527994213,67.95471227122985,59.88517154732041,40.31954223652542,6.019493680408386,0.3047423216055922,1.68
Rice,East,Alluvial,1015.7902867506562,26.1559208120889,52.421790734322435,74.33241359096337,55.681381236516344,42.85872722669927,7.217414467933027,2.1120011936041956,4.21
Cotton,East,Black,1008.031521574701,24.815764780715412,50.14652402936423,49.08450975256616,33.45330334068814,58.50924757139259,5.263660105709912,4.415735564882436,2.48
Maize,North,Red,1068.4255884428217,25.170308347258665,57.449396462733105,37.58428988500135,61.96817728974355,27.959166499805267,6.652974157179982,0.25526079487337483,3.61
Soybean,Central,Red,1026.6443998613013,30.658177557789745,20.0,58.241207246422185,49.84099597164208,51.115502181380464,7.972491623681293,0.4032947863898676,2.81
Cotton,Central,Black,862.3607478565887,36.82637696207516,65.34821089875595,62.431144453217286,59.17024120698063,66.28308449517313,6.6311393557606895,0.7985628836193579,2.97
Soybean,South,Red,880.1361226940192,25.21560305454392,63.27315709965551,113.16185946415933,12.569662541292136,56.76371113827716,6.268352603524773,2.1013390445807216,1.88
Maize,West,Red,984.1542409063015,28.93026644587145,66.13828261582238,45.63113412661517,50.05581965206235,67.12428993333933,7.7265808194675865,1.4838866082384845,4.25
Maize,Central,Black,1151.392996265823,28.270195332312138,61.396791724583636,82.43374490265752,44.67458381095039,40.18143327868091,8.026521972535438,2.4921503397329756,4.74
Sugarcane,South,Red,1025.5293691945506,32.67324932215302,67.65040525139749,85.36280339404763,27.745564282564192,49.06332939164328,7.702302595539548,0.1,91.05
Maize,South,Red,764.4445298879675,22.441110129126915,66.18902415864933,62.32187659975821,17.52049164516824,28.3917876867653,6.432662519156347,3.3262869099549746,3.74
Maize,Central,Laterite,748.5621052062264,22.293541647313585,43.09874754812033,105.48744701666234,37.743002422819806,76.93608538544068,7.177165647825393,8.761260172517364,4.54
Wheat,South,Laterite,1152.9686677756483,22.8761077031557,69.19931747651069,72.1857638758195,40.749095229040705,53.45874892058314,7.716840472311675,0.1,4.26
Rice,North,Alluvial,1227.217813569741,15.662455267014863,64.68366839170855,65.18356365847545,31.176051734853093,43.45131299690047,6.105415103004694,1.3680398160272127,4.22
Sugarcane,North,Laterite,1321.3042709321912,26.76997537704126,39.11277916872756,121.0580836168131,28.7474706306616,39.18216913689861,5.795404786777225,2.6934875492136956,111.77
Sugarcane,Central,Laterite,852.7221757996014,21.736756550052966,78.42238439690324,58.95089957637512,31.762430973347094,8.013308542696926,6.838203365009865,1.2940521164170866,65.12
Sugarcane,West,Alluvial,436.6949189079071,28.255888461523817,60.52559467722755,99.4619747000987,29.89881700021727,7.445023827889358,5.686720496757278,1.7975882578405782,77.09
Wheat,North,Red,1114.49343863229,15.037939527735885,74.53445597496746,65.80611283016499,53.965095437473146,23.60199428751,5.544455667867232,5.074766469544418,3.61
Soybean,North,Red,785.310444626263,26.714954332620994,64.33565846559254,49.620236151592394,27.950988115778358,31.87482602564102,6.054533453836329,1.552377642652157,2.78
Maize,Central,Laterite,968.9888920836074,25.71914725685544,38.29694868088178,71.73927049645017,15.323512504355442,49.73115586561596,5.823790604976908,0.5399328075119799,3.59
Rice,East,Alluvial,1044.4689661567102,24.275186874618772,68.75778109637594,138.89383772945035,51.78646835238632,52.126068228163994,5.720986814275359,2.6836123228192448,3.94
Cotton,South,Red,1166.0948992066258,31.99102490693121,72.44611150285527,43.90523448299174,53.71268631083202,39.9976583839171,6.6248338443484425,0.9413814215890995,2.71
Soybean,North,Sandy,1267.959654153946,22.97695590379339,82.5581717987502,62.48983886662724,38.1947266239267,44.84976195803711,6.728297684055382,0.6712673957106584,3.34
Maize,East,Black,1350.890468093621,28.51865810833663,78.7841405151273,110.72723589675873,23.084566743882956,37.30386173186602,5.399357757978256,0.5711164892548191,3.57
Wheat,West,Black,1395.79555559249,23.84084655052027,82.97475184306332,56.504579249690714,10.91125934784866,56.4419663780196,6.811718065838794,0.1653802401432523,4.34
Maize,East,Black,1031.213927581471,35.29520511551125,76.04519080421008,64.95193210893513,40.52228674169558,29.04735455108485,6.6477909605875025,5.403361257995408,4.46
Maize,Central,Laterite,493.4071796294046,26.31520192646821,57.62531784586773,83.36669849817557,47.6897303033425,35.28754755011692,5.690140673376884,1.6572812473866354,3.65
Wheat,West,Black,817.137859349549,30.379039878380876,57.97957982347271,74.37857833754134,27.80757060118177,42.86767599543969,6.5220988561215805,6.206662321762167,4.55
Sugarcane,West,Black,1422.4378259053967,30.04845757071823,79.83406821933899,92.72150758948881,52.03035446634565,28.41694246145361,6.715739566304508,3.9579449613670294,86.38
Sugarcane,East,Sandy,1044.6278673844429,32.728143880857615,59.174037924404544,73.43141639993597,18.526175814924766,17.629463358598326,6.794979276295692,0.1,93.48
Rice,Central,Red,1653.5123830070465,27.73041629557974,72.94753925400089,80.14441690788654,41.072467046277396,45.35425776137671,7.212637426045029,0.5681378850279715,6.13
Rice,North,Sandy,886.3043808446669,20.412695529064976,90.64010207636886,76.73171745224106,9.490608062068958,73.79293471917026,7.1541901704255615,0.7577278647499638,5.24
Sugarcane,East,Laterite,1693.8589107022253,29.214908647534255,55.731201519023095,59.55982346917772,25.767165417005685,41.69015286838997,6.535144055695087,1.345990441816298,79.85
Soybean,North,Black,999.5474844193024,28.385693223828135,75.92452115719932,33.746007883913876,13.717581685879345,51.210420204754236,5.787174534263519,2.5184678898843242,2.82
Cotton,East,Red,874.0740155195982,11.819109465202988,52.954457751719914,128.0472362360021,48.46173423263599,34.921409952402634,6.120531415774948,2.2836769402732795,2.26
Maize,North,Black,786.5000381171772,18.640381133022018,73.79604215407728,59.287741445203,45.11609636993953,45.97935431173597,6.668367329470697,8.727892727897487,3.69
Cotton,East,Black,1197.9561931060844,30.52970674875956,89.20539585672077,60.78327031982724,76.73349339155439,18.78131725104727,7.533583657528747,5.136296555391043,2.18
Maize,West,Laterite,576.0838141640129,34.1019724739734,85.08143988155604,84.95989154203427,42.91390580171118,23.80792950273311,4.662341546171495,0.4122452614495554,3.4
Sugarcane,South,Black,835.0732810249823,26.586501234368694,59.22347564479005,54.13961818368098,33.553533605606525,49.15373224190936,6.58259773706446,3.9303285081583135,63.06
Rice,West,Alluvial,984.225495350386,31.04615976793783,88.60599602499548,102.89351941692605,24.52982219756143,36.44244433407247,6.382952977224485,3.7021944325589398,4.54
Soybean,North,Red,322.64896343738576,27.545799701219693,61.628673771727385,86.36525868082178,54.787103237364455,15.024201490021941,6.721721529073965,1.710383717664405,2.83
Rice,Central,Red,970.769237199633,27.182037033201347,99.32712511357008,73.2191220604377,79.64317562335859,33.713173762742024,5.400497486666477,0.8253443685658974,5.97
Cotton,West,Alluvial,1516.148957167084,26.28410615051924,65.48631692894794,67.50810354989449,55.13501734063491,53.8433951366835,7.231137896115929,0.4679459444902516,2.78
Rice,South,Laterite,1129.5865091468968,27.403612426020224,74.94245137538948,49.98854563834056,43.17578057648528,30.617104299257434,6.483999648727722,0.4776755236716834,4.76
Sugarcane,North,Black,802.5863036508003,28.94202833698409,74.48655184533077,87.83328603108164,41.046644228359334,5.977565571065242,6.288665328622361,0.8244543611450841,70.79
Soybean,West,Black,856.6374083719529,24.991423083751584,48.59120311275163,83.40494426764252,15.525903321545115,66.35025484520743,6.817746598712274,1.402143019134982,3.01
Cotton,East,Red,1101.143624341759,33.2334991250805,85.6439931375589,63.84975842540919,53.196614323350815,41.71767472612472,6.75970280118925,1.753279073853629,2.32
Soybean,Central,Laterite,846.7758595243404,21.998973874575164,68.29316014437309,93.10220194750922,29.227492513210777,64.43159370821812,6.520558510972648,0.7862039301948065,2.77
Maize,North,Laterite,1140.5679397245826,35.50572382596333,56.66151353009092,119.513231547003,21.97620025261755,45.2867456021289,6.060736004625941,0.8819124684869569,4.33
Rice,West,Laterite,838.3074374449668,25.92254236625896,53.73059568968097,80.36748371230144,37.192115136150385,30.25304960534762,6.326746128774695,0.1,4.38
Soybean,North,Black,692.7121943477032,26.739827846874775,55.95960109202636,73.81907529069983,28.314888397034277,45.31945925855547,6.521348317417508,0.1,2.87
Wheat,East,Laterite,1354.2386286429019,23.86166429335465,63.845719779327396,55.98412225171329,26.14216470152897,44.761445484701895,7.957387393789061,4.754239161151691,3.02
Rice,South,Alluvial,1212.7119303109246,29.047111057722404,48.99193730200725,76.022605582158,32.666526190601054,67.51437741805381,6.591182162780186,0.1,4.98
Maize,West,Sandy,433.4711591706896,25.11670214095414,52.75422692389607,69.51502839317786,11.640935420917423,59.27841150290373,7.033068914217037,0.1,4.09
Soybean,North,Laterite,898.9425477386345,24.622873851420046,39.07765489516517,53.836566188877384,36.09261120490221,50.282539124464535,7.190362087882974,0.46042522655233276,2.66
Cotton,North,Sandy,1312.8817538460933,30.064855609847704,52.86068276189877,91.28113492583455,43.61527218790775,45.75521828006408,6.519131639055386,2.72046185712576,2.92
Maize,North,Black,950.1578080207399,32.805888505298206,85.46564141295832,86.834953552313,25.155773745525813,41.209541204779846,7.595794979484273,2.2721325162225994,4.22
Wheat,South,Laterite,825.8352184663572,21.78947212122569,83.01899064815974,81.90989152635694,60.208239002401314,31.303201627774797,5.154899174851632,2.0835779569523174,3.77
Soybean,North,Red,924.2367633354746,31.12789123296786,69.05090539836348,70.94468921973201,31.41662837976216,56.141810831262255,6.749956329022931,1.711111823464364,3.56
Sugarcane,Central,Black,1033.2752223982282,33.239458352106695,96.59471497985595,103.03593830490537,23.831322933798305,33.657614015207216,7.385482010774521,0.45053911149551534,102.16
Rice,Central,Alluvial,946.1092895534774,18.175035169267055,83.22258819406699,36.242392654498666,52.25396824031842,36.356949969522375,6.91248908507175,1.0147755479420875,4.89
Cotton,North,Alluvial,975.1969969420375,22.769630150905968,71.52058248971045,37.422352248496516,40.96760501961162,41.029327933037706,5.0698918859520195,1.300558653566726,3.0
Sugarcane,Central,Sandy,955.0180660697608,33.11915777333951,73.15256421136466,85.63705403681867,60.12808183857872,30.61082466369927,6.731315040484378,1.7466675175638193,102.47
Soybean,West,Sandy,707.9144767706059,28.865778002825323,66.33188056137834,111.60958634364651,64.11070344886939,33.28971531129305,6.467561316969741,0.4423642263654422,3.7
Soybean,Central,Red,692.4521304548313,35.54645335342224,46.10963762196572,83.01301499635514,19.278231505906117,40.03548999779737,6.554966247194189,2.6115213794362386,2.82
Maize,North,Red,673.0131921587781,26.11345222564183,61.00239186668053,83.17747195042134,73.394839738906,38.814695816642484,6.248225067470863,0.738983771692202,3.43
Soybean,East,Alluvial,1027.449853137217,24.369842696055738,26.08108424607476,53.819701958647265,4.726571886446983,61.83634638895886,7.175721640777409,2.1589378158239345,2.61
Cotton,West,Laterite,1174.8296592605625,33.80681409352308,48.58432228122797,26.388156749290253,20.975828811136534,17.081845631101302,6.386299558233202,1.443024031794077,2.2
Sugarcane,South,Alluvial,717.6090499082037,22.82193124635321,85.81982252549085,55.634146049351656,19.94879237751032,48.43543190757832,7.525159680186033,1.7940277635114128,92.87
Cotton,North,Alluvial,549.9640509426584,25.779681743110924,66.16133542912573,96.10702325682283,60.22909758236905,32.77278988479206,6.62320836076751,1.065966625326889,2.45
Wheat,South,Red,738.6042711488542,29.797417396514984,49.00829184901167,40.68722935247873,47.786072477312445,34.78219991068965,6.024733714506877,1.177823191133215,4.36
Wheat,East,Sandy,1420.7210627096797,30.292318590044573,72.90549310129576,58.70369346740617,44.145351486004415,4.339252476083402,8.045363769852337,4.052752095351783,2.68
Rice,South,Red,906.0673401954067,23.011737099763682,74.06547973804206,40.845557278938486,3.855249571552818,28.81937626027239,5.867922840822798,1.29205143417947,3.73
Rice,North,Red,935.774516012311,28.303421182437734,88.13097287347532,57.36971024625722,39.65956329087554,47.78629791592806,6.232144073915855,3.158679128907379,4.34
Wheat,North,Red,760.6861062680091,25.545482705481863,91.67421247467956,108.49886893612894,76.57297168136307,29.621048525762255,6.763703457303469,1.0051349152674236,3.79
Soybean,East,Alluvial,1171.5117419757753,18.586365775499367,76.71835295708001,64.85185773502242,47.73357605322402,32.85549376938106,5.313560090343611,2.4114963723269103,3.13
Cotton,North,Laterite,962.9992844878392,24.694600128218053,42.280549689622475,102.85903029694931,35.077824434643496,35.43846590209536,6.660689094870813,0.5302636971080156,2.51
Wheat,East,Alluvial,782.0083365394224,18.828558100025006,99.20540980238226,65.47425639763594,56.219146776696476,43.0383346528413,6.024909106672029,4.978287245259045,3.51
Rice,East,Black,690.7268118446559,23.702705283925262,85.30077484357795,116.03021998184693,42.185446052530295,64.94158642598035,8.310505008842666,6.839313429327591,5.28
Wheat,North,Red,1113.354276884831,20.992009440841844,77.73796916757334,88.7263207810098,32.50138720346893,38.902469049409184,6.307170288494727,4.631834576455441,5.2
Soybean,Central,Red,1079.1955463798345,30.869124516773258,64.74990994725917,68.48145213415441,29.81049886338551,83.35649043365461,5.695638592188436,0.8505726030547224,3.35
Wheat,East,Black,628.5157934579357,28.501819714077946,41.75237253638409,75.95412769903419,48.13451551075531,78.78414380761812,6.778301940010928,0.6472820154258837,3.81
Cotton,North,Red,1368.2146565088865,34.69310937013102,56.59957288464112,43.96139148742168,35.78102678596726,64.58544116812729,6.584374194647662,0.4028610489528827,2.43
Sugarcane,Central,Red,807.4334876074906,22.391174530995347,64.23631455884689,67.22440879643051,42.50623459027106,55.26492865528226,7.148892004163527,4.127046237594999,78.29
Soybean,East,Red,332.57399558852865,27.616378583581128,58.98645893035657,115.51418740136154,5.144255894278963,45.19490342228898,5.809453428785517,0.2525247780725805,3.26
Rice,Central,Black,1458.5903247488595,21.485132974371396,81.40184139617648,88.98270616420554,38.357914673339494,62.7788392241464,7.727714397276307,2.056290629658589,4.85
Cotton,West,Alluvial,969.237340439993,23.84208989071194,63.852181901484684,27.806003639338932,24.097837370016542,71.6828277519812,6.794715340662225,0.8053300123445006,2.85
Wheat,West,Red,1130.3411800082063,25.002666552828376,53.35001157307442,75.72289310053438,55.55770104189605,41.67438177452185,5.916976545372046,0.41630790467131124,4.28
Wheat,Central,Laterite,1501.6858736015276,36.86823726509,72.51088371017485,84.20149233242321,24.11354383393451,44.00526690800398,6.593796691077525,0.40787165757059624,4.01
Sugarcane,East,Black,699.2135651870948,28.819450762552787,52.56164870441103,98.76419116519564,28.521527325645256,51.5680254905387,7.011558020979236,4.095422097350494,69.31
Rice,North,Sandy,1143.8006348323988,26.361186060486666,40.52400505161554,70.62871698023854,19.71508932554655,38.48369754081838,6.896711679884298,3.9296635838225753,3.43
Rice,South,Black,1352.598503244963,32.395048376812596,72.6415233474784,76.9987952512036,52.433984364350984,62.16025348828583,5.530036285435563,0.6349874988376277,4.93
Maize,North,Alluvial,719.6467970185162,30.36497608699749,63.91253675273547,105.81861394067771,47.75506316863548,21.52474607114758,4.952678416679649,0.1,2.81
Rice,South,Black,1438.1970507522285,26.719585067872362,67.35228246560995,73.91870371969193,23.55218313876428,45.17387057643883,5.410821279029523,4.066441213556593,4.03
Sugarcane,South,Sandy,577.2520960843597,30.375969896532276,85.64353311094496,61.78253798921232,26.110993906368943,22.186041281323114,6.674045397299574,0.11806813009780447,86.67
Maize,East,Laterite,971.3905174648589,25.471207073010273,68.7647599602068,100.89349079638691,51.8910714788035,39.41745035031989,6.803560180317555,0.17705090465694365,3.82
Maize,Central,Sandy,677.39894372245,41.92819905517656,73.5379088528856,101.36059159279083,70.6438656950457,28.956600689574074,4.5,3.451052661261887,2.92
Wheat,North,Black,1208.7528751007712,33.10006411832198,65.25737162397536,25.979424445087915,46.71804723667746,39.16286231906673,6.726769177797313,3.3989396871440545,3.48
Wheat,Central,Sandy,710.3817145253806,24.96703660315618,77.14966507948219,86.4734161607512,57.223331721428835,14.858800663766907,5.907158011626264,0.4525210395144283,4.95
Rice,West,Black,814.8072930828483,30.796212421205592,33.015559462280606,54.815607171730065,36.04006091581445,48.98388800583052,5.526402664852041,0.1,4.58
Maize,East,Laterite,736.3103759072675,29.74445241057835,53.384735194110384,89.99778311878825,24.06429950866151,34.22809433518691,6.002010479206623,0.1301059962223835,3.97
Wheat,East,Laterite,639.4192205140489,28.415548183712666,59.20755897638326,103.81464972296746,37.487931574633336,55.93660462295822,6.544783095996681,1.2080366455496052,4.28
Sugarcane,West,Alluvial,769.9104648549401,29.5739268510814,57.808484360378635,95.4811334095604,56.28820681641124,39.181313675863294,6.4256931622606395,1.0833759492853077,111.52
Wheat,North,Laterite,986.4005024234676,22.93782162065353,53.125804580123884,97.94861688744055,31.506449668903336,52.61510334040779,4.7094471568406355,0.40249251556373755,4.28
Soybean,West,Red,969.9352350944761,24.82471115163543,63.77021106717767,63.491043349281696,34.80367233053223,33.02022397940012,7.6606312312574225,4.794676611735024,3.15
Soybean,North,Sandy,935.0580611804538,35.29345732012945,62.96480846887381,68.56061049657133,73.37250598369195,52.011409836491296,7.017030263903637,1.6077517830294945,2.23
Wheat,South,Sandy,800.0370668097207,28.020094493969385,63.762606530790194,94.8172045647369,66.45808774453542,71.63396149154164,6.621547451122275,3.293645434645776,4.32
Maize,East,Black,893.1900077010727,23.498747477375396,68.00687752992162,81.77336505954597,42.149156849727696,28.545911025300555,5.134601695725749,0.21901825140154824,3.59
Maize,North,Laterite,524.3242354828112,26.299092056030144,72.46686004512608,41.414124361823156,57.69091274630247,52.16407724280279,5.8407997455899,7.258094208447952,3.03
Cotton,Central,Alluvial,790.3039686648542,24.32910740232853,53.36063773664031,102.28540843528381,22.16717555652969,21.339728947339978,6.446669189056146,3.318702705957042,1.94
Soybean,Central,Alluvial,933.4714991102504,31.488631559045597,57.16484054910218,43.41482603222446,49.97416610850492,37.940790856950976,7.119258694836163,0.6788605327095361,2.72
Sugarcane,East,Alluvial,1088.3070818155138,24.195806313747806,78.84093604809067,88.11909258277336,41.602442446450404,12.286057821169749,7.36422405231658,0.1,124.01
Maize,West,Red,1051.6788274600951,27.220672244324373,50.870832574520506,85.18171799659446,46.322714274822516,49.95786579672972,8.501880196909207,0.35947089737399057,3.22
Rice,West,Laterite,631.6060565866892,23.687406589353234,52.8808739736822,109.53943535202306,19.83286342022707,31.13359950196199,6.620287024389439,1.084309820253095,4.93
Soybean,North,Alluvial,1128.3361796913123,38.03953983993064,53.405517546336625,74.10565578438019,16.750189041877512,51.208927190699775,5.977363963504603,0.1,2.8
Sugarcane,West,Red,1036.6750694132634,30.14609482778382,62.00175409742966,29.27592904802306,31.593959331300148,44.56917856072148,7.100284345709036,0.1,90.57
Sugarcane,East,Sandy,1432.0500955540258,29.947971646193956,79.97204054330822,83.58235561017776,19.495674732491544,36.38811113990759,5.708421280709057,0.20769226301716226,109.04
Maize,North,Black,551.679718143128,30.4891369520118,72.85848156584508,88.31505572906974,25.758525468092632,51.663506086746764,6.785783072648524,3.3184800061594872,2.57
Sugarcane,South,Laterite,959.0569272112907,25.026899031663827,51.90603473535103,106.84060779624085,78.78964809249995,55.93159768606594,8.218220864185128,1.5831339221065805,80.53
Maize,West,Laterite,1309.3919155977073,34.60634051936877,92.19849810787491,66.80238227117499,58.47373183321615,33.7141087174466,6.254834016034295,0.42386515544909925,4.57
Wheat,West,Sandy,911.0722383923011,26.661593996860304,54.56528222789791,97.57987225670013,45.196453804462315,56.505642017599726,5.994306850903835,0.614317765902808,4.54
Soybean,North,Laterite,725.963253946195,35.86402732960133,40.68165526789858,102.42584166336381,46.75248071862446,36.60107330034307,5.388526667662879,2.055443431227484,2.67
Cotton,Central,Laterite,755.1817041486978,25.375977859766866,92.36284125674828,61.69611219131525,46.25512467823156,0.0,6.617094929567963,0.767241354647074,2.21
Wheat,West,Laterite,1235.437196291026,30.57740192045409,52.447220749834926,87.92504122816209,37.13605505614898,43.238595794255204,5.302002981657248,2.292241328376202,3.04
Soybean,East,Laterite,535.573592391775,27.83411146433678,63.33645063377884,43.20071297102173,44.85349115240204,30.281711089851694,5.617635575853869,3.0122130994143865,2.88
Maize,West,Red,900.0308808524399,28.338225891267506,62.99023038741599,94.10258071285499,54.20431303274835,34.25170832557947,5.422276694529571,0.7323669659455516,3.9
Soybean,South,Red,737.1791501468192,18.64991193056934,73.72631205750204,85.55967147064916,36.53871316454124,9.73285862610662,7.340496435388281,0.9130306253787238,2.79
Maize,West,Black,759.7192828911125,22.084000115494796,37.445371803045184,49.03259597582598,61.657313997120255,44.485706305281006,6.370889209054053,0.1027428484172103,3.44
Wheat,Central,Laterite,1132.4802579499703,34.549775978315864,60.48969403703786,70.07664348910949,36.34910637738948,29.656639871082668,7.5910151445014336,3.427357431516089,3.99
Rice,West,Sandy,881.4121669418648,20.555904791090803,59.49844347737013,107.1234884109226,25.114345206531,32.15465483323174,6.6730113797966775,1.8631659257508726,4.14
Rice,North,Alluvial,1069.9102234796226,31.460152341615633,86.20567686162457,84.99620954047575,43.93498358205712,55.85628359152077,6.138105153289257,4.3833131219454815,4.45
Soybean,West,Black,627.3978352180943,39.99989604622076,56.84661467982652,62.93009563513564,37.112199110985465,8.391767585426436,6.9954958925772175,0.4187762261115015,2.75
Rice,Central,Alluvial,1248.9695771393003,29.765053565753355,60.188913137204906,60.80540421620918,36.16969358576693,45.576752886322446,7.0133425359572295,6.46800135403139,4.38
Maize,North,Alluvial,1063.8022048425353,37.63373931055629,76.40239295261901,105.07911954570912,53.2017688198988,45.86998500084685,7.458884128466854,2.45336187080799,3.87
Sugarcane,East,Laterite,1371.4023903006612,30.460563597616733,72.67100095380452,67.7240284064921,34.55019603613895,43.561230601976106,5.7934960331239775,0.437830856059707,80.08
Maize,North,Sandy,877.9148752518211,28.31428650999677,54.139351936162456,85.51537025573616,26.001617863024244,56.58668175054921,6.5127194360025245,1.243409392581448,4.18
Sugarcane,South,Alluvial,1134.8687983253628,28.873225834570224,71.42609138897323,69.67564431840249,34.14481234984329,53.26329437688133,5.5728101030153105,2.400964117279807,81.29
Wheat,North,Alluvial,1235.0190749063493,26.113111200852966,53.93932173811922,24.695029977375874,28.906594839637613,41.94951117897669,6.694624776895292,0.1,4.08
Cotton,East,Black,1128.9685104114724,25.959456329756723,77.04849584352148,63.66908224068163,28.737336736482156,28.721712472564754,4.5,3.030863009426304,2.59
Sugarcane,West,Sandy,1509.3367572207067,24.374195907665687,62.59664793416869,108.44911530241892,54.68000020480721,33.27363577997792,5.705639509825774,5.90076402371381,89.5
Rice,North,Sandy,501.034509685802,29.115987539292547,46.15026251309088,133.5986953566424,24.6652893931765,39.65239258308881,5.893140844920671,0.17001883434510331,4.66
Maize,North,Alluvial,1052.3952753693402,38.00192580953331,32.85019043330058,60.665734010831,41.778474470694235,5.0062626387083355,6.484271517045953,4.567875306448003,3.32
Wheat,North,Sandy,878.2436740969854,34.12236314382749,59.35972642805791,88.333136853113,35.01669051537742,32.49431781092762,7.321791731566484,1.2488993740704224,3.81
Rice,North,Black,856.6930435329723,28.02437578229353,53.24454656823523,138.21866340767968,38.35058273615731,57.934536991572855,5.106395128198625,1.4496832376866402,6.16
Wheat,East,Black,1448.0603529469035,30.07104847078546,61.40569277742984,110.02383742095773,9.44997466075382,34.132089205747576,7.18070984535276,3.666513538115099,4.65
Cotton,Central,Black,813.9363596519827,26.57303169693506,64.26131340891772,49.69334616040382,49.65725406932171,52.109365430090534,6.769178400738634,1.7815291899425783,2.63
Maize,Central,Laterite,1255.8479537553926,34.107301913633904,36.29379672695502,73.38536589148023,35.7909447900035,53.088581909810244,6.831366321785672,0.865957590462704,3.47
Soybean,North,Alluvial,683.7748740411978,18.83851039328166,54.05190531863798,86.44206643471547,54.57257238562667,58.17264098496334,6.277615517867408,2.6379527116239694,3.61
Maize,East,Sandy,1305.8540314158645,36.65296538846931,63.05948299899388,111.81781530619152,45.9968570120243,35.23048017060011,7.076062709546148,0.2977592185370817,4.84
Cotton,East,Black,993.264481544727,24.273759054072347,66.50070018300451,49.91878164424682,40.726892686299976,36.206584959402214,6.352023894334544,2.1948768223070276,1.77
Maize,North,Alluvial,915.1718452881317,25.0797537913614,76.97342404481549,99.35541354545894,40.111104340831346,44.636917960170884,5.786842980674342,2.979968349791569,3.88
Soybean,South,Alluvial,538.9736355423471,20.886389813166254,79.55817810630118,97.5891659382618,73.59200117393348,28.064784762287932,6.340308472455432,0.8152439403919226,3.09
Sugarcane,North,Laterite,915.7952227452706,27.773756528842046,61.42022102569538,72.40045881290784,27.953703909138696,29.485443843838993,6.590254059037528,7.028688908092829,81.73
Wheat,South,Sandy,793.973910209357,23.595687045225354,62.781859010838566,133.60369750019967,44.381349655283294,55.012144260654466,5.670318077196902,2.046648989058709,3.35
Soybean,North,Sandy,1524.2987666892695,32.8174303975305,57.78982514512953,57.215484737839546,43.5826636691766,29.570909184963377,4.555768819142354,0.20114112061849926,2.32
Rice,South,Black,1015.499720710723,30.375657691589055,74.83629059980382,89.10240719340842,15.796989792322154,47.65788346198219,7.031761022186522,6.779590862501972,5.74
Cotton,South,Black,821.0510778943114,23.53173828437536,59.23231892681603,84.98505871324154,39.1168827596309,45.960292935621865,5.895995910647213,2.7251014996016534,2.11
Sugarcane,North,Alluvial,808.3459904147201,22.615238644707873,50.4976808384823,89.40017501071208,16.637184764674164,39.855674755268296,4.5,2.379119461110424,74.89
Rice,South,Sandy,592.031464014095,23.79013522211105,40.06244579451118,108.88696096260429,38.981306099928965,44.00646046564843,6.594514428444211,0.5840489699411707,4.99
Rice,West,Sandy,1456.6837391967526,22.271746743633315,50.787411620129156,46.43321437808346,15.660417351206199,50.229082183362635,6.369890350098165,1.281666985838098,4.47
Cotton,Central,Black,1376.8837646548538,25.602255164252767,61.011950706699224,83.96308338579914,45.71968799368198,61.570351948952236,5.4140042102313295,4.626299499702008,2.29
Sugarcane,East,Red,979.9242670995859,22.796404620127454,79.6933642370466,129.23830069034636,21.10170422356758,25.898437236028975,5.97738201161528,0.736784875906034,101.97
Rice,South,Alluvial,1653.803619713699,32.84135459725328,65.68270044271853,99.95597752064648,39.82177898510789,25.36730029701848,7.273926614329449,1.1009765787318,5.04
Rice,South,Sandy,996.0698785804439,24.50825858366392,66.71725565395126,63.47819263177507,15.63285768666696,38.51389439570132,5.242754828841829,0.5934509676871658,3.93
Sugarcane,East,Laterite,1328.9299385214529,29.878508624724176,65.05060321745992,59.999672741027695,47.13379054392376,45.306298222323136,6.061953772718263,0.486441679816425,69.78
Maize,South,Laterite,1169.84840686054,29.919591829497797,84.19725453211629,92.94438521740545,38.82157303204053,44.22631060066747,6.847707996293299,0.1,4.18
Rice,East,Red,827.6506154892304,17.734436511064306,72.61794960817917,67.76717550599287,37.240385525447515,65.79297344101622,5.274992163450505,2.670440307045149,4.48
Wheat,North,Black,1054.7077053240732,30.56724075457365,64.77932060154201,76.42957663708273,42.10058919745536,25.62031630451399,7.9615394894485885,0.1902906312264342,4.2
Sugarcane,West,Black,1111.8172081767689,18.465600453499444,56.020007289832556,61.413529256806854,47.85644362277853,15.220023319137617,7.188480899648006,1.5156881332197467,83.53
Rice,West,Black,608.7197876862822,22.830796648082874,46.09259625993073,131.8489246082305,27.110725765548068,47.706969618909696,7.868774849721491,0.10215606788043839,4.41
Cotton,Central,Laterite,1086.3926625742656,30.336831044326566,89.78679719645191,88.66135978735795,39.74469524573228,43.34633235112289,6.481798197291314,8.255009457416554,2.46
Soybean,South,Black,1342.283359705986,27.624184038536676,77.05427069427739,81.31924124660071,33.00592882584561,37.95007764439537,7.716745535905979,2.471930097223604,3.51
Wheat,Central,Laterite,792.5409651379379,25.297791109454277,62.0990279158163,39.1898565982523,59.53038427086225,52.11158326217914,6.602813902905441,1.9905847224918491,3.64
Soybean,North,Red,936.8735301673238,18.085110711164745,91.90935771074328,59.36212471432582,33.87617692454993,15.496339102254673,6.272676045423472,0.41255669716929955,2.71
Soybean,West,Alluvial,667.1189257670912,31.82319310267475,64.8855908162381,78.47635617839838,27.93435848904371,14.02500859941085,5.597777328292307,1.5017816764639254,2.19
Rice,North,Sandy,855.1606472307441,29.170495942800088,52.748800313900205,78.506260308222,17.432230933682156,9.97800360045251,6.708068419304705,1.400577560071814,3.52
Wheat,North,Red,878.4389797398496,22.71769096542158,83.32492374918324,121.52228544623262,35.98827065023853,29.357145927920506,5.964478722162822,0.8883557971162749,3.43
Wheat,South,Laterite,1473.448745408079,22.192298281864396,45.785138673803004,83.09443747073624,29.636997792315462,58.325584097113875,5.929265129843305,0.33947086001980764,2.94
Maize,North,Red,904.8430392553576,32.134414430708915,58.98653956147898,105.95746538628755,45.42069348752299,17.752663050323033,6.610135882887633,0.9149834530858729,3.16
Soybean,West,Sandy,840.9036243979021,28.502021291913643,46.990149180914784,84.48249407393538,43.33095877936943,40.580972546220146,7.893244055281765,1.8786278376388377,3.13
Wheat,Central,Alluvial,971.8130319714777,20.19850376739988,53.00975080794736,101.52516281124895,47.96692710099266,44.57403553527066,7.552053558964067,1.3363253320555253,4.55
Maize,West,Sandy,487.6941876589465,23.34801086794524,67.9974514382127,38.30070293130618,21.112630511054252,63.20609847187535,7.154138255257679,1.6881459326604442,2.84
Sugarcane,South,Laterite,292.3858454932664,36.78645628682812,70.05786057486759,48.587540362816995,0.0,27.069298546737677,6.463399552602201,1.6973477658851917,60.35
Maize,West,Sandy,585.3654286170663,32.01118881966414,48.467115292138615,103.09518550292982,39.98528093608605,26.468713389406094,6.566756554702649,0.5612137540782416,3.68
Cotton,East,Red,1097.2308854779458,27.00285637612568,92.13740243099403,117.41351770577916,52.34776231685963,55.52560083316754,7.669144918430013,0.23526029370879714,3.54
Rice,Central,Black,999.1969282569975,27.11185459219803,33.66293867261541,37.338536121013206,34.09560901932257,23.91572998363708,6.902713118380636,1.4752492172735585,4.05
Sugarcane,East,Red,1260.731536418375,16.123095452120346,66.94356318993246,80.30494408877404,66.77600214196877,58.14198430405444,4.5,4.458151966281687,81.51
Sugarcane,East,Laterite,543.8886902936858,33.533122235098794,67.32727588973151,42.51091956116807,38.14809342254863,45.353547987412426,8.458371503148228,10.748652080741047,90.88
Cotton,South,Alluvial,938.7810411762217,24.742906281071775,68.9522376594044,63.395777111747975,28.961710174392497,13.516254951417132,6.4751830484571276,3.0826200160861355,2.79
Maize,North,Sandy,522.4533843307797,22.95665926507241,78.18993539822407,32.47890106571851,46.24665583655823,49.79784469740966,6.5414967053617294,0.499788359298552,3.97
Rice,East,Alluvial,1080.1961528134416,30.749864233352334,20.0,77.03900312674409,60.71539129014465,46.775392556516096,6.659815207168467,1.9902532104783852,5.69
Maize,West,Laterite,586.630460040045,23.85023179153018,53.389243549642906,75.38781068224245,39.35332615237536,36.36879719366931,6.551953864015393,0.5458927885666673,4.43
Wheat,North,Sandy,926.9895109127377,17.885170366701878,67.26901797654564,75.08483001735412,51.30520983435835,30.6089920220126,6.339167432206635,1.7181783027271027,3.7
Maize,West,Red,1061.9190669031116,29.049047227022108,90.5461517993967,72.68363386439995,33.65943272030177,64.2325788065052,5.301880191442777,1.3105010062101192,4.1
Sugarcane,West,Red,882.6402449796161,19.422688672172647,56.2726962674447,95.87277250938737,33.99845045729859,3.2696295539502884,5.491636503769827,0.9610962778880154,78.71
Rice,North,Laterite,321.4149085739423,26.706025802223703,62.11395292136487,122.86152036593263,56.77900350249022,17.30955326043316,7.871700664523132,2.052430314020798,4.08
Maize,North,Sandy,1498.6998234564003,28.588044358730816,75.88187447140864,49.78082586563498,13.428405302833959,32.072058963258755,5.923619951485522,3.899803673594232,3.77
Rice,West,Red,850.7872380871399,25.610799176886623,46.856536728576074,58.98729273745373,24.264227270187437,47.25284025057073,7.383981931224337,0.8233985133754878,4.44
Rice,South,Laterite,517.1478107729783,25.63316402612034,65.33668360382609,83.23487124709018,48.70872296683088,39.96296800051119,6.727977812099804,1.3320543557588584,4.66
Wheat,Central,Laterite,1228.3588002387621,34.75461827903578,63.42297818726494,73.29923305207693,34.8459936466226,29.401768142931786,4.646697505309892,1.216968327599781,4.4
Wheat,Central,Alluvial,1239.5709202814585,34.82649316784871,55.861655039467564,72.08448152392151,44.477700361358316,47.94918844709117,5.4919180216719985,0.573295814396293,4.15
Sugarcane,South,Red,909.3457297898256,22.41229775131763,72.5456111086927,47.18922584414186,47.99416903538895,13.936773993525549,5.853798452054216,1.0932909907411748,81.13
Cotton,North,Sandy,1460.8744676679235,24.02621708135959,97.35372895764327,68.60673203161932,20.22784610605835,45.452295073845654,7.072708619297699,0.1,2.32
Rice,West,Red,777.7912187384102,24.300662848539076,67.6056766151082,68.85704016857643,20.10456817349234,35.499925510386134,6.29690796554111,1.457266960008424,3.67
Cotton,Central,Red,1052.6945764884927,26.8428048710104,31.476422524813913,85.47022399527485,57.29410846675181,50.065745013537466,7.081266479256309,2.551601873340497,2.84
Sugarcane,West,Red,1153.2404918270272,26.590086811404717,51.93324822156841,57.31345072977338,34.208024544747396,47.40425238372581,6.2710562449965455,0.9165024664085453,87.34
Rice,South,Laterite,1454.1994655369529,35.585413280715834,87.18964154132713,102.30904108993994,29.862620561002984,51.42711726340245,6.997925082300865,2.745368243451105,4.51
Rice,West,Black,417.00718708584,26.072339696076515,61.406885079886585,48.38243473302494,45.55300419982186,30.83964106712604,5.646954161801389,2.7778445421081392,5.44
Soybean,South,Black,1687.5416733174256,21.848672674932615,47.40617569631357,118.8545595571047,54.69052831390533,28.948624654231583,6.1060734426705725,8.284805695180733,3.39
Cotton,North,Alluvial,1352.1618099477637,24.059921564654566,76.31823087172967,59.55685937731009,51.67916501082378,42.91667828512181,6.748298273527319,1.579070110788506,2.52
Maize,South,Red,1134.8367983632093,28.866901174611545,55.41998971213029,116.05702722204401,46.927326565192615,18.132772574370083,6.261196395160935,1.0352443501919384,4.24
Wheat,South,Black,760.1043242485999,25.71437695103381,65.52585295326173,61.252239206576675,57.36473278817756,73.22899378149609,6.521572708460883,2.0406615981823424,4.95
Maize,Central,Alluvial,734.8993753949078,28.568023655912228,48.02446824286332,100.76429504413237,47.64389598277737,64.11689189864197,6.535442753073565,1.9700830632565425,3.89
Cotton,West,Laterite,1086.3493985351884,25.77912516377069,58.72910204744761,70.87876273207974,31.688244888596785,16.654077253311286,7.125564487169822,8.738961209567272,2.68
Wheat,Central,Red,1148.1399992344873,30.623989227040518,64.54770706578255,82.01471418108393,43.93235140544064,43.42159217432994,6.535800627646737,2.459907438651492,3.53
Maize,East,Sandy,1109.4603999967846,26.558672928994607,63.48814358144627,95.04590570129074,51.75009183080216,57.73347539833878,6.4094869314065495,0.7322401350103744,4.28
Soybean,South,Laterite,1047.9258237868405,20.91798372196846,70.61971988828519,71.6609462466205,27.860991804119394,34.11253550235831,6.763670366448239,0.4153029914005571,2.22
Wheat,East,Alluvial,1129.5888291347105,25.265729054703044,68.01810558437823,32.41674567594199,31.486239660397693,28.750953961261196,6.928170915749066,3.1474291358115716,3.99
Rice,Central,Laterite,344.31322194263873,38.05702932175525,49.72295896756934,64.10051880789177,42.95709759428586,57.709765352254266,6.595725589513979,0.39631558903928316,5.19
Maize,West,Sandy,920.1686758283467,33.181123738953566,90.28725479565476,67.36200125215674,50.30873963819998,60.2936569823771,5.621027008508404,1.9747281701043338,3.45
Wheat,Central,Laterite,585.0304610034661,21.19166029228808,62.648446166607606,123.21319503938882,39.65115361447401,15.819234479776593,7.161190204145004,0.28385594074438414,4.07
Soybean,West,Alluvial,987.8384089606459,35.89196294830482,44.74192596614229,78.81968627551436,43.86882029272112,41.76081838979638,7.012767208420079,2.536705660329296,2.62
Wheat,West,Sandy,1391.9397088811381,27.685513085595943,31.66526130127555,84.26523375500246,2.6960026611191665,38.18913330059628,6.23627398613349,3.0547464407791156,4.12
Wheat,North,Sandy,727.393932797466,24.558081787745994,66.12773496477878,77.10953714196067,63.989438484707804,13.62288903919233,6.919925261999958,9.321345779789157,3.36
Soybean,South,Laterite,787.2131290081788,25.592090962115336,51.1060149310508,85.44805398016577,51.63416093301366,15.901231430499642,8.022756583934061,6.167684598648482,2.41
Maize,Central,Sandy,745.1449506273607,27.284111844818554,73.59207690540754,49.05555640463158,50.91658663081233,26.186744851763066,6.287319365056829,2.5021778194740945,3.93
Sugarcane,West,Laterite,785.2278683427365,32.420321235035544,65.72539369197844,62.82375148624069,49.63358351608692,40.23631366182765,6.46786883143019,0.6501587768103066,73.85
Maize,Central,Red,1166.2158102526398,27.950143970385337,100.0,96.56328251634935,50.96077647897912,59.373181561507536,6.710452303180421,0.1,5.01
Cotton,Central,Sandy,1236.1591541514213,28.667012417618956,46.08705608475354,74.41980754180756,60.86584479428754,0.0,8.836783278611152,1.6204477422864556,2.78
Soybean,West,Laterite,1440.7602040380762,33.05665015118968,80.86530105277333,77.46747096640603,56.78442157770671,41.77971111110275,6.646458464619237,2.9047009190262325,2.53
Maize,East,Red,698.461179530641,25.004549507287667,48.65602470383164,79.49519348220595,46.421715278975086,25.712707796631427,5.987735310931449,0.1,5.03
Wheat,South,Sandy,1205.1818561982684,28.512157735998166,77.4643522497688,97.20228514210777,52.08516710711635,47.96857985507904,5.463021805240364,1.4880443905770835,4.18
Soybean,South,Red,1255.110757853533,29.194379992817716,86.34682146375593,63.97922619166627,44.16566368075336,55.27231230359128,6.224475836944184,4.289247445707936,3.02
Rice,North,Sandy,1495.9889046385533,27.67364229885019,59.83417330453262,82.49810863461721,28.586918094436825,55.72061608393355,6.462436030386365,2.0279055003140685,5.41
Maize,North,Alluvial,720.8536196386581,29.495013153812156,54.06198066720296,26.168830366229805,32.37684738966698,38.53642968899046,6.986267715935802,2.3026406835665862,4.18
Soybean,North,Alluvial,398.9260375384696,23.54396320463136,62.65126897692885,39.703999345640604,33.69507489147154,34.962942798931856,6.513043595157217,1.2861715809612884,3.3
Maize,South,Laterite,916.7842701336119,31.899992316314037,53.85491630193927,73.78332448168966,37.44875752627906,59.99345937099302,6.5477279514564595,5.7346783941065285,5.02
Soybean,East,Black,1842.6062351315254,24.230724219063372,89.15923051434218,52.36879766838442,36.43823453907445,35.03278644150938,6.6532527700850395,0.938878750498525,2.96
Wheat,South,Alluvial,671.4211649041474,29.273275791783604,62.03630632018093,104.58173829806452,22.67702750532286,40.840737214060574,6.6260641736733445,0.9531605892220312,4.35
Rice,South,Black,1146.077484163564,28.051951950326263,71.59297005448643,53.29733676206079,43.15958252488777,33.06736363832604,7.4781700834233416,1.4585343632828065,4.93
Rice,South,Red,335.04142102749927,23.566935908076836,72.03331811930752,76.80548391176971,51.06831913552454,45.02741028555728,5.746987446001557,1.7634510484070876,4.66
Cotton,South,Red,1544.4519753758357,35.11230578301304,78.38282970139926,100.06070352819982,33.01686889424471,19.49946630038852,8.003979701310616,1.541893636490866,1.78
Soybean,East,Black,436.5386386589287,35.58281663556174,58.21983922730174,92.33180394009587,35.132744674565245,35.59687081182732,7.592224336202772,3.4144495204009853,1.9
Maize,North,Laterite,282.6611211660728,22.39582984463323,76.51075970147922,66.38164947466056,51.3155646126456,41.38321772424178,7.313024040605556,3.5977251241559025,3.01
Rice,Central,Sandy,1029.6607267395505,30.996473106743718,84.52059844186314,70.25272502239191,42.841069653895175,55.5082659936445,5.825049713213917,0.28235609676243095,5.37
Rice,North,Black,1035.5108638395088,26.38730772712627,62.664830969946074,91.8671608501329,53.2214784618681,37.423097889170386,6.3843765952987654,1.8134920762537614,4.89
Sugarcane,North,Black,1425.7868350398178,23.630843344949128,45.005033957289456,100.17212947649872,51.027312749649056,3.1907168267742776,5.9136815025656,8.257774207748371,73.69
Sugarcane,Central,Black,1254.8383971971714,28.84254856238648,85.52892204803774,117.42337983380591,28.134095806077184,31.143385446015838,5.819110638207325,1.830873526316462,106.88
Rice,South,Black,399.8271764911402,31.168955573105812,67.604608873256,100.13003392180192,43.395940901895756,61.88467725681474,6.27781229685691,2.330556382899047,4.33
Soybean,East,Black,954.439138361522,27.80541453516495,65.06297930493525,97.13451544734416,49.001785542466635,42.356373981599276,6.389957296001002,3.951888457165472,2.07
Cotton,East,Laterite,790.8732222465862,25.182508894820987,75.15143743996498,88.56518855866844,29.55356207003947,29.13744893934262,6.209281820589504,4.0288345413531435,2.0
Rice,North,Alluvial,599.4843040175413,33.647116966724106,86.43772202116759,83.02147022440931,22.49640911462125,24.86591410148796,6.524130222674415,0.1,4.1
Wheat,Central,Sandy,1130.1017741746887,33.8269889916168,61.670329663351175,70.72724292347456,39.72471631931408,45.60328902084054,7.162556456564167,0.5473807386038939,3.52
Maize,West,Alluvial,1312.894288741453,23.585542889452505,83.83462441134435,92.46135516571006,8.522799905067966,29.692416013250785,7.110686437497312,3.9737715666622635,3.65
Cotton,South,Black,758.4112562031116,27.454439734266977,66.08154704725287,74.08871593480795,0.0,40.41013995468937,6.804818049331205,2.199830300367054,2.44
Wheat,North,Alluvial,900.1449204994618,19.105172902723574,74.35705302440762,97.41209336201291,49.01186529094616,28.50511107220745,6.435062319198543,1.9977463456643965,4.31
Cotton,East,Laterite,920.1441303068906,31.17671018654641,55.895873134529204,98.05889655987379,28.60245835343877,26.615738134694343,6.184672614829314,3.931427895116425,2.39
Wheat,Central,Red,801.6744612538731,33.63750064674122,61.1926232466417,91.75567407962599,35.47263009877118,34.21600158664366,6.735736506538202,3.285473386521531,4.58
Maize,Central,Alluvial,871.7847893028809,28.94772216164813,81.27014729128008,64.44319545203844,43.61748006445106,38.15596716937139,7.288651347696765,2.78342284584612,4.31
Maize,North,Sandy,801.4822480413662,21.823060163022458,35.534602081567435,77.79288360931135,39.39171248389192,39.163927571696334,7.548407785360622,0.1,3.97
Sugarcane,West,Laterite,1037.390260598325,35.076483358192796,75.50671353484097,107.09634612746893,28.495150749976325,35.82473143477566,5.489043478563744,3.04335658236298,100.63
Soybean,East,Red,824.0671845549101,37.152081460403295,70.69281509065249,37.32721199735527,69.3960351463451,56.461498311463096,6.43493393428859,0.4478109407079011,2.24
Wheat,North,Laterite,1128.1277382286708,24.84061976720581,89.91534361268236,84.75194610936705,38.822215412835185,33.87310934431785,5.7895657495621125,0.1,2.89
Sugarcane,West,Black,822.967478160178,29.227304620431116,80.09146823346843,98.92638984835213,81.35091710082588,61.59592954176835,5.3297840206124265,1.3541141280985358,79.05
Wheat,Central,Red,1194.0221736093063,31.08336807710046,67.6528069265177,90.86555291969272,25.903329196860426,37.573043671950366,7.4188399095239,5.707081345863582,4.22
Sugarcane,South,Sandy,816.4946258478146,30.936888048551886,45.92240350998122,131.73403204371436,34.34870451892828,30.073272089298356,7.500431464739489,4.351079994069291,103.09
Maize,East,Red,1181.7208845682603,27.240972272445532,56.29127730691866,39.703492032049205,40.369018208932665,44.44972065295769,6.342756543712782,8.041136109718344,3.16
Cotton,East,Sandy,745.4226201043177,35.989369897605094,61.5961972062994,50.40883750846065,41.11739823347051,51.22321554556227,6.132558682193794,0.5661378318928334,2.41
Sugarcane,West,Black,1265.6087627833845,19.173522332969455,87.38037042436594,84.55800879044212,54.85071639753616,27.736529613025027,6.198462659643689,2.3774650814816733,101.21
Wheat,North,Sandy,466.5925102476824,19.23754640051136,77.0115080993433,103.29904579783044,5.06097381940846,18.484721449572124,5.089730720677567,0.11493257349163129,3.41
Wheat,Central,Laterite,998.2461084850454,26.921576251645103,53.07449783066219,81.43411137087003,62.906609818749104,54.94828761669179,7.373381984100343,3.253705356559566,3.92
Soybean,West,Alluvial,829.8547029605144,35.71781403621959,71.04213658955574,112.94988074034315,11.878091272224786,60.09546295692893,6.11495452401385,1.4836840531379594,3.32
Maize,South,Laterite,986.1456037172261,32.79846602171021,58.118494762552146,65.5688901945334,28.340380949022205,48.065622618905785,6.3163043752004295,11.191333935998298,3.28
Wheat,South,Laterite,644.2033640224874,19.533363220434644,55.312735982876696,73.17842208839834,40.777670241278976,28.81935072662239,6.739137822479893,0.5488591045842055,3.43
Rice,South,Red,941.6209190798285,41.217249072116125,74.42853557889782,99.06711782986974,46.15318832494152,37.725343620871456,4.863507269379442,3.070964968211048,4.25
Cotton,West,Black,667.193904048686,29.771716483472975,62.833822389114005,71.15643529582947,37.00890601278282,22.02007331983354,6.513938055038842,0.37496335582452917,2.28
Sugarcane,Central,Alluvial,928.548878015348,21.238902480385384,47.536078647381,103.422094982532,32.82149556524644,55.45010279967664,6.604981427941719,0.6770585083847993,86.49
Soybean,East,Sandy,900.6544186678722,26.53939366957722,77.40398038595445,97.3689826566961,40.10892372192492,43.28187578428122,6.056225356061673,0.7007129149686183,1.76
Cotton,North,Red,1098.9768420352816,31.835725958724286,67.28002494195235,69.59163518199622,34.034024862236066,46.73620884661936,8.202987278054525,1.724869761655245,2.38
Maize,East,Black,1019.7427940249637,33.262376854909654,59.50469155648906,87.48893818223976,56.2538661837966,41.944871631968404,5.5324044403859665,0.9086057365343929,4.67
Soybean,Central,Alluvial,1563.4907180814857,26.67011914051335,87.38705566347011,68.04964953919048,50.37536651722234,40.05590980346014,6.88084048672571,1.1550531205206935,2.86
Sugarcane,East,Laterite,847.0195733754999,29.610822441836074,80.96186287205414,57.69359249399925,46.70104049189214,43.13371345790456,5.673652314437303,1.4754775040997956,72.31
Sugarcane,West,Black,960.2114071686882,26.376090780314062,66.82396477637401,70.21709824260269,55.34207962349383,39.99262080381286,6.71899937140393,0.11572453949418887,100.69
Rice,South,Black,1955.2919705828351,26.670744864243996,39.32091488946438,75.51410267249773,45.222228083162825,57.50998040886127,5.616229572964101,2.189413806855499,4.29
Maize,Central,Black,932.9344210609969,30.62393989163274,81.65786149618748,82.79292608694702,36.42154976462378,18.96031862390181,7.251305449621956,2.095459540987015,3.31
Soybean,Central,Laterite,1285.966410675183,34.20357298886395,57.748683431628564,77.28313816808587,15.869817074132545,26.997459605332523,6.778676209054541,6.69352311929891,3.24
Soybean,East,Sandy,1172.964958435799,21.31268465105435,62.631933206917715,36.12480080710123,67.95058644988025,34.55903136081658,5.193277864389322,0.286325952602702,2.63
Wheat,West,Red,1700.4338560873684,25.8360627744158,60.459095158926964,104.77132981662572,56.84436752647155,37.22066715736596,6.612606759672404,0.1,4.36
Rice,East,Sandy,570.8062847087097,23.990316189054795,45.565827215145276,37.443372024977954,21.860448627507438,55.027933863931814,6.082972583019114,0.2859560248256063,5.11
Rice,East,Alluvial,536.625784964343,21.95997733045042,71.78759240889354,84.72087670264875,50.98495141400008,19.554666079203596,6.373682836145077,1.0979719475946996,4.71
Soybean,Central,Red,664.6361135822247,21.70478958407109,52.35994635034872,61.47563452173857,46.91422761793814,48.13707592351402,5.165489702234249,0.48142768493004984,2.64
Soybean,East,Alluvial,1051.8337327061515,27.12475490850071,71.01030240261717,83.65124233959084,25.85081913879906,37.91420674138617,7.618314537310129,0.4875037825657681,3.19
Cotton,South,Laterite,698.9793059998008,21.63720014502863,50.95890176546527,74.39631484635166,60.77957677741024,52.79612869116684,5.7306897837309005,4.07120152965734,1.57
Cotton,East,Sandy,359.9674421282349,21.46767258186282,58.1848562122488,88.69311521539183,42.48005117103588,45.9122759292595,6.309416850000018,0.7826245360242754,2.65
Cotton,South,Black,722.6927094747089,26.103238031990617,70.47674852844811,93.0113229024017,22.78050453153013,38.08794889213162,5.794331037243532,1.0784408296424444,2.14
Rice,Central,Red,1110.5750021434278,22.10276191487639,66.85337766139861,105.94764876355887,21.734700902666965,25.091275893394027,6.300074502296116,2.3049810067838226,4.95
Wheat,West,Black,728.9213382941053,29.542971565333552,74.32556258347573,99.32857147589968,46.23957255291407,45.13707078053723,6.409989520089002,0.8308552617610565,4.22
Sugarcane,South,Alluvial,1342.7236405194021,24.604270929963747,75.45831177530553,81.03465563752816,25.67708320792994,34.060467029481934,6.432055266249154,1.6164715557813307,92.92
Cotton,West,Black,662.3845783784468,21.027424805491854,84.98492410762105,103.5800812501412,28.97488863079562,38.39031833989316,7.624605487230846,1.4799605222166383,2.48
Wheat,West,Black,1004.2431838075302,38.62860199346355,64.98882777415226,67.27958038984723,46.36954285200277,51.739476625667756,6.4188198114688975,0.6063189924185546,3.47
Maize,South,Laterite,882.7224707787576,16.33620955482917,83.10468707013807,122.02265015657943,30.090955296766943,62.135020355996325,7.77551559508483,2.525282699561615,3.5
Cotton,Central,Laterite,1056.54404754775,31.281523247783397,60.16392643976709,65.14042093055942,32.952563601700064,15.538806381815139,5.366853945663815,3.592904031386102,2.02
Sugarcane,North,Sandy,1086.6562446803907,28.730505724740265,76.66793309597786,68.25563817968394,28.151994952914038,51.80086486343123,7.452515893621836,3.0599188103167125,82.37
Maize,West,Alluvial,1475.5589036170943,24.576274346599444,81.85345948743296,34.5760057013374,50.0875057001749,59.47739889975483,7.288000902985954,1.0060114917498872,2.74
Maize,West,Laterite,1206.9537891457542,22.46142862406256,81.79696350717848,63.30634226229694,58.577270228639755,37.53157812714139,7.375429001007608,5.40488708942557,2.25
Sugarcane,Central,Laterite,873.7701101761838,35.642098331173436,43.11785492761424,73.32361679139703,14.40399542534955,22.704068445542017,8.208045601056337,4.584566762672899,83.46
Cotton,Central,Sandy,1183.8588220745025,37.61947357202558,20.0,73.19216433319062,25.23798101569613,45.392107362527476,4.5,0.6207708920362541,2.72
Rice,East,Red,1225.074491015771,25.535948853092247,73.32621511550961,122.07253985581362,6.301855454782867,37.25745358855017,4.838980309961461,0.26464441962518825,3.98
Sugarcane,Central,Sandy,1613.4897636224223,24.80882225981962,65.03773273227438,94.62490251975805,41.89758455803735,92.68293845453363,6.545517121979766,4.485010430929208,103.32
Sugarcane,West,Black,952.8600261334358,32.64373077972337,69.20624134155622,103.47522115080577,43.07301093243142,45.0119020062404,4.825701739077014,2.7318595361554308,69.6
Sugarcane,South,Black,975.1254841009866,25.769987490461958,66.3750514850551,80.00300851194969,25.75425182478203,32.73225386361855,4.901312361747783,0.7450005276829986,85.18
Maize,North,Laterite,1393.6897888846624,29.91727312776716,59.91141055860414,62.47286487665892,33.44928814821955,17.956446867632582,6.314586079276877,0.7273322554685754,3.94
Wheat,East,Laterite,400.4437971200374,29.790075628166967,73.58875907251266,134.47238398504868,46.86987726643668,25.417756398644165,6.1056575368431005,0.7777121757688383,5.23
Rice,South,Sandy,938.6086054981741,27.18662383193514,70.08414388519482,77.47692633991497,63.282048064881906,53.285050692194616,5.046010679847704,3.9513736211556996,4.89
Cotton,North,Sandy,1208.299952105217,27.825494677852163,63.427940231129426,96.11187927287148,28.904516547382617,13.997773357617799,6.0011756651369295,0.5494823997714904,2.02
Cotton,North,Alluvial,1314.1638474867273,28.847969077523913,65.43406806819925,56.311654812622436,41.641859105254426,14.505431633676004,7.099172204205798,2.1058637229620296,2.33
Wheat,North,Black,337.19455442320566,21.55708101513587,74.25342917241665,50.7346481994546,48.18882523895734,54.9446039472237,6.8838386249092585,3.596889284287407,3.92
Sugarcane,South,Sandy,598.5197285684221,23.601339095709356,56.08729643791056,117.39553821828292,66.95815831729269,34.368754660823924,7.09196110350637,0.9799078971161947,125.23
Rice,East,Red,252.19293359979918,28.12880630572168,48.324237112267106,90.81258835357109,46.030667978953254,36.01093876583683,6.122894999619603,0.12692614194129992,6.16
Cotton,East,Alluvial,1261.881703157657,24.72860377143439,48.09296754965074,74.43866751364355,68.63624067261475,48.67923665159216,7.4611417184627165,2.844705495390282,2.77
Soybean,North,Sandy,1061.3370064153294,40.886763054584094,57.37151310945141,75.28418592680195,18.379225257845057,36.409049678267635,7.956029465601762,0.1,2.46
Cotton,South,Laterite,1425.7041466472722,27.66289249754039,87.26666478874778,54.122289801480505,46.17896507720356,16.074999238720537,6.6549407693540275,3.5542740616430235,2.4
Sugarcane,North,Sandy,1008.7502318932567,18.309024799757292,66.99154117535554,65.9735004722388,35.9614752680128,30.099636737839177,6.130407055468531,0.8952655203064762,69.93
Soybean,Central,Laterite,1672.2952157932543,12.930278409660072,54.81470105454578,90.64291144938157,39.632467164669464,47.03517984841672,6.470122402422559,3.2321291287421547,2.48
Wheat,East,Laterite,717.0908963220866,31.10530067819642,68.03454173511257,81.14124952607722,21.77381985221907,41.001782175371915,5.501544102308046,1.576503931695746,4.52
Rice,West,Black,889.8582591664967,27.706315406427397,49.33564050387201,98.82030653075333,58.33880027863441,62.487701117464795,6.223443029240321,0.8901264077097361,5.77
Wheat,North,Black,1123.8491337089388,34.20340264558976,62.21249056940096,11.481420779243948,48.72949821093166,46.17672905009893,6.990599452196047,4.59178505919603,4.08
Wheat,Central,Sandy,786.1738630876348,23.780002785790145,58.843677449256504,84.3575082014127,43.19989229149249,27.082818413098085,6.7827814333223495,2.9138155974819546,3.77
Rice,East,Sandy,1125.1498089468514,26.397055900310445,45.15081249744355,99.49583364464692,14.298215328678186,61.09504993077512,6.8960580509664045,0.16830171727096718,3.71
Rice,South,Red,966.8041951142355,28.39606683462458,81.39845802295278,24.846131537625197,53.70093809364447,62.10151247911425,5.202435870116425,5.3354897860467485,4.46
Cotton,East,Alluvial,949.3233185314951,26.224697617499825,59.35060058222277,54.14983094684173,30.0288797898965,29.43815257275785,7.056245104103415,1.2584964585014888,1.99
Cotton,South,Alluvial,962.4151246267559,25.81129096282367,64.42348277617953,43.848869901873314,28.239805094579953,48.44168475460554,6.060916686541787,0.3226000945404688,2.07
Rice,South,Sandy,1211.6200089921986,30.627993756931016,75.45221044158521,112.41321179377255,17.38610533831986,49.99453034646827,6.320257616103147,2.949915660666815,5.39
Soybean,North,Black,897.132885516409,22.831102326737287,70.27677203734031,81.80235916634246,35.002331622133624,45.09662286211805,5.917376692810503,1.458017762108958,4.06
Maize,North,Red,664.0159414520731,29.678404117685773,66.15803776221475,83.52838937396426,31.704137167791778,19.34041441140525,7.708751076828467,2.233962757410031,3.5
Cotton,East,Alluvial,1020.150698870313,36.14254121507056,61.42932762450336,108.36168003667493,60.12489861895711,84.8250026319622,5.4397371368366,2.368587190584319,2.65
Maize,Central,Sandy,809.8252460330177,35.27569066899874,75.92287027644659,77.22985864358053,24.943478322018446,33.5840460419185,6.418030716992348,0.43927756900093345,3.06
Soybean,East,Black,700.236470622154,17.970615021261807,64.89172418956035,63.75364536803139,29.21716788727872,45.40076153422039,5.4446346947923265,7.071684919819325,2.4
Rice,West,Black,480.70416606591687,24.55109336691358,67.16276673575773,84.28014360830609,31.144650980490002,53.78353272446449,7.272790218948385,0.22307708891557518,4.55
Soybean,South,Black,1279.3396681263114,28.45285893046073,81.69319001668924,90.75561794428148,27.71596497085138,33.80040583696876,6.602897098209379,1.8617659266379045,1.87
Cotton,South,Laterite,1198.7496646893132,33.38947449584068,82.54287692149268,51.72892139943667,20.08268015658731,58.599521599294064,5.620556397701579,0.3164219277177146,1.95
Wheat,North,Black,1422.2238753894774,28.04948991957802,69.03081186457938,119.16036304232611,49.73868963098108,39.98766830081688,6.563680228503873,4.196012494655553,4.7
Rice,Central,Sandy,1000.8325149496069,33.3988507688577,66.56916403488482,32.66892227467196,37.40442315999198,30.47111496360865,5.83794641040988,0.380496666533813,5.46
Sugarcane,North,Red,1323.5655238959075,23.65309884097985,74.83729154154123,88.16137002586527,31.909936246263676,18.5880741947582,7.167549017849371,1.163344301293768,92.01
Maize,West,Sandy,716.8996555062474,28.64898436699832,61.22515817593988,121.8426515954029,30.227907616402483,34.33800420101986,8.123832816009006,0.18175833369716385,3.36
Soybean,East,Black,427.5662825052075,28.77482628039417,61.264512012297175,83.02592866848829,41.88543593305415,45.445175389498964,5.437183292007861,1.1885352242744485,2.32
Rice,East,Red,774.5032329668821,33.56671817675799,64.05972152396096,28.628401241338004,30.337822461454188,35.27079948738969,7.620588278578766,0.1,4.01
Soybean,Central,Alluvial,938.2169014869204,31.542779018293256,49.723075757978265,117.1649707687357,38.97759128870086,49.81915814973082,7.477876440733454,1.1720690389616721,2.99
Rice,North,Alluvial,1108.1367032292414,30.45000719710102,100.0,67.9696452534381,47.163150416682655,64.8311935803408,6.236397319386959,2.32881393548569,4.32
Cotton,North,Sandy,1384.2560809308757,31.2466491644116,59.00450590983628,99.52197501054036,45.1656386209954,35.44727965447636,7.070603743923939,0.4038163093745117,2.75
Cotton,West,Red,1096.6241138142946,20.95199579704709,72.0144691292403,90.47312621476381,61.56651637685345,57.16405348524779,6.695789765677542,1.6103295769762198,2.08
Cotton,East,Sandy,1677.2190274246263,26.142691299257493,64.74603774891202,79.59449786210982,54.675452229917084,42.68515431714675,6.465773566162344,1.2863673194097853,2.21
Soybean,North,Red,1035.9460070893597,21.97546306859939,75.31929557634464,28.52674616970757,44.95767150754416,44.606915070338204,6.1110580037703635,0.8158789752121708,2.71
Sugarcane,Central,Red,1030.2206350311974,23.734399995052925,59.23908628278233,90.17384657649663,45.72540048837531,40.170956933332,7.060699819990747,2.222173254593723,121.06
Cotton,East,Sandy,1101.4607916613722,26.131277347613864,68.25214895786829,98.45252644662297,69.40774321448966,45.91246956314265,6.078795725240469,10.652694106407411,3.02
Rice,West,Red,1113.6857455357258,15.718014211697101,52.24671707249878,39.975481899647306,28.027781314996744,27.72091184101422,7.298195879214899,5.554128930281193,4.59
Cotton,Central,Black,1109.376551340007,26.311599050612507,83.21300146043107,121.86458142474388,47.45969285671891,29.064238869332886,5.811529099888268,7.019999614669833,2.93
Wheat,South,Red,630.3244014775291,23.085908682142055,74.92339618822197,70.3456152821547,27.061881329558545,30.99183292809084,8.171577496101335,0.1,3.85
Cotton,West,Red,1255.6578245488051,21.71947675375967,43.754521699352544,125.4100530332528,52.505129632749075,13.756182246192598,5.589811371038783,0.5924900990364096,2.61
Soybean,Central,Sandy,1751.7055953107447,27.47928440149725,65.21206715377092,96.67555806282114,49.57756571879544,21.83280451717044,8.764843465042203,5.121576608109265,2.69
Sugarcane,North,Alluvial,735.1048055477168,25.056329891114935,44.14282933788914,80.59182187348667,36.317534064195016,38.62619327984869,6.217966811630748,0.1,104.3
Wheat,South,Laterite,987.6284453088442,28.707508698376575,53.00756083922985,82.61896711593398,59.46567229625929,31.376883509730057,7.122347487276203,0.9076590169446352,4.25
Soybean,West,Red,588.1627475862147,23.755887619569883,78.8147724333599,104.62081630693697,40.90325246572,39.311981430944726,7.289645999709646,2.112267957989594,2.77
Soybean,North,Laterite,1225.5763928210918,26.122001256903424,27.709309336807408,118.19964911751072,45.03482931325895,49.38677798142938,6.6453023633175325,8.147551020831377,3.73
Soybean,South,Red,1225.2881682246632,39.293421871683066,80.67889010956124,55.70335355286214,15.762733372781167,43.72732685055951,7.399540586509248,0.6452980889598964,2.61
Rice,East,Sandy,548.789990436773,30.11550595404919,70.68194339234977,65.03571398933967,73.79051058350295,38.35506794417218,6.01850833247916,2.889405264886661,4.62
Soybean,North,Sandy,606.2643571584224,22.769638933529638,63.798215324563614,121.4507286741953,24.512538859661788,12.295525937517954,5.516854254864171,2.159791355802687,2.81
Rice,Central,Red,375.5006413529003,33.19716093349142,78.1683869775395,57.94589465634988,21.34841258659965,40.7446721773528,6.541283023820384,1.9010826431825916,5.34
Soybean,West,Sandy,1471.1138723749925,34.742041565052745,100.0,80.55356406425432,49.31931977422095,29.85397460613126,7.118670092078442,2.716849284092195,2.8
Maize,South,Sandy,748.3850251552044,29.993408483268396,45.06156640595066,62.81779609233781,42.57030381960491,50.38841644649711,6.033394607455441,0.585859978606805,3.84
Wheat,North,Red,959.7366395712368,23.090217776231878,90.402695097681,98.48036103907134,17.006731673290716,28.04206630524458,6.729091524540932,0.8270485409441773,2.48
Maize,East,Alluvial,890.0037841907231,32.16490171377196,79.49610900933793,18.407850200701752,27.139325871052492,22.82897577210878,5.449784385909,1.644070967175474,3.25
Soybean,West,Red,1296.5344065537624,24.113438753134236,54.42820295121621,98.36660830007814,33.93589978641242,61.302911369458954,6.6998383443654195,1.1560014829438496,3.22
Wheat,West,Alluvial,1198.0667315195346,33.75423460200348,72.87182595634067,109.00894367023055,28.85093397584489,12.951649395438576,6.155421871117801,2.5602125867148047,4.92
Wheat,North,Sandy,1182.0462774102039,25.795406094063157,48.31812585158992,96.4367129396185,42.94470485523888,65.34554840875929,6.647298188272819,3.2251665801937928,4.83
Sugarcane,East,Alluvial,756.3831424367991,25.602424804533978,57.61083172841406,59.213897651180574,53.96403642314796,41.5894516445102,6.59395734354787,1.5015949594497966,87.73
Maize,South,Sandy,1204.3693827803093,29.62028676223064,33.42443965625626,0.0,72.9737520678029,34.95246320255235,5.746173412312477,1.0016065129879026,3.43
Sugarcane,North,Alluvial,1278.5312172842682,34.051329204841295,44.77134508844563,63.062963307441926,17.040464934007286,33.51183691517105,6.617529321063473,4.857339580155723,53.77
Wheat,South,Alluvial,1195.509110434208,38.841091876959524,70.72547422266703,96.29444979762013,39.007578683152744,53.200127329391634,6.080036392539777,2.771380961777828,3.66
Rice,West,Red,613.2813605115882,27.135073128841,72.05333759052175,79.38594005334708,41.26869127388277,43.26155011130633,7.239629821882009,2.2370757065914657,4.72
Wheat,South,Alluvial,661.0769002806142,24.951633626401925,71.88727519995038,101.9702020621368,41.06749084284456,42.60905132114935,7.249096539044123,0.11801294018695023,2.84
Sugarcane,East,Sandy,1521.1371570547103,22.89664607022298,74.54269588450522,74.46929249866199,42.990998246131674,39.014914374096826,6.664436562980055,1.500892317328471,91.45
Maize,Central,Red,1583.1837691001524,19.59062736589175,66.77678597912991,73.20411431059834,41.24560258794038,33.087209251313254,6.576774356410938,0.259083332478079,4.36
Soybean,East,Alluvial,979.0068488963128,21.969816132112697,75.17532834277485,120.004683913537,57.42147501969315,58.75127437457029,7.0967372031635945,2.1606018284507713,3.88
Soybean,South,Red,978.6186302954455,28.178198242923138,81.09645619505702,62.73812459908643,45.80877848386181,32.876657384182394,7.257323336733501,0.712284183700521,2.61
Maize,North,Laterite,1047.2244419598658,32.27325746256393,68.6960697658842,96.16391628170638,17.314055314275546,20.75526945229643,7.7438031924575474,2.6826763490059906,4.5
Soybean,West,Red,1173.7012101940445,22.481298331763973,58.4843635478872,99.60228830893234,20.23720249165721,44.58577676477404,6.302819529084744,3.0115265592839204,3.01
Soybean,Central,Laterite,567.2490687029444,30.935658922268605,62.81925967543948,139.2847102951124,53.61362298140773,18.53322208104741,5.493750300884666,0.7145200976845772,2.6
Sugarcane,North,Laterite,1069.1256503091004,22.6904900413768,52.45626642101612,121.39245494561689,47.39499770607537,62.10995972555048,7.26931454657402,7.481751104357425,89.45
Maize,North,Red,690.7745515879053,23.29829455941801,77.77091004225495,93.72567474882442,35.85954893262179,46.1681794616321,7.765466574375394,1.4542136432760608,3.75
Cotton,East,Sandy,993.9275575934533,21.652257787654573,40.9182294436357,97.74364358068884,47.08368641826529,8.251974531889278,6.556652862541922,0.49146936903473737,1.66
Rice,South,Sandy,734.8509181513407,33.659200801120235,62.60962062542283,111.54699201300356,49.17825690602119,45.71287831440342,6.4606097297546246,2.985060047733894,5.65
Rice,East,Sandy,805.5148872090833,35.032021707383294,73.53703221050884,63.960203424758106,55.16377580512596,34.40202400785796,7.779947079167169,2.860436481428695,3.15
Soybean,South,Black,1054.4762232123476,23.354435503899133,49.69881986570029,124.03590929365079,36.53138564655985,59.11578866487007,5.637016857844726,1.0685094920110694,3.1
Rice,East,Laterite,814.808898994355,22.95429569345308,44.030001155152775,79.22009681143345,51.9522655440277,37.89268466937294,6.259182821492134,2.149472730044673,5.54
Maize,North,Red,670.3451316997948,30.112856608210294,30.805423925753722,97.04347844339745,38.0846177244248,38.22985861112244,5.991401850924779,0.1,3.76
Maize,West,Sandy,1436.0527905865079,35.64015598518696,60.73509088939499,89.0370309637453,17.894125134213873,33.99635500033878,6.522869419476969,0.6884480885924968,3.92
Wheat,South,Sandy,674.6371669025784,35.06959549885447,47.84735367934493,61.07460120644109,45.81945135023599,35.565514618819115,7.329012887492397,4.265232884379684,4.47
Wheat,Central,Red,306.8629783434509,25.074700650089643,78.15125280445196,70.47534562211091,58.99301940155658,8.752268629201133,5.504781365430169,0.5282230104443598,4.22
Rice,Central,Laterite,1170.6294388749277,26.08226016822589,41.726564090663196,60.06545357632168,51.692731880288015,31.46215520822051,7.326435759649731,4.720135048576277,4.93
Cotton,North,Red,913.096027008892,20.842292263098948,72.93011502446467,85.48199283836658,57.99018841934823,24.94071587219042,5.834375696842644,1.7344124828651255,3.45
Wheat,East,Black,991.1987184140922,25.01831141438043,45.46940878273453,41.70298854556004,42.643293138964594,33.70601352914619,6.852857456226822,4.664260677342571,3.12
Wheat,East,Black,1047.4549008390788,27.483159005821115,42.303447975571956,55.276000493822366,27.327582213545053,56.38550878155809,4.6756461621234475,0.2805277572058525,4.14
Maize,North,Red,1381.1964633077218,20.251118666196977,46.947531266115625,68.91562606477227,42.897633008247176,64.28137839482258,4.86123906155941,1.2469765319857242,3.96
Cotton,Central,Laterite,1559.1394599705868,24.2750611911505,81.1300027505335,76.05666212151665,34.38295057132395,43.13666968663277,6.379061772313188,0.7032585039854305,1.77
Soybean,Central,Sandy,1076.0333947265467,28.1110721431672,46.95760809283503,116.39601003801114,44.91661393964161,30.96020194628522,7.514252945216928,4.359352104044586,2.84
Rice,East,Black,647.2818814892644,19.4001271736336,82.12884002675176,104.87412782240844,40.88094634132225,18.768672758209853,7.346008319696132,0.835761078943936,3.86
Wheat,South,Black,1043.7890525253076,29.345297571480838,68.03977514432538,77.06741963294415,55.435408312701156,32.631608948329756,5.228421162894609,1.7757123279551668,4.08
Cotton,West,Laterite,1176.754645111078,32.10197174607894,57.22437555195786,125.36012396662458,19.250694184684722,21.278347586231952,7.387139486797437,3.5163671396469,2.31
Cotton,South,Black,1301.0906930406659,29.850150468772036,49.21598184993962,88.39023610902767,4.9404872027157225,36.63618004844326,6.920981840126139,0.5201935959434013,3.09
Rice,Central,Black,1041.1881626047966,24.516037652082847,93.5664699972301,96.85307666006162,41.178489629294944,39.11446746496783,6.85040783417312,0.1,5.8
Cotton,South,Laterite,831.837675961668,32.85998363731127,56.17473276092279,32.722293718796244,34.66429825592866,42.80353089310155,8.328910938313701,1.3629895679249824,2.25
Cotton,West,Red,727.9636738129132,33.937233616865136,56.23724745161897,56.456267467248395,32.21262841893108,41.51338205082758,6.0004136057729305,2.3019086102724287,2.26
Cotton,South,Sandy,965.0337743391789,28.588944826814895,86.76749427324636,106.19122136852805,29.40011368357844,11.103394723800736,7.278871270581251,2.5406676557930417,1.62
Wheat,South,Sandy,549.6986656304286,27.745192112004606,89.42607184795135,96.36906570106919,39.45958273845153,25.60093927438517,6.530785256113598,1.0798094308948176,3.01
Rice,South,Black,1118.314258173688,23.90146475066083,62.900797450381404,124.88053914815723,46.18695697363094,25.882576846286746,7.801092035262657,0.1637642356627576,5.29
Cotton,South,Sandy,1053.1948436420246,24.966616210155873,82.76352425202248,122.93751402562933,48.24901282866381,33.297813176572845,6.779072761579689,1.0321716955737246,2.73
Cotton,North,Red,1051.7038681314073,32.36087631585875,55.81201376806396,66.73246093282056,0.0,41.52816634350479,6.0846477531625025,0.26019609297854474,1.71
Wheat,Central,Black,1215.2880453452956,36.24693342134627,98.70458612714307,108.77790910385944,38.44472943893904,28.45778883332011,5.97642282791082,0.1499200233277891,4.43
Rice,West,Sandy,1435.291287621973,24.92511342692309,45.330991255331114,55.43570194991884,13.258484920204367,87.41053170154309,6.686158811829855,0.7231889999014613,4.45
Maize,Central,Alluvial,978.8706318863888,26.143506643117327,51.28893203212775,40.29877774368984,53.3552475453009,58.42265557554729,5.866454747203238,3.0031404216252664,3.17
Wheat,North,Alluvial,1023.0799827339031,23.763809016753026,84.69107902805659,87.97689452040443,49.32974317137964,24.447598355052886,4.5,2.9250081883272965,4.12
Rice,North,Alluvial,889.1003956072473,24.84593629725559,60.66097043687441,99.13462313152627,24.013415373181047,59.91920920990974,7.5527921625588075,1.873175057229029,5.26
Cotton,North,Alluvial,1165.4533719550661,20.709981918000885,85.58245272216583,88.36846572273137,41.32901418325811,64.97196539676868,7.405473838944394,3.500156462456938,2.25
Rice,North,Alluvial,997.7150997763342,29.145819967244066,58.00710884418186,103.9041536380655,9.95179767170291,21.24012100218133,6.501031691557472,1.3895904006147526,5.25
Rice,South,Black,1346.5179003156518,20.659431810244357,74.88895413567062,65.45952266396968,46.552551740789355,22.2290885615995,7.068552674817207,0.5579587359081826,4.02
Soybean,Central,Laterite,1340.2140782595534,24.25878219276377,54.60512134098339,105.47033442406233,46.77009372939867,41.872353806902055,7.112551640668357,1.6878057538920628,2.85
Rice,East,Laterite,1094.8225020225536,26.69435685124756,63.863850408388856,67.00237130146947,51.37124192983643,55.90426982853889,6.541160854014906,5.134296033724907,3.13
Maize,West,Black,976.1165681921074,20.429795840403674,45.79249342778811,139.72061970281084,49.32290925706994,44.90336351462716,5.104159072992204,0.1,4.2
Rice,North,Black,918.0257657582063,23.130678318643213,64.28209365841877,101.40129910459122,31.923490012983024,14.160124452193994,6.777154898848902,6.6967454642072,3.59
Maize,Central,Red,1144.109957236233,21.37321234507771,51.83276694467395,119.43325193953893,24.56516867445945,28.091846561896944,6.293513649336275,2.727634980355617,3.36
Cotton,North,Laterite,1144.9079977172566,32.49805368653477,96.08826170014665,48.888634782380976,29.55527057253431,31.174704861790467,8.10821535580531,2.3182650588035005,2.06
Maize,North,Alluvial,917.9101780469758,34.12337694436517,60.18964353447229,69.48247157510619,38.11812459184469,52.605769303233046,7.027287745242675,1.9029754346536956,4.32
Cotton,North,Black,1086.532967718399,23.053448839017484,47.03510943894695,77.85724771673641,21.042028874349363,18.696709869539216,7.0304399033011835,0.5961031392121293,2.19
Cotton,North,Alluvial,767.733417353533,40.81657336192798,75.37762297446521,50.95825345800305,34.81096219848832,21.097869393695593,7.690088488402417,4.338616837306911,2.46
Maize,North,Laterite,1135.2787358636388,22.329816087221765,46.88174039609913,120.36574219972817,34.814072897382786,40.89231847451372,6.588800168609355,7.112971325563176,3.14
Wheat,West,Sandy,792.9429838324546,24.8836949453192,78.15470011530938,81.4185967622783,56.765419805813,39.94346402565797,8.094036058325877,5.157564320103726,4.31
Sugarcane,Central,Sandy,1231.610694227026,29.46456788772747,56.63142147268404,42.26044635778015,47.06016669420126,53.53470015651616,5.6814161837618355,0.23040269584736606,96.48
Rice,North,Black,904.9857006581624,29.93645198101983,64.43420805667276,67.58299190347333,29.2090436512983,30.661482008230852,6.4099402467010185,2.667497567948536,4.59
Soybean,North,Red,1502.1532779304112,25.404896693245355,62.153895370340734,51.91743855284446,44.37590388696911,56.200655692476474,7.572025825071242,1.6268159161732378,3.34
Sugarcane,North,Alluvial,1011.7293986801207,32.471216469214326,61.193623091317995,98.62942747047256,46.312330161084645,53.69555519030908,5.517182813050676,3.105519294216575,85.5
Rice,North,Black,1071.3894675699664,32.99356759732524,65.93351503197705,95.17535857579954,13.972544896449445,38.45124343882309,6.2178139582152845,0.8686132968954814,4.79
Rice,South,Red,580.401428463139,26.961625302391067,55.05168713424901,96.19004714122826,71.1361128576774,31.916728940971225,6.888371448126118,6.291641570475639,2.86
Cotton,South,Alluvial,1421.9629441530024,26.249486000591332,48.61981113621404,104.51650708558033,37.26749824513557,65.30293370223558,6.926149016315802,0.7497019176967546,2.38
Rice,East,Laterite,988.6195913117126,23.94728659311374,65.5825815968062,134.9302173219785,26.48785078664168,47.010553981171554,5.98857643811752,2.678658045676089,4.23
Soybean,North,Sandy,1521.851378961419,21.79876288160621,59.0338325625214,125.36334542098479,40.3028045449968,35.675796172861574,7.6656182116198615,1.4015937916363963,3.43
Rice,East,Red,1014.473106425267,22.99769247590939,45.81557936807083,68.80259781046911,26.219139173062395,25.446598157575885,5.701752582274685,1.9188420233893781,5.15
Maize,West,Alluvial,935.7619245193562,29.722657792035218,74.2140890047908,133.23567804884442,13.60848688750233,59.53499946538511,6.676607420379553,0.24584397410599776,4.78
Sugarcane,East,Black,846.557903117696,27.003516618012608,64.7548435905731,74.99284264761272,48.44840691060076,30.31183792157765,5.9729159071577165,1.8875169518030424,57.09
Maize,Central,Alluvial,1192.654838529859,25.77897334250273,48.69979686121301,82.62298951634924,40.635568144208996,31.92965541048048,5.024518920645847,1.658094199714078,3.88
Soybean,South,Black,1156.2270320144385,24.144878902735517,61.4342163534985,81.77830981204171,43.91794065558075,28.660065649908773,5.941247181181009,2.53827835565013,3.18
Rice,South,Sandy,599.789611354447,24.2529915742255,62.83176373104229,96.6174758388911,14.628184531998905,34.35203005768528,6.247079132495238,0.6785225949987057,3.35
Soybean,North,Sandy,829.3328771130176,26.774259124197137,49.538253065846376,33.32988617645448,46.8358745136149,46.003091801317225,5.4634716677694595,3.570968992774314,2.21
Cotton,North,Alluvial,1216.7452730698203,26.379428699429358,100.0,80.6226218898088,36.59475265069618,32.30361317224059,7.493176819683545,5.81088706404446,3.23
Maize,West,Alluvial,806.6572689353852,26.994798937995924,64.8831723485266,87.3839381389349,21.199524439220248,38.52733368660716,6.636669723189091,4.27447929518151,4.25
Maize,West,Black,754.8889207051607,24.77689686113132,61.70120903566142,37.87994057143212,26.350837115110707,29.41825998027563,6.736236797043201,0.9930314181836467,3.36
Wheat,Central,Black,1058.8731550706186,23.645937950773995,100.0,37.41432184423253,63.582109481532584,47.32154871053938,6.430143870416305,2.8726958332297574,4.79
Rice,North,Red,1026.1435008149783,27.042122353474003,71.8487842350058,59.356798219399295,33.443864556208794,38.48855019857187,6.411364048442244,0.9083524547089793,3.9
Cotton,North,Red,860.8038145806487,30.248984964340867,83.13116620350627,61.486715446744526,62.91019592301173,21.527882867688373,6.955845130198894,3.9772059094275747,2.48
Maize,West,Red,1530.2158997978454,24.457039258460114,66.41448036931737,81.07231086063446,25.619707969402228,38.123165815850356,6.103595151006927,0.9412531133938989,4.13
Maize,West,Alluvial,955.2968151044197,15.063209358631816,65.96351545755466,76.67319371964437,31.3854323682501,43.49602164631803,4.6899176903966024,0.4116921023672526,2.76
Cotton,West,Red,620.5017531216879,20.162632079033074,52.17046904245995,109.35038819588428,33.76282716750419,33.809349832372035,5.016415071808661,1.3430139003267023,2.01
Soybean,South,Alluvial,514.3264909082442,32.371255547783676,75.03329137548579,70.50084509138928,51.621811379875474,8.824007366573909,6.749973654158255,0.290253862905581,2.76
Soybean,East,Sandy,1306.742838275819,31.96869008140679,92.73040560946839,70.96703294274009,43.7244594390949,58.77894438701694,6.2721108098553655,1.7682452842018468,3.53
Rice,East,Laterite,670.7821758073042,30.23378890717168,88.656551861174,105.0973060695348,42.52526771662217,24.90493294253422,8.624711176444983,1.718712441366636,5.61
Wheat,North,Sandy,1009.1324678284442,29.563319391819185,46.841177255188484,32.43269737875904,55.5609290378478,49.24202446443304,7.221493313327922,1.3498741990752916,4.89
Maize,South,Alluvial,737.8067403195626,32.08854132466501,92.89341784071578,124.34007880030339,49.09665415929049,34.30747865505964,6.818032015846142,1.8513195974583379,4.37
Wheat,West,Alluvial,969.3665298649902,25.284199667295443,52.58935901070815,41.93696162184651,19.59690754670412,38.563498732608345,5.201326127694372,7.403144691529595,3.83
Soybean,North,Laterite,1104.3960723395865,27.694575233887658,50.89065510878077,105.52150369726449,54.319890171993514,37.022551084931564,5.973300795108042,0.9666715487854863,4.53
Soybean,South,Black,590.3374433587653,23.141195781950078,51.712052663743954,101.10397660160025,23.940404353076605,55.04513528232792,7.289879162500336,1.0990450912533372,3.07
